fecha,Términos de intercambio,Remesas,Diferencial de tasas,Déficit fiscal,Dólar amplio,VIX,otros_componentes,suma_factores,ajuste_total,cierre_contable
2006-05-01,0.0006696054280218274,0.0017292135536352258,0.0019792159234840105,0.0035266929187369694,-0.02884249863252798,0.007630027992401121,-0.0005941980394302469,-0.013307742816248826,-0.013901940855679074,1.734723475976807e-18
2006-06-01,0.00017734841222654855,0.00763909585824538,-0.0009098008680531319,-0.00237203088455013,0.01534381288497781,0.0060382072480420984,-0.0005941980394302469,0.025916632650888574,0.025322434611458326,0.0
2006-07-01,-0.00182488122084034,0.005454490932665934,-0.00040967641426953603,0.0006535410083300116,-0.0032847205954939546,-0.0037925134387407555,-0.0005941980394302469,-0.00320375972834864,-0.003797957767778887,0.0
2006-08-01,0.0025672346353937847,0.0038549581697055065,0.0008246733014516674,-0.0006485928464629752,-0.009421533619974533,-0.005290071909735119,-0.0005941980394302469,-0.00811333226962167,-0.008707530309051916,0.0
2006-09-01,0.004925214956643979,0.002605720796467784,-0.0006991101407145186,9.003900333267777e-05,0.0034858357766043365,-0.0035092966289783224,-0.0005941980394302469,0.006898403763355937,0.006304205723925689,8.673617379884035e-19
2006-10-01,0.0003764036592461292,0.00261827753217508,-0.0016759489674662942,-0.0011209401942075163,0.004341296699243023,-0.002869325644480247,-0.0005941980394302469,0.0016697630845101748,0.0010755650450799286,-8.673617379884035e-19
2006-11-01,0.00025172459095052386,0.003378115800549137,-0.00255382699804388,0.001171797951244413,-0.010444981012961868,-0.0016951329186796534,-0.0005941980394302469,-0.00989230258694133,-0.010486500626371575,0.0
2006-12-01,-0.0029338126905332877,0.002799778961223992,-0.002394212810666142,-0.0018966344610431166,-0.009422542847670143,0.0005173522924034257,-0.0005941980394302469,-0.01333007155628527,-0.013924269595715518,1.734723475976807e-18
2007-01-01,0.004441610535589215,0.0019628813818703423,-0.0012162601078184003,-0.0003839903925747893,0.01360490193715296,0.0002719255529959846,-0.0005941980394302469,0.018681068907215312,0.018086870867785067,-3.469446951953614e-18
2007-02-01,-0.0037431427965193323,0.0027366059349201916,-0.0014971810776032268,-0.003390406244913785,-0.004664209341151664,0.00038974108935389503,-0.0005941980394302469,-0.010168592435913922,-0.010762790475344168,0.0
2007-03-01,-0.0002692186529915402,0.0024863893741350067,-0.002400711388295092,3.614325189501453e-06,-0.0060905793468863205,0.011773949033615552,-0.0005941980394302469,0.0055034433447671074,0.00490924530533686,0.0
2007-04-01,-0.003413220868827001,0.00102208118658972,-0.0026877889053073477,0.0007902472542074538,-0.018255630916317777,-0.006101550070792069,-0.0005941980394302469,-0.028645862320447024,-0.029240060359877265,-6.938893903907228e-18
2007-05-01,-0.0028903563315180202,0.002403818419681661,-0.0020941381383959776,-0.0011743111210701157,-0.01218206423686333,0.0010668425789381697,-0.0005941980394302469,-0.014870208829227613,-0.015464406868657861,1.734723475976807e-18
2007-06-01,-0.00027370794283195307,-0.001887551449124335,-0.0031922837475548502,-0.002806046045546921,-0.003741443545423365,0.004486603333176554,-0.0005941980394302469,-0.007414429397304871,-0.008008627436735118,0.0
2007-07-01,-0.0011656440617532331,-0.0005190677934768209,-0.002745364022897173,0.001073831026249092,-0.01683184151225622,0.005547385665918812,-0.0005941980394302469,-0.014640700698215544,-0.015234898737645792,1.734723475976807e-18
2007-08-01,0.0029802463754629934,0.003817673458393822,-0.00154506533381655,0.0011294805778924737,0.0075588062631668776,0.01422234843723557,-0.0005941980394302469,0.028163489778335188,0.02756929173890494,0.0
2007-09-01,-0.004076227355198947,0.005335626727926947,-0.004689464825158086,-0.0005774345824054047,-0.018123021518968177,-0.004598424235866856,-0.0005941980394302469,-0.026728945789670527,-0.02732314382910077,-6.938893903907228e-18
2007-10-01,-0.002972264562959881,0.005127579425452591,-0.0007916863693935955,0.0011653049275890232,-0.028394027625474542,-0.005736331409674478,-0.0005941980394302469,-0.03160142561446088,-0.03219562365389113,0.0
2007-11-01,0.000588806078604866,0.006322789518727379,-0.001781294331135614,0.0003366780104502034,-0.01913768834142587,0.011178115876056296,-0.0005941980394302469,-0.00249259318872274,-0.0030867912281529863,-8.673617379884035e-19
2007-12-01,-0.0009295493595271707,0.007895952527043464,-0.003084278147429237,0.00037131007850379333,0.013553013755864225,-0.006400537647856662,-0.0005941980394302469,0.01140591120659841,0.010811713167168165,-1.734723475976807e-18
2008-01-01,0.0011908271298662276,0.003259536339168743,-0.004535703157984193,-0.00039079126821326825,-0.00863712551509539,0.006749540187457214,-0.0005941980394302469,-0.0023637162848006684,-0.0029579143242309145,-8.673617379884035e-19
2008-02-01,-0.003344534026010861,0.004675710978817403,-0.0029688238852260203,-0.0011857347864484074,-0.010791359724753225,-0.0005389791194644951,-0.0005941980394302469,-0.014153720563085607,-0.014747918602515854,0.0
2008-03-01,-0.0038276972633118894,0.0035274376826502796,-0.009926791588646502,0.0006488824993765025,-0.02620105421136848,0.0024056416702332734,-0.0005941980394302469,-0.033373581211066816,-0.033967779250497064,0.0
2008-04-01,0.0011407940803982238,0.0030518197964583263,-0.005709014206877168,-0.0010854363368288788,-0.004297962653707019,-0.008772921093312031,-0.0005941980394302469,-0.015672720413868545,-0.016266918453298793,0.0
2008-05-01,-0.0034968292459238983,0.005238609381017521,-0.0032657062737486155,-0.0032070028462379235,0.004071862177996604,-0.006286638160825711,-0.0005941980394302469,-0.006945704967722023,-0.00753990300715227,0.0
2008-06-01,-0.0014047322316617875,0.0038352611173641414,-0.0029688238852260025,0.002317556413210525,0.0036405090188765844,0.0072489231142356045,-0.0005941980394302469,0.012668693546799066,0.012074495507368818,1.734723475976807e-18
2008-07-01,0.0013796975336136251,0.0016076862622039574,0.00019792159234839667,-0.003318597297454723,-0.00909423780036615,0.003656612020928756,-0.0005941980394302469,-0.005570917688726138,-0.006165115728156384,-8.673617379884035e-19
2008-08-01,0.008097497325092826,0.005548198330858191,-0.00022026757858129546,-0.0006166559329899511,0.036209621386512486,-0.006193197054864609,-0.0005941980394302469,0.042825196476027644,0.0422309984365974,-6.938893903907228e-18
2008-09-01,0.002001179591285927,-0.0024512459778588723,-0.0022537523257737157,0.002299982973583135,0.03282162558772443,0.014545988326892006,-0.0005941980394302469,0.04696377817585291,0.04636958013642266,6.938893903907228e-18
2008-10-01,0.00895917590743391,0.0043010700825959515,-0.0018802551273098035,-0.00044581424415124924,0.09127070803070005,0.027031098175343493,-0.0005941980394302469,0.12923598282461235,0.1286417847851821,0.0
2008-11-01,0.011584969393933862,-0.0003713372213431616,-0.008312706878632836,-0.0003100517379497417,0.03496497501330342,0.0009240422991909044,-0.0005941980394302469,0.038479890868502446,0.0378856928290722,0.0
2008-12-01,-0.007655366783857007,-0.007912069623517919,-0.005739726178103626,0.003069389152484975,-0.014046921384673545,-0.0068613177791838325,-0.0005941980394302469,-0.03914601259685096,-0.0397402106362812,-6.938893903907228e-18
2009-01-01,0.010789344025659776,0.00027695116221245587,-0.0006799564382291805,-4.707804766483732e-05,0.00879210029792097,-0.006115007388116739,-0.0005941980394302469,0.013016353611782445,0.012422155572352198,1.734723475976807e-18
2009-02-01,-0.0005946004328661014,-0.0035817856716325205,0.0032529371387583898,-0.002749777488578583,0.03287084671823783,0.0007544761260331207,-0.0005941980394302469,0.029952096389952138,0.029357898350521893,-3.469446951953614e-18
2009-03-01,-0.011888939880755824,0.000987612539319849,0.0054640496744755036,-0.0006629204048900007,0.00575535853216344,-0.0006580547752567178,-0.0005941980394302469,-0.0010028943149437484,-0.0015970923543739946,-8.673617379884035e-19
2009-04-01,0.0013248094758845541,-0.00020774840145218086,0.011911550763465553,0.000661057427102603,-0.034009989373269225,-0.006246731005451068,-0.0005941980394302469,-0.026567051113719764,-0.027161249153150012,0.0
2009-05-01,-0.009183209279248646,-0.0038741374503171973,0.007364598605609054,-0.0016841015249809297,-0.04068820792483587,-0.006683007434948242,-0.0005941980394302469,-0.054748065008721834,-0.055342263048152075,-6.938893903907228e-18
2009-06-01,-0.004410282036338886,-0.003810916356086838,0.009235276881676184,0.003994534022618776,-0.019874046616789435,-0.003564488624448729,-0.0005941980394302469,-0.018429922729368928,-0.019024120768799176,0.0
2009-07-01,0.00610646833670164,-0.0029975524950197866,0.01247012441253178,0.0036550512231207566,-0.005080514943484579,-0.004134942403260673,-0.0005941980394302469,0.010018634130589135,0.00942443609115889,-1.734723475976807e-18
2009-08-01,-0.004741207492705882,-0.009339523397069604,0.003133758545516345,0.001662556521032295,-0.017271692199515593,-0.0012300053537453103,-0.0005941980394302469,-0.027786113376487752,-0.028380311415918,0.0
2009-09-01,-0.0027526799940474148,-0.0041417786801199305,0.0,-0.001793601771150814,-0.0096152373790381,-0.0006265513462463252,-0.0005941980394302469,-0.018929849170602586,-0.019524047210032834,0.0
2009-10-01,-0.004128257451198813,-0.010574027597175363,0.0003958431846968021,0.000585239705783817,-0.019251237303766346,-0.0010521463863013276,-0.0005941980394302469,-0.03402458584796123,-0.03461878388739148,0.0
2009-11-01,0.0005654588726924936,-0.005768872374215459,0.004156353439316418,0.0025348232225380894,-0.006373083758735415,-0.0007398609995218028,-0.0005941980394302469,-0.005625181597925677,-0.006219379637355923,-8.673617379884035e-19
2009-12-01,0.00028720036778216967,0.0015804148732892495,0.0011545426220323388,-0.001226003301438597,0.006357294627198671,-0.004348490360028037,-0.0005941980394302469,0.003804958828835794,0.003210760789405548,-8.673617379884035e-19
2010-01-01,-0.003569942921813092,-0.0016453070176285247,0.003793497186677683,0.0037884316358982,0.0025075587397414543,-0.0010925408095663488,-0.0005941980394302469,0.0037816968133093727,0.003187498773879125,8.673617379884035e-19
2010-02-01,0.002626587994851402,-0.0036701278688527263,-9.896079617420273e-05,-0.0024877163771133094,0.019788884670371886,0.0033721802153701312,-0.0005941980394302469,0.01953084783845318,0.018936649799022934,-3.469446951953614e-18
2010-03-01,-0.0031801221548556986,-0.007043102872519842,0.00019792159234840106,-0.0024605091988826907,-0.010042279800230817,-0.009126990374551038,-0.0005941980394302469,-0.031655082808691684,-0.03224928084812193,0.0
2010-04-01,-0.0031368999581594054,-0.0017518591902589216,0.0002968823885226038,-0.00016184435512100876,-0.00700859735112989,-0.000748024865173672,-0.0005941980394302469,-0.012510343331320294,-0.01310454137075054,0.0
2010-05-01,0.00574237088482527,-0.0015986668393334338,0.0003958431846968021,0.0023156211891388868,0.03917613774519295,0.02323363698603407,-0.0005941980394302469,0.06926494315055454,0.0686707451111243,0.0
2010-06-01,-0.003006126854981766,-0.0008370571441522448,0.004628811433954537,-7.43938411780533e-05,0.007051747758921227,-0.0024982185857849648,-0.0005941980394302469,0.005264762766778735,0.004670564727348488,0.0
2010-07-01,0.0028838747490221284,0.00042703765299355144,0.00012130678240708395,0.001419509066765807,-0.02148892882348339,-0.006029201707957866,-0.0005941980394302469,-0.022666402280252684,-0.023260600319682932,0.0
2010-08-01,-0.002131324230089961,0.0019252227919633372,0.0,-0.000523766961886716,-0.010466695303314582,-0.0012495307520863155,-0.0005941980394302469,-0.012446094455414237,-0.013040292494844483,0.0
2010-09-01,0.00015119157591864636,0.0023211952096571483,9.896079617419833e-05,0.0005455498559670268,-0.012574054910392955,-0.003619779459157861,-0.0005941980394302469,-0.013076936931833797,-0.013671134971264043,0.0
2010-10-01,-0.003225742659184228,0.0011641593759144282,0.0,-0.0015349436718833742,-0.03529546577575534,-0.00383878351592905,-0.0005941980394302469,-0.04273077624683756,-0.04332497428626781,0.0
2010-11-01,-0.001670800515949163,0.0006154481935279488,0.0,-0.0010809686813282485,0.003955090948636131,-0.0005263171617229818,-0.0005941980394302469,0.0012924527831636866,0.0006982547437334397,0.0
2010-12-01,-0.0007416630532747628,0.0013919071529946167,0.0,-0.0007458851610400696,0.009455590240531967,-0.005153334204639291,-0.0005941980394302469,0.004206614974572462,0.003612416935142214,8.673617379884035e-19
2011-01-01,-0.0001786118713019467,0.0006310682268482258,-9.896079617419833e-05,0.0034963497049317685,-0.015077264060220363,-0.0005587200488161942,-0.0005941980394302469,-0.011786138844732709,-0.012380336884162955,0.0
2011-02-01,-0.00309825559632195,0.0017973170536412445,-9.896079617420273e-05,-0.0037614099511038956,-0.01014718137226651,0.0002528266997271765,-0.0005941980394302469,-0.015055663962498137,-0.01564986200192838,-3.469446951953614e-18
2011-03-01,-0.00638918062925406,0.003204798618034978,-0.0001873186499011649,0.0002642181854174202,-0.01303341591734582,0.00663922390834592,-0.0005941980394302469,-0.009501674484702727,-0.010095872524132975,1.734723475976807e-18
2011-04-01,-0.004247706929514209,-0.00013729838661177281,-0.003381654579865158,-0.0011424169415856246,-0.022757228635522694,-0.009342460729964377,-0.0005941980394302469,-0.04100876620306384,-0.04160296424249409,0.0
2011-05-01,0.0023611398355448316,-0.0006486704025947726,-0.0020717921521631005,-0.0028313797935598977,0.0003671031689983808,0.0015446257260227825,-0.0005941980394302469,-0.0012789736177517758,-0.0018731716571820229,2.168404344971009e-19
2011-06-01,0.0014869960891940096,0.001346010443614661,-0.002572980700529214,-0.0014879206539404263,-7.550272937216016e-05,0.00477508695231138,-0.0005941980394302469,0.0034716894012782502,0.0028774913618480036,-4.336808689942018e-19
2011-07-01,0.00014020809104812237,0.0005122077714068122,-0.0033811605359518495,-0.0029822558786392096,-0.009173037425965203,0.00014855845564254745,-0.0005941980394302469,-0.014735479522458779,-0.015329677561889027,1.734723475976807e-18
2011-08-01,0.0026188433893916995,-0.0015047662166722472,-0.0017648008651065692,-0.001587930507026588,0.00854231583355398,0.023010113476660512,-0.0005941980394302469,0.029313775110800785,0.028719577071370538,0.0
2011-09-01,-0.0032857695643488134,0.0022132452498150206,-0.0021771375158324163,0.0026873165341074834,0.040805986511851654,0.0016093704895143884,-0.0005941980394302469,0.041853011705107315,0.04125881366567707,0.0
2011-10-01,0.0007263041671615836,0.0006083285707020507,-0.00019792159234839667,-0.0006651021735885597,0.012504473738556784,-0.004097674952840637,-0.0005941980394302469,0.008878407757642825,0.008284209718212577,1.734723475976807e-18
2011-11-01,-0.0033034253875428884,0.0004994197442025496,-9.896079617419833e-05,0.0005526176148872483,0.009181210932054689,-0.0010508842412760386,-0.0005941980394302469,0.005779977866151362,0.005185779826721114,8.673617379884035e-19
2011-12-01,0.004225593267529197,-0.0004630433838086796,-0.00014844119426130628,0.005084197645358681,0.01307072094659044,-0.009326976062811092,-0.0005941980394302469,0.012442051218597238,0.011847853179166994,-1.734723475976807e-18
2012-01-01,-0.0027944054827959267,-0.002778332616355676,-0.0023255787100937048,0.0008498718231306021,-0.007755393792715996,-0.008198064043591621,-0.0005941980394302469,-0.023001902822422322,-0.02359610086185257,0.0
2012-02-01,-0.0012743366921908095,0.00021560083969028089,1.9153702485329277e-05,-0.0009072327567134562,-0.02366374166738207,-0.0035906827698457735,-0.0005941980394302469,-0.0292012393439565,-0.029795437383386747,0.0
2012-03-01,-0.0009633551461831682,-0.0011971081452696014,-0.002452224311871709,-0.00030260344839602385,0.007779003506282909,-0.005005095228974871,-0.0005941980394302469,-0.0021413827744124637,-0.0027355808138427116,8.673617379884035e-19
2012-04-01,0.0018990957702252021,-0.001408126421626877,-0.001921204422278444,0.0007765999681711336,0.004279401817508681,0.0037401795657168585,-0.0005941980394302469,0.0073659462777165546,0.0067717482382863075,0.0
2012-05-01,0.009465421208251706,0.0015460203415532997,9.896079617419833e-05,-0.004220605165753813,0.02332461853748374,0.006295699441248747,-0.0005941980394302469,0.03651011515895788,0.03591591711952763,0.0
2012-06-01,0.007139946477165821,0.00031784966277492743,0.00019792159234840545,-0.0004881266716253395,0.018986461599570393,0.0002351457087572696,-0.0005941980394302469,0.02638919836899148,0.02579500032956123,0.0
2012-07-01,-0.0010111613314299822,-0.00047486301903970916,0.0,-0.0017443613492457545,-0.006461277333215102,-0.007089677983901199,-0.0005941980394302469,-0.016781341016831746,-0.017375539056261994,0.0
2012-08-01,0.00407528095120478,0.0007480852637218309,0.0001596141873777469,0.0004486230800148867,-0.012036358182758233,-0.004331899126121624,-0.0005941980394302469,-0.010936653826560613,-0.01153085186599086,1.734723475976807e-18
2012-09-01,-0.008346572159056665,-0.001561885742034302,0.0024165587968990143,7.267653023302028e-05,-0.021505492032017688,-0.0010027867557895148,-0.0005941980394302469,-0.029927501361766137,-0.030521699401196384,0.0
2012-10-01,-0.0005073433185774333,-0.0018036619269758177,0.0021739452320848553,0.0004968071959032173,-0.003136004870182321,0.002410904551379043,-0.0005941980394302469,-0.0003653531363684566,-0.0009595511757987036,1.0842021724855044e-19
2012-11-01,0.0018050424841037096,0.0001688404437112206,0.00019792159234840545,0.0017624670662168811,0.010050340596730297,0.0009904469625272255,-0.0005941980394302469,0.014975059145637739,0.01438086110620749,1.734723475976807e-18
2012-12-01,0.0003060345032888977,-0.0018504549697076697,0.0004123366507258381,-0.004575852288397522,-0.008313412138365993,0.0013651845526873206,-0.0005941980394302469,-0.012656163689769129,-0.013250361729199377,1.734723475976807e-18
2013-01-01,-0.0005454084257647425,-0.0012010765579439488,0.002700140003140143,0.0062006314000694705,-0.0007698694586408707,-0.0095146903766479,-0.0005941980394302469,-0.003130273415787848,-0.003724471455218095,0.0
2013-02-01,-0.001695041978890941,0.002417674958730465,0.0018770628435622516,-0.00410516197402377,0.01013894701589045,0.0015786991004804309,-0.0005941980394302469,0.010212179965748885,0.00961798192631864,0.0
2013-03-01,0.003273449709650213,0.0010200788713819514,0.0026869908343704553,0.001023134289867651,0.011949169123572578,-0.0029484807909511165,-0.0005941980394302469,0.017004342037891734,0.016410143998461486,0.0
2013-04-01,0.0048839489184993356,-0.00029598663162625193,0.0029793128175394103,0.002248234620770347,-0.005049166482204926,0.002660203131168527,-0.0005941980394302469,0.007426546374146442,0.006832348334716194,8.673617379884035e-19
2013-05-01,0.0002553617229536911,0.003866121714072555,0.004089315480617766,0.003920593674266506,0.0066451717643345775,-0.001323389366490918,-0.0005941980394302469,0.017453174989754176,0.01685897695032393,0.0
2013-06-01,-0.000789509719555322,0.0028015056413181615,-0.0003958431846968021,0.00017028736711217045,0.010353255772020176,0.009468892663853484,-0.0005941980394302469,0.02160858854005187,0.02101439050062162,0.0
2013-07-01,-0.001660427613126851,0.003553710327325524,-0.00019792159234840106,0.00037028942594289336,0.008019555268490767,-0.008125534261733361,-0.0005941980394302469,0.0019596715545505718,0.0013654735151203256,-8.673617379884035e-19
2013-08-01,-0.0012767683062523605,0.004205031189407681,0.0,0.00161750001314096,-0.0021403422370455437,0.0006409447429316892,-0.0005941980394302469,0.003046365402182426,0.002452167362752179,0.0
2013-09-01,0.0011520938103400959,0.001658681326139104,-9.896079617419833e-05,-7.040252277556983e-05,-0.0033273273537253205,0.001279598880714581,-0.0005941980394302469,0.0005936833445186925,-5.146949115545849e-07,1.0842021724855044e-19
2013-10-01,0.00042452851777152127,0.0026539628149066666,0.0,-0.0008434205651182452,-0.01331433084971432,0.0018249033672399528,-0.0005941980394302469,-0.009254356714914425,-0.009848554754344672,1.734723475976807e-18
2013-11-01,0.000659079844263314,0.0009431704916829565,9.896079617419833e-05,0.0004326356866007959,0.01199232092588526,-0.006743376789904933,-0.0005941980394302469,0.007382790954701591,0.006788592915271345,-8.673617379884035e-19
2013-12-01,-0.0002704338997930253,0.0021320850590090604,-9.896079617419833e-05,-0.0001540658214639712,0.0021870167633601958,0.0035912816407708344,-0.0005941980394302469,0.0073869229457088955,0.006792724906278649,-8.673617379884035e-19
2014-01-01,0.003262012843258528,0.003569080346334662,9.896079617419833e-05,-0.0045393818940605265,0.012620515033529048,0.00013105933669106326,-0.0005941980394302469,0.015142246461926974,0.014548048422496726,1.734723475976807e-18
2014-02-01,-0.00014913039873200778,0.0014519608340506883,-0.00019792159234840106,0.0002516007494240056,0.0024376573700097544,0.003175517325392325,-0.0005941980394302469,0.006969684287796364,0.006375486248366117,0.0
2014-03-01,-0.0016514281869095951,0.0008050938031321569,0.0,0.0005576809677045567,-0.0027605376732828413,-0.0016035106473329857,-0.0005941980394302469,-0.004652701736688709,-0.005246899776118955,-8.673617379884035e-19
2014-04-01,0.0014572436522908956,0.0002821638021882023,9.896079617420273e-05,0.00012399289880068957,-0.006023743486761845,-0.001687624008539545,-0.0005941980394302469,-0.0057490063458474,-0.0063432043852776464,-8.673617379884035e-19
2014-05-01,0.0037622357966735215,-0.004398954030101102,-0.0001484411942613019,0.0008943170812902829,-0.004421822724879453,-0.004962396605666292,-0.0005941980394302469,-0.009275061676944345,-0.009869259716374593,1.734723475976807e-18
2014-06-01,-0.00862772466644951,-0.003992198084796686,-0.002226617913919511,0.0008467300413893918,0.0021396844691632536,-0.0029845510269722844,-0.0005941980394302469,-0.014844677181585345,-0.015438875221015592,1.734723475976807e-18
2014-07-01,0.008903389082205927,-0.004821486081967349,-0.002787395758906642,0.0020509402728598925,-0.003040397504549346,0.0024305427731304598,-0.0005941980394302469,0.0027355927827729417,0.0021413947433426956,-8.673617379884035e-19
2014-08-01,-0.0019403103299540094,-0.003153765725801064,-0.00216064404980338,-0.00026384961978561885,0.013234213107971387,0.0035593295925610818,-0.0005941980394302469,0.009274972975188396,0.00868077493575815,0.0
2014-09-01,0.0037474513159594905,-0.0037888236126000312,-0.002474019904355011,0.0014977625417695332,0.02058721962182149,-7.182477425914082e-05,-0.0005941980394302469,0.01949776518833633,0.018903567148906085,-3.469446951953614e-18
2014-10-01,0.008801295816583555,-0.0007281794474316631,-0.002474019904355011,-0.00091906850394206,0.017368185980848303,0.011255352496439403,-0.0005941980394302469,0.03330356643814253,0.03270936839871228,0.0
2014-11-01,0.002524305482885407,-0.001281307299364608,0.0,-0.0017295455495726529,0.021725540510994016,-0.011408078704850317,-0.0005941980394302469,0.009830914440091846,0.009236716400661598,1.734723475976807e-18
2014-12-01,0.01032595299240616,-0.002466887811779355,0.0,-0.000799485742799378,0.029609839145234667,0.007459385503980985,-0.0005941980394302469,0.04412880408704308,0.043534606047612834,0.0
2015-01-01,0.011811752275752894,0.0020416152047341685,0.0002968823885226038,-0.002146677169613431,0.028779882283624995,0.006138366507512919,-0.0005941980394302469,0.04692182149053415,0.0463276234511039,0.0
2015-02-01,-0.004210506781192477,-0.0002412784533806499,-9.896079617419833e-05,0.0013233416704921301,0.017177257127330887,-0.0070631251090970204,-0.0005941980394302469,0.006886727657978671,0.006292529618548425,-8.673617379884035e-19
2015-03-01,-0.006307710948773024,0.002137798964866757,0.0,0.00010189379168730336,0.02634305760004143,-0.00272732244451542,-0.0005941980394302469,0.019547716963307045,0.018953518923876797,0.0
2015-04-01,-0.002166383900201556,0.00644842224295934,0.0,0.00020121684073099607,-0.012076646317787485,-0.00357463083615423,-0.0005941980394302469,-0.011168021970452935,-0.011762220009883183,1.734723475976807e-18
2015-05-01,-0.004067421365947987,0.0023386406235702314,9.896079617419833e-05,0.00016569369300647858,-0.011385482260056418,-0.00044678542407834677,-0.0005941980394302469,-0.013296393937331844,-0.01389059197676209,0.0
2015-06-01,0.0009033164600423198,0.0019152606711171686,0.0,-0.001010345426034759,0.009306884929812418,0.0027760181086427214,-0.0005941980394302469,0.013891134743579869,0.013296936704149621,1.734723475976807e-18
2015-07-01,0.006144261738446928,0.0062915294316989836,9.896079617419833e-05,0.000473150503546944,0.023132188564609468,3.524721762314823e-05,-0.0005941980394302469,0.036175338252099676,0.03558114021266943,0.0
2015-08-01,0.00832524227064983,0.007008566757444233,0.0,0.0002539447860500902,0.021660953061739773,0.011614806744979535,-0.0005941980394302469,0.04886351362086346,0.048269315581433214,0.0
2015-09-01,-0.0003489115036998196,0.011264062769416971,9.896079617419833e-05,-0.0008775677115803989,0.010095285286821847,0.008704987020357281,-0.0005941980394302469,0.02893681665749008,0.028342618618059832,0.0
2015-10-01,0.0011646257747169229,0.006345855965638612,-0.0002474019904355046,0.0011182433029508453,-0.010943663261853004,-0.014304234873456874,-0.0005941980394302469,-0.016866575082439002,-0.01746077312186925,0.0
2015-11-01,0.0020688572985416063,0.0022694497635020955,-0.002424539506267903,0.0001678505693950021,0.020569894018920568,-0.00134753062708001,-0.0005941980394302469,0.02130398151701136,0.020709783477581113,0.0
2015-12-01,0.007163225982723648,0.004249353193656215,-0.004700637818274517,0.0008717039505474278,0.012425272405888746,0.00407222065638804,-0.0005941980394302469,0.024081138370929556,0.023486940331499312,-3.469446951953614e-18
2016-01-01,0.01053015594144265,0.0029400691444938874,-0.0024117703712776954,0.0001677359224679405,0.027376350274681622,0.010527848713982603,-0.0005941980394302469,0.049130389625791006,0.04853619158636076,0.0
2016-02-01,-0.008749337313715912,0.003342632537731272,-0.0006065339120354242,0.00047272789112530304,-0.010581073675798068,-0.001993183131722931,-0.0005941980394302469,-0.01811476760441576,-0.018708965643846005,-3.469446951953614e-18
2016-03-01,-0.009631989474667696,0.004886601386498464,-0.00276066496913545,0.0014592086196933717,-0.026919938101732137,-0.013470619032047396,-0.0005941980394302469,-0.04643740157139084,-0.04703159961082109,0.0
2016-04-01,-0.0021115720853361456,-0.0011426194746638006,-0.002787524184114883,-0.0007804128605970068,-0.021554813491844016,-0.003944201693840493,-0.0005941980394302469,-0.03232114379039634,-0.0329153418298266,6.938893903907228e-18
2016-05-01,-0.006231011651817668,0.0025381599074411204,-0.0015769881712920958,0.0015248912434468413,0.012949618183462708,0.0014538409528622703,-0.0005941980394302469,0.010658510464103176,0.010064312424672928,1.734723475976807e-18
2016-06-01,-0.0021184195664735164,0.0037885286978029927,-0.004868232715021153,0.0003233894309304679,0.004797523040610735,0.0068885957582349,-0.0005941980394302469,0.008811384646084428,0.00821718660665418,1.734723475976807e-18
2016-07-01,0.003280031415349532,0.00038869602654034274,-0.0031146048430310156,-0.00021835567893120256,0.010441715690838982,-0.01153498683294235,-0.0005941980394302469,-0.000757504222175711,-0.0013517022616059571,-8.673617379884035e-19
2016-08-01,-0.0015782826577723662,-0.0031534198651616717,-0.0017153204670194789,0.0018957788788219315,-0.011827878891646958,-0.0022788651311208344,-0.0005941980394302469,-0.018657988133899378,-0.019252186173329626,0.0
2016-09-01,-0.0005118095879470535,-0.0026392552991069433,-0.002375059108180804,0.0013471155850104711,0.010008591024539956,0.005253646424684323,-0.0005941980394302469,0.011083229038999949,0.010489030999569701,1.734723475976807e-18
2016-10-01,-0.004349015856489297,-0.0020951842841066275,0.0,0.0007331151943208658,0.01307217937909789,0.0009741266285370382,-0.0005941980394302469,0.00833522106135987,0.007741023021929622,1.734723475976807e-18
2016-11-01,0.0023103075937189713,0.0018333392138100936,0.0,0.0005240351657099876,0.029235323691212466,0.0016749591111294285,-0.0005941980394302469,0.03557796477558095,0.0349837667361507,0.0
2016-12-01,-0.005715405752439899,0.004268492765138155,9.896079617419833e-05,0.0011649205657464346,0.0195794080927647,-0.007678121096889802,-0.0005941980394302469,0.011718255370493789,0.01112405733106354,1.734723475976807e-18
2017-01-01,-0.005236633271948574,-0.0016122443732841604,0.0023239825682199286,-0.0034641794934775288,-0.0012876318792784498,-0.002753482876068756,-0.0005941980394302469,-0.01203018932583754,-0.012624387365267787,1.734723475976807e-18
2017-02-01,0.0009163556056083103,0.0014583891606029604,0.002525096444315895,-0.00024946090171006833,-0.018150450556826524,-0.0002585348308837336,-0.0005941980394302469,-0.013758605078893161,-0.014352803118323406,-1.734723475976807e-18
2017-03-01,0.0029932451553511402,-0.0031460198870991445,0.0002756765036281315,0.00047219170056499784,-0.005109310078335804,0.0012028983728637427,-0.0005941980394302469,-0.003311318233026936,-0.003905516272457183,0.0
2017-04-01,-0.00041711848267553177,0.003444570448318661,0.003982830015610036,0.0005268426620977731,-0.009802500631721656,0.003798645963689024,-0.0005941980394302469,0.0015332699753183065,0.0009390719358880594,1.0842021724855044e-19
2017-05-01,0.0010298976752135057,0.00010033459729966294,0.003163553193826865,-0.0010893747055360564,-0.005683957991934951,-0.007291759742726525,-0.0005941980394302469,-0.009771306973857499,-0.010365505013287746,1.734723475976807e-18
2017-06-01,0.0011714467613407333,0.003476850876732228,0.00504700060488422,0.00018337711496930608,-0.016831005725204524,-0.0012514141031814076,-0.0005941980394302469,-0.008203744470459443,-0.008797942509889689,0.0
2017-07-01,-0.0005630295856829781,0.004965727579012589,0.0037605102546196157,0.0009887296473043217,-0.01935934174240569,-0.0009199533081534306,-0.0005941980394302469,-0.011127357155305573,-0.011721555194735821,1.734723475976807e-18
2017-08-01,-0.0012453082114459333,0.0056312063232651305,0.005876994379248475,-4.2678392199842156e-05,-0.013321421535279746,0.005914587977657798,-0.0005941980394302469,0.0028133805412458813,0.0022191825018156334,8.673617379884035e-19
2017-09-01,-0.00397820931185782,0.0025496684215235367,0.002732594887906965,-0.002722832936974618,-0.012254575809667125,-0.00527160230441217,-0.0005941980394302469,-0.01894495705348123,-0.01953915509291148,0.0
2017-10-01,-0.002960082257238595,0.002266848541942904,0.002375059108180813,-0.0011014380972187055,0.02360761928480801,-0.0011661784184415923,-0.0005941980394302469,0.023021828162032836,0.02242763012260259,0.0
2017-11-01,0.0009341015811099474,0.005193202954267652,0.00015961418737773812,-0.0009717812360344934,0.00314958382523297,0.001540950240300011,-0.0005941980394302469,0.010005671552253823,0.009411473512823579,-1.734723475976807e-18
2017-12-01,-0.005076080928435905,0.002432277435097864,0.002743235833732138,0.000883653464201471,-0.003303229592163989,-0.0010177574951040467,-0.0005941980394302469,-0.003337901282672467,-0.003932099322102714,0.0
2018-01-01,-0.001329223633698562,0.003852465114976483,0.003529601730213147,0.0012358656829956033,-0.029292331081934703,0.002871626413177408,-0.0005941980394302469,-0.019131995774270622,-0.01972619381370087,0.0
2018-02-01,0.0043527715266539315,0.004490936413036417,0.001248182945293955,-0.0038748315451138694,-0.008339953100914866,0.027174458728072302,-0.0005941980394302469,0.025051564967027873,0.024457366927597625,0.0
2018-03-01,-0.0006061658954767101,0.0037415159294418516,0.0024133665131514624,-0.00019062498809895503,0.003512665126456008,-0.006377646896146782,-0.0005941980394302469,0.002493109789326876,0.001898911749896628,8.673617379884035e-19
2018-04-01,-0.0012014270350232416,0.0009538843705447311,0.0008906471655678026,0.00013690326132708767,-4.5080840871871436e-05,-0.0015559518806595636,-0.0005941980394302469,-0.0008210249591150553,-0.001415222998545302,-2.168404344971009e-19
2018-05-01,-0.0025735710227365307,0.006127868916457781,0.0018637616612807806,0.0016212703768885342,0.036131617453519956,-0.009866936532302516,-0.0005941980394302469,0.03330401085310801,0.03270981281367776,0.0
2018-06-01,-7.094584511325361e-05,0.0023884211558291464,0.0024905133703840426,0.0003704151584033786,0.020465256289465213,-0.0012320795966399795,-0.0005941980394302469,0.024411580532328548,0.0238173824928983,0.0
2018-07-01,0.0005475847933861007,0.0005291141253912797,0.0011875295540904065,-1.6169451722388127e-05,0.0024274566658093683,-0.0015173496311908035,-0.0005941980394302469,0.0031581660557639638,0.0025639680163337167,0.0
2018-08-01,-0.00012115333391609638,0.0019628768293503728,0.0008906471655678026,0.0007600077294537604,0.008674849456752006,-0.001793835700021575,-0.0005941980394302469,0.01037339214718627,0.009779194107756024,0.0
2018-09-01,-0.005864518547049408,0.004537943118153207,0.0,0.002329866864202804,0.002763100276349256,0.0010957621778564647,-0.0005941980394302469,0.004862153889512323,0.004267955850082076,0.0
2018-10-01,-9.399349067165422e-05,0.003968215682799175,0.0003958431846968021,0.0004347290106663459,0.008381171838902338,0.015526871278281186,-0.0005941980394302469,0.028612837504674193,0.028018639465243945,0.0
2018-11-01,0.007234389831643477,0.0038202781987100518,0.002375059108180808,0.00022152273646175094,0.014763347828432662,7.302272781505611e-05,-0.0005941980394302469,0.02848762043124381,0.027893422391813562,0.0
2018-12-01,0.00635062263394875,0.0025445163795451736,9.896079617420273e-05,-0.0013791451974537754,0.0004690789764456286,0.009678052683071144,-0.0005941980394302469,0.017762086271731124,0.01716788823230088,-3.469446951953614e-18
2019-01-01,-0.0012678678330927651,0.0029537537032821447,0.0006927255732194015,-0.0032514438079313756,-0.01955501381161971,-0.009317038544878115,-0.0005941980394302469,-0.029744884721020416,-0.030339082760450664,0.0
2019-02-01,-0.0069055566842463655,0.0017143267865176606,0.0012864903502646046,-0.0004958359695115488,-0.00032842600444978103,-0.009610893628546583,-0.0005941980394302469,-0.014339895149972014,-0.01493409318940226,0.0
2019-03-01,0.00032637430037145426,0.0016222622325255576,0.0,0.0007013455407198327,0.004120997097187069,-0.001935214048220126,-0.0005941980394302469,0.0048357651225837866,0.00424156708315354,-8.673617379884035e-19
2019-04-01,-0.001956407495931786,0.002474243502411232,9.896079617420273e-05,-0.0007135124859425878,0.0013344482729820682,-0.004300514115477348,-0.0005941980394302469,-0.003062781525784219,-0.003656979565214466,-4.336808689942018e-19
2019-05-01,0.0019137765240728754,0.002474138191927446,9.896079617419833e-05,-0.0012586357798809171,0.011634430268705621,0.009808481123847823,-0.0005941980394302469,0.024671151124847045,0.024076953085416804,-6.938893903907228e-18
2019-06-01,0.0030728513694191833,0.0040193383376557175,-0.0002968823885225994,-0.00032936282308728467,-0.005842568656031417,-0.002087905968525802,-0.0005941980394302469,-0.0014645301290922021,-0.002058728168522449,0.0
2019-07-01,-0.0007589306688129337,0.0005792809108895446,-9.896079617420273e-05,-0.001710425491632345,-0.0038649844386839695,-0.006677706665751447,-0.0005941980394302469,-0.012531727150165354,-0.0131259251895956,0.0
2019-08-01,0.0026295684026331357,0.0021129181646002302,0.00019792159234840106,-0.0012039731139742648,0.022209964546886115,0.013622957425076089,-0.0005941980394302469,0.03956935701756971,0.03897515897813946,0.0
2019-09-01,-0.0018779626161602506,0.0028909162935839144,-0.002671941496703412,-0.0001290724193106816,0.002430783647831964,-0.007622182680537825,-0.0005941980394302469,-0.0069794592712962905,-0.0075736573107265375,0.0
2019-10-01,0.0005214035312865374,0.0012532680865815675,-0.0008906471655678026,-0.0011951436814052387,-0.006291203083769836,-0.00022868426807984746,-0.0005941980394302469,-0.006831006580954619,-0.007425204620384867,8.673617379884035e-19
2019-11-01,-0.0009380380797094403,-0.0007607921083110258,-0.002078176719658209,0.0013661379438829277,-0.002040966154291401,-0.008096789559636077,-0.0005941980394302469,-0.012548624677723226,-0.013142822717153474,1.734723475976807e-18
2019-12-01,-0.001397967765286857,-0.0017781322084079192,-0.002770902292877615,0.00036118550082941514,-0.007126242868682142,0.0036026921980163626,-0.0005941980394302469,-0.009109367436408755,-0.009703565475839003,1.734723475976807e-18
2020-01-01,0.004780645960277756,0.0015538561202655399,0.0,0.0016404935765875583,-0.006949202754417687,0.0005104698353338865,-0.0005941980394302469,0.0015362627380470532,0.0009420646986168069,-6.505213034913027e-19
2020-02-01,0.005641228246217268,-0.0013522347828105628,0.0,0.001322446632331772,0.015726403159932324,0.013125996725944201,-0.0005941980394302469,0.034463839981615,0.03386964194218475,0.0
2020-03-01,0.022457162683162533,0.0009445618651960074,0.0002968823885226038,-0.0017149639025032476,0.046244741349799584,0.04138676558992232,0.01022030399296349,0.1096151499740998,0.11983545396706327,1.3877787807814457e-17
2020-04-01,0.003486832637771734,0.006131999006961013,-0.008884125669445157,-0.0007294738602681486,0.02355793456078702,-0.012709425402510837,0.01022030399296349,0.010853741273295626,0.02107404526625911,3.469446951953614e-18
2020-05-01,-0.003486832637771734,-0.009605873122900248,-0.0013088363364974903,0.004621886868473309,-0.00689758930321089,-0.011274949579126989,0.01022030399296349,-0.027952194111034043,-0.017731890118070553,0.0
2020-06-01,-0.007559778907647293,-0.008179002093101725,0.004469197246576795,0.0035439746412342004,-0.0309172289229373,0.0002753134725628589,-0.0005941980394302469,-0.038367524563312466,-0.038961722602742714,0.0
2020-07-01,-0.008808846515847072,2.7307795910401372e-05,0.005723764759365853,0.0061405659075978725,-0.010550766494334353,-0.005674511854380891,-0.0005941980394302469,-0.013142486401688188,-0.013736684441118434,0.0
2020-08-01,-0.003909723952596745,-0.0009078998677894503,0.002572980700529209,0.0029821531414789748,-0.018875335936654185,-0.0061081802317945995,-0.0005941980394302469,-0.024246006146826794,-0.024840204186257042,0.0
2020-09-01,0.00066300267840368,-0.001822322117247702,0.002413366513151471,0.002587280402130135,-0.006580587286740707,0.007244778037840286,-0.0005941980394302469,0.004505518227537163,0.003911320188106917,-8.673617379884035e-19
2020-10-01,0.0005600065579724334,0.0028936048340871337,0.0027820752859940533,0.005039874797281995,-0.006186473303679282,0.0024078267047605807,-0.0005941980394302469,0.007496914876416915,0.006902716836986667,8.673617379884035e-19
2020-11-01,-0.0018492245809595756,0.001999204884837564,0.002226617913919511,-0.004284401218021759,-0.018646210995567562,-0.006276247165899415,-0.0005941980394302469,-0.026830261161691234,-0.027424459201121482,0.0
2020-12-01,-0.004672496757689002,0.0024016900119154306,0.0,0.00201123054227363,-0.024807196735499585,-0.004250045069268614,-0.0005941980394302469,-0.029316818008268138,-0.029911016047698386,0.0
2021-01-01,-0.0035347490299413057,0.00044702822982091266,0.0,0.004330917764829278,-0.004700950368043935,0.004118603549743136,-0.0005941980394302469,0.0006608501464080855,6.665210697783842e-05,1.0842021724855044e-19
2021-02-01,0.0005767665213623726,0.0003883595381148468,0.0,-0.0033805282665747044,0.006042500676998382,-0.00282655104499094,-0.0005941980394302469,0.000800547424909957,0.00020634938547971,1.0842021724855044e-19
2021-03-01,-0.003171889770646706,0.0027694398965254848,-9.896079617420053e-05,0.002894545857149739,0.014927445828530833,-0.00221351580580316,-0.0005941980394302469,0.01510706520958199,0.014512867170151746,-1.734723475976807e-18
2021-04-01,0.00572062523994531,0.003019617649168573,-9.896079617420053e-05,-0.0006208620903228139,-0.007946054042532548,-0.008687975485908706,-0.0005941980394302469,-0.008613609525824384,-0.009207807565254633,3.469446951953614e-18
2021-05-01,-0.0015825374204260997,0.013729644278677665,0.0,-0.0011387866206479073,-0.0161718077074376,0.004844347667385263,-0.0005941980394302469,-0.0003191398024486808,-0.000913337841878927,-7.589415207398531e-19
2021-06-01,-0.004624512349288747,0.011332505501314517,-9.896079617420053e-05,-0.0013173493063631165,0.004181282301854001,-0.0058697340637174425,-0.0005941980394302469,0.0036032312876250125,0.0030090332481947646,8.673617379884035e-19
2021-07-01,0.001070343945385967,0.006101977361255253,0.00019792159234840106,-0.0007346677998190753,0.016859007296203203,0.0014353842622101252,-0.0005941980394302469,0.024929966657583874,0.02433576861815363,-3.469446951953614e-18
2021-08-01,-2.1958574948388333e-05,0.005434831050388341,0.00019792159234840106,-0.0013321016870815776,0.003818401019728123,-0.00028567285042348223,-0.0005941980394302469,0.007811420550011418,0.00721722251058117,8.673617379884035e-19
2021-09-01,-0.007152099029557035,0.0036970851174899792,-9.896079617420053e-05,-0.006532647475665865,0.0004631163470819713,0.004844570117820735,-0.0005941980394302469,-0.004778935719004415,-0.005373133758434663,8.673617379884035e-19
2021-10-01,-0.0020235818839441687,0.0010077128799656576,-9.896079617420053e-05,-0.0021299051060894407,0.006944156340361413,-0.003979078428863095,-0.0005941980394302469,-0.0002796569947438347,-0.0008738550341740817,1.0842021724855044e-19
2021-11-01,-0.0008974312133515723,0.0005869259134640686,-0.002474019904355011,0.0068434811970412655,0.010309275270118577,0.0013270131510038216,-0.0005941980394302469,0.015695244413921148,0.015101046374490903,-1.734723475976807e-18
2021-12-01,0.0007906476567839986,0.00712601597980243,-0.004783105148419689,0.0019014613679767401,0.008999187131509904,0.005503512234693368,-0.0005941980394302469,0.01953771922234675,0.018943521182916506,-3.469446951953614e-18
2022-01-01,-0.00721756410886777,0.005263840536233699,-0.0020803049088232435,0.0015885306758884376,-0.008472947656921413,0.0031481846364296256,-0.0005941980394302469,-0.007770260826060665,-0.00836445886549091,-1.734723475976807e-18
2022-02-01,0.0009540938609641106,0.0037323806016165825,-0.003351897934932597,-0.008516997460313064,-0.0004381527230815621,0.004029401292097551,-0.0005941980394302469,-0.003591172363648979,-0.004185370403079225,-8.673617379884035e-19
2022-03-01,-0.005604562487546533,0.001305560068402072,-0.00957685124266456,-0.0004620692632615742,0.014252379458565324,0.0017762248820483012,-0.0005941980394302469,0.0016906814155430289,0.0010964833761127827,-6.505213034913027e-19
2022-04-01,-0.003246692590130889,-0.0019466638862888045,0.0011875295540904065,0.003229569744027385,0.009586696572447291,-0.0038813284426555354,-0.0005941980394302469,0.004929110951489854,0.0043349129120596065,8.673617379884035e-19
2022-05-01,0.006046293574803554,0.0014491000998616303,-0.00860958926715544,-0.0019326269651215033,0.027201616300174845,0.007079676391555299,-0.0005941980394302469,0.031234470134118387,0.03064027209468814,0.0
2022-06-01,-0.016725637050969393,0.0025798666237606296,-0.0052225762109997355,-0.0004348815677957019,0.003504120377508252,-0.0014406240680732542,-0.0005941980394302469,-0.0177397318965692,-0.018333929935999447,0.0
2022-07-01,0.002420895813222759,0.0038159484071312063,0.0040350466569093295,0.0010622223669809069,0.028619462093752938,-0.004672794871817249,-0.0005941980394302469,0.03528078046617989,0.03468658242674964,0.0
2022-08-01,0.01591385633915714,0.004533628796778363,-0.010192962005942647,-0.00048805657286059,-0.004508737166135823,-0.004601916241103948,-0.0005941980394302469,0.0006558131498924967,6.16151104622523e-05,-2.4936649967166602e-18
2022-09-01,-0.006135527181097761,0.0007596024089654846,-0.008411667674807034,0.004785521944433983,0.033696852150722184,0.00804408215976627,-0.0005941980394302469,0.03273886380798313,0.03214466576855288,6.938893903907228e-18
2022-10-01,0.0015906408895298354,0.002058116397943861,0.0019462289914259473,-0.0006524989451343054,0.01899797070103174,0.0035663967134574,-0.0005941980394302469,0.02750685474825448,0.026912656708824232,0.0
2022-11-01,0.0006172068020082278,0.006848357962662134,-0.004739477270536452,-0.0022526679444856237,-0.026549318543119642,-0.009704194013086207,-0.0005941980394302469,-0.035780093006557566,-0.03637429104598781,-6.938893903907228e-18
2022-12-01,0.0038286676537062545,-0.00013513003976518205,-0.0026495955104705263,-0.0025891993580448194,-0.02701511230708328,-0.0025788038316110974,-0.0005941980394302469,-0.03113917339326865,-0.0317333714326989,6.938893903907228e-18
2023-01-01,0.0010195452578345321,0.0005304466676413769,-0.000983223394246897,1.6488607373533004e-05,-0.025533200867720034,-0.00295528414350438,-0.0005941980394302469,-0.02790522787262187,-0.028499425912052116,0.0
2023-02-01,-0.0013529888356390509,0.003513535008613971,-0.003948854995725348,-0.002111580880166505,0.005290290243291787,-9.244644115677722e-05,-0.0005941980394302469,0.0012979540992180778,0.0007037560597878308,1.0842021724855044e-19
2023-03-01,0.005310546512682241,0.005318255092491817,-0.004568158042750989,0.0001395247689044509,0.00461759723644147,0.0028005154263049054,-0.0005941980394302469,0.013618280994073893,0.013024082954643648,-1.734723475976807e-18
2023-04-01,-0.0011568885125473566,0.0035086811052272766,0.0007118792757047352,-0.0008263826649493513,-0.01593203331205239,-0.007462696147129068,-0.0005941980394302469,-0.021157440255746153,-0.0217516382951764,0.0
2023-05-01,0.0019400124690272884,-0.0005081160914104671,-0.0006129184795305369,-0.0018426677585233562,0.0040991309919054565,-0.0003934283920178428,-0.0005941980394302469,0.0026820127394505417,0.0020878147000202947,0.0
2023-06-01,0.0024875233825145384,0.001012220682241416,-0.00011811449865954519,-0.0009727966257368141,-0.0035454845131437916,-0.008848337319283575,-0.0005941980394302469,-0.00998498889206777,-0.010579186931498018,1.734723475976807e-18
2023-07-01,4.702671415232288e-05,-0.001068985519657836,0.00011811449865954519,-0.0022845162924969753,-0.013401962231738083,-0.00019444488187129623,-0.0005941980394302469,-0.016784767712952325,-0.01737896575238257,-3.469446951953614e-18
2023-08-01,-0.006042967375774696,-0.0036163977474725985,0.0003958431846968109,-0.0017711089870130754,0.01936474888347401,0.0049562038196741985,-0.0005941980394302469,0.01328632177758465,0.012692123738154402,1.734723475976807e-18
2023-09-01,-0.00042924135030359046,0.00334871539163423,0.0020781767196582,-0.0014295335708276195,0.01888634537766992,-0.001683138571114216,-0.0005941980394302469,0.020771323996716922,0.020177125957286674,0.0
2023-10-01,0.0010256523758165356,0.0036475608856546037,0.0,0.0015920474148703656,0.01925513507064617,0.008399912000982609,-0.0005941980394302469,0.03392030774797028,0.03332610970854004,-6.938893903907228e-18
2023-11-01,0.009498833661480598,-0.00023858588889010384,0.0,0.001747924725237054,-0.02369937821678313,-0.011434975514374085,-0.0005941980394302469,-0.024126181233329665,-0.024720379272759913,0.0
2023-12-01,-0.003924521867149118,0.002057167957223569,0.0,0.0023080206141668754,-0.014688928516338831,-0.0037348723674194046,-0.0005941980394302469,-0.01798313417951691,-0.018577332218947157,0.0
2024-01-01,-0.0020775048064569125,0.0017960132069990615,0.0009576851242664639,0.00032235215763955265,0.004186211113138371,0.0019697622041335064,-0.0005941980394302469,0.007154518999720043,0.006560320960289795,8.673617379884035e-19
2024-02-01,0.0005219712878890038,0.0034792135376125457,0.0015163347800885472,-0.00019651372270528645,0.008859483460561339,0.0016593027065204163,-0.0005941980394302469,0.015839792049966564,0.015245594010536318,0.0
2024-03-01,-0.0009231579389512776,0.002189368669726553,0.002474019904355011,0.0007495438857367463,-0.004293321332179327,-0.0005331886977786769,-0.0005941980394302469,-0.0003367355090909708,-0.0009309335485212178,1.0842021724855044e-19
2024-04-01,-0.0024187800281351454,0.0009591633012199177,0.0009576851242664639,-0.0013387964478582459,0.015580731629321377,0.006037847682127019,-0.0005941980394302469,0.019777851260941386,0.019183653221511138,0.0
2024-05-01,0.004186804754187461,0.005106584829985512,0.003990354684443558,0.007040499377264881,-0.0029720415926343877,-0.008121135956681602,-0.0005941980394302469,0.009231066096565424,0.008636868057135176,1.734723475976807e-18
2024-06-01,-0.004799987402219663,0.0021690026017726666,0.004788425621332284,0.0013676958573485575,0.019216819365217328,-0.0011682334299611722,-0.0005941980394302469,0.021573722613490002,0.020979524574059754,0.0
2024-07-01,0.0005491338746936321,0.006026351554703952,0.00015961418737773812,0.002639629758555315,-0.003374053417814156,0.004849336377227178,-0.0005941980394302469,0.010850012334743659,0.010255814295313413,0.0
2024-08-01,-0.0005809677665311151,0.006172970115898619,0.004788425621332284,0.0005406013398298069,-0.007965871553408275,0.011328850897385771,-0.0005941980394302469,0.01428400865450709,0.013689810615076844,0.0
2024-09-01,0.0024356601042432383,0.003005106926009657,0.00510765399608776,0.0016817128382897878,-0.0075995942005385965,-0.003423670679785529,-0.0005941980394302469,0.0012068689843063173,0.0006126709448760728,-2.4936649967166602e-18
2024-10-01,-0.0025883219858914576,0.0038174800384994908,-0.0019792159234840105,-0.0007002549426423211,0.017762471423036538,0.004690835499886587,-0.0005941980394302469,0.02100299410940483,0.02040879606997458,0.0
2024-11-01,6.358081848271753e-05,0.003640680819790267,0.0019792159234840105,2.9117325611098278e-05,0.027706544667662227,-0.008448258757936686,-0.0005941980394302469,0.024970880797093635,0.024376682757663387,0.0
2024-12-01,-0.002543249838400709,0.003490026296158427,0.0030677846814002097,0.0014617608302992682,0.012696046204270594,-0.00035867811278413253,-0.0005941980394302469,0.017813690060943656,0.01721949202151341,0.0
2025-01-01,-0.002625280744383342,0.004332470638019585,-0.0008651088955873606,-0.001309101627135302,0.012538453346596675,0.002110656163042457,-0.0005941980394302469,0.014182088880552711,0.013587890841122465,0.0
2025-02-01,0.0006970178415061272,0.002251602505018614,0.00027134411854216184,0.00044611067012208716,-0.009544176030136232,0.00046482124353280555,-0.0005941980394302469,-0.005413279651414436,-0.0060074776908446825,-8.673617379884035e-19
2025-03-01,0.00040833805502694427,0.0027113214974141624,0.0,0.0011909493982013711,-0.01637966353996828,0.009685237994026187,-0.0005941980394302469,-0.0023838165952996156,-0.0029780146347298635,8.673617379884035e-19
2025-04-01,0.0009079494834797157,0.004440614357070531,0.0,0.0014354513069067165,-0.021410051008428473,0.014610379045030809,-0.0005941980394302469,-1.5656815940701466e-05,-0.0006098548553709476,-7.589415207398531e-19
2025-05-01,0.0027933544319293257,0.003764473305760984,0.0,-0.0013149472062809605,-0.01859630569645139,-0.017112471499280982,-0.0005941980394302469,-0.030465896664323023,-0.03106009470375327,0.0
2025-06-01,-0.004146128403941735,0.0030060167252831823,0.002394212810666142,0.0003930479535547232,-0.018345748761066673,-0.00406817222593103,-0.0005941980394302469,-0.02076677190143539,-0.021360969940865636,-3.469446951953614e-18
2025-07-01,-0.00020650556380476937,0.0014680713614532081,7.980709368886906e-05,-0.0010909820794270497,-0.005095952003201255,-0.00446482279232228,-0.0005941980394302469,-0.009310383983613276,-0.009904582023043524,1.734723475976807e-18
2025-08-01,-0.0016607543553185087,0.003306581534867245,0.0,-0.0002200765916140721,0.00490540151496004,-0.0015075813631475424,-0.0005941980394302469,0.004823570739747162,0.004229372700316915,0.0
2025-09-01,-0.0011982475788563426,0.0018638909243116723,0.0,-0.0013348448203211248,-0.005793160749427015,9.50914050382544e-05,-0.0005941980394302469,-0.006367270819254555,-0.006961468858684803,8.673617379884035e-19
2025-10-01,0.00404306061797638,0.0013493032915107748,-0.0010885687579162081,-0.000923791900930126,0.007757397422163524,0.005211189973674563,-0.0005941980394302469,0.016348590646478908,0.01575439260704866,0.0
2025-11-01,0.0006096781594490383,0.001188625725705897,-0.0012864903502646046,-0.0010170147424487536,0.006904277702847812,0.003413063300758195,-0.0005941980394302469,0.009812139796047585,0.009217941756617337,1.734723475976807e-18
2025-12-01,-0.001075206699618289,0.0007973735014793041,-0.002078176719658209,0.001994690844020777,-0.012971582468534179,-0.009214067156222416,-0.0005941980394302469,-0.022546968698533013,-0.023141166737963258,-3.469446951953614e-18
2026-01-01,-0.00020146505279051538,0.0015876709191073902,-0.0015833727387871996,-0.001154875798008884,-0.010205847999997013,0.001525725920901075,-0.0005941980394302469,-0.010032164749575146,-0.010626362789005394,1.734723475976807e-18
2026-02-01,-0.0005837845850662078,0.00022052308395076868,-0.0007916863693936042,-0.004162428801709781,-0.014230888392850234,0.006581043822374672,-0.0005941980394302469,-0.012967221242694385,-0.013561419282124633,1.734723475976807e-18
2026-03-01,-0.008699683551703478,0.0014628089186563102,-0.009542648202512178,0.002547327945333299,0.021586427139684883,0.01101688173694766,-0.0005941980394302469,0.0183711139864065,0.01777691594697625,0.0
2026-04-01,-0.002741384429047056,0.002846537241416168,-0.0003534314149078663,-0.00125761783221426,-0.009425710242550412,-0.00982739071798166,-0.0005941980394302469,-0.020758997395285087,-0.02135319543471533,-3.469446951953614e-18
