fecha,yield_real_10y_tips_pct,yield_real_5y_us_pct,yield_2y_us_pct,yield_10y_us_pct,spread_10y_2y_us_pct,breakeven_5y_us_pct,breakeven_10y_us_pct,brent_usd_barril,commodities_index_imf,oro_usd_oz,epu_global,estres_financiero_stl,nfci_chicago,anfci_chicago,ted_spread_pct,high_yield_oas_pct,empleo_manufactura_us_miles,produccion_industrial_us,desempleo_us_bls_pct,desempleo_us_pct,fletes_transporte_us,precios_importacion_china,produccion_industrial_china,indicador_lider_china,ipc_china,dolar_amplio_mensual
2000-01-01,,,6.44,6.661,0.221,,,25.511,55.7312,,67.1184,0.009925,-0.19075,0.1195,0.718947,,17284,91.538,4,4.06613,104.9,,108.9,99.0888,70.9365,115.215
2000-02-01,,,6.6105,6.5195,-0.091,,,27.7757,58.2843,,62.2551,0.119375,-0.1995,0.09025,0.5515,,17284,91.8239,4.1,4.10914,103.1,,112,99.1569,71.8595,116.687
2000-03-01,,,6.52826,6.25652,-0.271739,,,27.4861,58.5555,,62.9455,0.0305,-0.1296,0.1842,0.502174,,17302,92.1504,4,4.08982,99.7,,111.9,99.2349,70.8615,116.674
2000-04-01,,,6.40368,5.99053,-0.413158,,,22.7644,56.7255,,65.1887,0.4146,-0.04825,0.247,0.65,,17299,92.6989,3.8,3.86775,97.9,,111.4,99.3165,70.4441,117.331
2000-05-01,,,6.80955,6.44045,-0.369091,,,27.7376,59.5382,,87.8726,0.4505,0.0125,0.36325,0.959048,,17278,92.9499,4,4.06806,98.9,,111.5,99.3919,70.023,119.914
2000-06-01,,,6.48182,6.09727,-0.384545,,,29.7955,61.504,,90.5343,0.41794,0.0302,0.423,1.10364,,17295,92.9862,4,4.01668,99.9,,112.2,99.4439,69.3874,118.701
2000-07-01,,,6.339,6.054,-0.285,,,28.6824,60.0131,,68.5501,0.16115,-0.06475,0.25125,0.775,,17322,92.8048,4,4.06297,97.7,,112.8,99.4548,68.9724,118.996
2000-08-01,,,6.2287,5.82609,-0.402609,,,30.1961,61.1505,,55.4406,0.0375,-0.17075,0.069,0.599091,,17287,92.5521,4.1,4.15349,99.7,,112.8,99.4076,69.3832,119.815
2000-09-01,,,6.0815,5.799,-0.2825,,,33.1448,63.8009,,60.6119,0.0992,-0.2008,0.0548,0.6775,,17229,92.9792,3.9,3.9575,99.7,,112,99.2975,70.7785,121.205
2000-10-01,,,5.91238,5.73857,-0.17381,,,30.9609,63.0354,,70.2052,0.4192,-0.17475,0.05875,0.67,,17217,92.6179,3.9,3.92093,99.5,,111.4,99.1342,70.7783,122.971
2000-11-01,,,5.87524,5.71714,-0.158095,,,32.5523,64.1176,,107.197,0.349675,-0.128,0.04025,0.58,,17202,92.6438,3.9,3.97852,100,,110.6,98.9319,70.9909,123.973
2000-12-01,,,5.352,5.2405,-0.1115,,,25.66,64.4417,,101.174,0.66372,-0.0676,0.1382,0.768421,,17181,92.3415,3.9,3.9477,98.9,,110.4,98.7095,71.0619,122.953
2001-01-01,,,4.76,5.16095,0.400952,,,25.6245,64.0259,,101.451,0.499925,-0.16475,0.01575,0.550952,,17105,91.902,4.2,4.25445,99.3,,102.3,98.4952,71.7877,122.81
2001-02-01,,,4.65684,5.09895,0.442105,,,27.5035,61.2103,,98.3465,0.439675,-0.2635,-0.118,0.464211,,17030,91.3034,4.2,4.26429,99.2,,119,98.3241,71.8595,123.537
2001-03-01,,,4.34227,4.88545,0.543182,,,24.4973,59.2873,,110.003,0.67764,-0.2524,-0.1486,0.539545,,16938,91.1162,4.3,4.36102,99.5,,112.1,98.1674,71.4283,125.551
2001-04-01,,,4.234,5.141,0.907,,,25.6571,59.6024,,106.347,0.80175,-0.2905,-0.2195,0.751053,,16802,90.7891,4.4,4.45344,97.9,,111.5,98.0053,71.5712,126.518
2001-05-01,,,4.26,5.39136,1.13136,,,28.3136,59.9441,,84.7383,0.3893,-0.3905,-0.356,0.484762,,16660,90.3555,4.3,4.41639,99.4,,110.2,97.8293,71.2134,126.4
2001-06-01,,,4.08,5.28429,1.20429,,,27.849,58.4789,,73.9559,0.423,-0.4456,-0.448,0.35,,16513,89.8784,4.5,4.60041,98.6,,110.1,97.6383,70.3588,127.227
2001-07-01,,,4.03857,5.23619,1.19762,,,24.6136,55.9877,,96.7755,0.410875,-0.484,-0.5035,0.234762,,16381,89.3028,4.6,4.60661,97.7,,108.1,97.4358,70.007,127.644
2001-08-01,,,3.75739,4.9713,1.21391,,,25.68,56.2135,,82.6273,0.36254,-0.4758,-0.52,0.205,,16233,89.2003,4.9,4.98314,99.2,,108.1,97.2296,70.077,125.555
2001-09-01,,,3.11882,4.73176,1.61294,,,25.6195,54.3193,,180.416,1.1966,-0.359,-0.35825,0.346471,,16116,88.7485,5,5.00542,98,,109.5,97.0271,70.7077,125.896
2001-10-01,,,2.72591,4.56682,1.84091,,,20.5378,50.6398,,169.763,0.8906,-0.357,-0.368,0.240909,,15973,88.5052,5.3,5.41314,98.8,,108.8,96.8381,70.9198,126.736
2001-11-01,,,2.7825,4.6515,1.869,,,18.7973,48.2061,,126.389,0.71012,-0.3866,-0.42,0.2335,,15825,87.97,5.5,5.6102,98,,107.9,96.6792,70.778,127.273
2001-12-01,,,3.107,5.0875,1.9805,,,18.7053,47.9887,,110.104,0.741475,-0.3565,-0.3285,0.235263,,15712,87.9324,5.7,5.76018,97.6,,108.7,96.5689,70.8488,127.391
2002-01-01,,,3.0281,5.03571,2.00762,,,19.4168,48.655,,107.37,0.52335,-0.425,-0.45525,0.168095,,15588,88.5176,5.7,5.79425,98.7,,118.6,96.5219,71.0613,128.898
2002-02-01,,,3.01526,4.91158,1.89632,,,20.2755,49.6488,,86.0021,0.5373,-0.486,-0.50275,0.177895,,15518,88.5278,5.7,5.74123,99.7,,102.7,96.5526,71.843,129.64
2002-03-01,,,3.5575,5.284,1.7265,,,23.6967,54.0343,,77.6013,0.28522,-0.4922,-0.4556,0.2005,,15443,89.1686,5.7,5.88279,98.9,,110.9,96.6649,70.909,128.915
2002-04-01,,,3.42273,5.21091,1.78818,,,25.7286,55.7801,,82.7803,0.392075,-0.546,-0.469,0.255238,,15392,89.604,5.9,6.04197,99.6,,112.1,96.8275,70.6963,128.542
2002-05-01,,,3.26409,5.16455,1.90045,,,25.3455,55.9513,,80.8731,0.30934,-0.6212,-0.5892,0.178571,,15338,89.964,5.8,5.85601,100.9,,112.9,97.0104,70.4842,126.958
2002-06-01,,,2.993,4.9265,1.9335,,,24.0817,55.0105,,92.1422,0.710075,-0.575,-0.57025,0.181111,,15297,90.7061,5.8,5.84848,101.4,,112.4,97.1957,69.8499,125.536
2002-07-01,,,2.55682,4.65318,2.09636,,,25.7361,56.4719,,102.61,1.07547,-0.47175,-0.48225,0.164545,,15256,90.6769,5.8,5.82676,102.7,,112.8,97.3826,69.3609,123.805
2002-08-01,,,2.13364,4.25727,2.12364,,,26.6514,56.672,,107.035,1.00986,-0.4004,-0.4094,0.16,,15171,90.5762,5.7,5.80195,102.4,,112.7,97.5706,69.569,125.196
2002-09-01,,,2.0045,3.87,1.8655,,,28.3995,58.9718,,122.118,1.28167,-0.3425,-0.3125,0.176,,15119,90.6531,5.7,5.69613,102.9,,113.8,97.7597,70.2647,126.064
2002-10-01,,,1.91182,3.94091,2.02909,,,27.543,60.0588,,116.903,1.151,-0.3355,-0.30125,0.204545,,15059,90.4643,5.7,5.78278,104.3,,114.2,97.9457,70.4052,127.041
2002-11-01,,,1.92316,4.04842,2.12526,,,24.3352,57.9675,,123.329,0.9071,-0.4028,-0.3906,0.226842,,14992,90.9711,5.9,5.99858,104.6,,114.5,98.1274,70.3348,125.732
2002-12-01,,,1.83619,4.03238,2.19619,,,28.3345,61.4404,,121.735,0.838825,-0.434,-0.38725,0.2145,,14911,90.4652,6,6.03176,104.9,,114.9,98.3017,70.5458,125.061
2003-01-01,2.29429,1.65429,1.74333,4.04857,2.30524,1.3981,1.75429,31.1836,65.1514,,131.715,0.79296,-0.4774,-0.4244,0.197143,,14867,91.2361,5.8,5.92927,104,,114.8,98.4581,71.3218,123.56
2003-02-01,1.99,1.24368,1.62789,3.90263,2.27474,1.65421,1.91263,32.771,70.2275,,140.465,0.809925,-0.50575,-0.4605,0.178421,,14780,91.3445,5.9,5.95782,103.1,,119.8,98.5797,71.9637,123.399
2003-03-01,1.94429,1.08857,1.57381,3.80714,2.23333,1.69524,1.86286,30.6124,65.7808,,174.091,0.668825,-0.53775,-0.532,0.155238,,14721,91.1044,5.9,5.98383,103.5,,116.9,98.6919,71.5319,122.893
2003-04-01,2.18381,1.36,1.62238,3.95857,2.33619,1.56857,1.77476,25.0677,61.8852,,138.445,0.3842,-0.623,-0.679,0.17,,14608,90.5617,6,6.1579,103.8,,114.9,98.8199,71.3889,121.948
2003-05-01,1.9081,1.17905,1.41524,3.56905,2.15381,1.33667,1.66095,25.8577,63.0638,,106.19,0.36624,-0.6848,-0.737,0.2185,,14558,90.537,6.1,6.1794,102.8,,113.7,98.9842,70.8891,117.945
2003-06-01,1.7219,0.907143,1.22714,3.33429,2.10714,1.35857,1.61238,27.6529,64.3879,,88.4908,0.35375,-0.6865,-0.685,0.205714,,14493,90.6527,6.3,6.34839,102.7,,116.9,99.1935,70.0385,117.342
2003-07-01,2.10955,1.30409,1.47409,3.97545,2.50136,1.56818,1.86591,28.3487,63.3251,,81.421,0.220875,-0.69025,-0.676,0.209091,,14403,91.1185,6.2,6.17861,104.1,,116.5,99.4398,69.6883,118.493
2003-08-01,2.32048,1.48333,1.86429,4.44524,2.58095,1.88667,2.12476,29.8881,64.4336,,70.7742,0.25372,-0.6576,-0.6416,0.1885,,14376,90.9197,6.1,6.12448,103.5,,117.1,99.7122,70.1761,119.856
2003-09-01,2.18619,1.29143,1.70619,4.27429,2.5681,1.89333,2.0881,27.1123,64.4738,,80.435,0.067575,-0.64575,-0.6375,0.20619,,14346,91.5059,6.1,6.14528,104.8,,116.3,99.9992,71.0182,118.621
2003-10-01,2.07636,1.20773,1.74773,4.29045,2.54273,1.97818,2.21409,29.6078,67.4785,,76.6053,-0.13958,-0.6762,-0.6682,0.236818,,14334,91.6186,6,6.0601,106.5,,117.2,100.288,71.6574,116.157
2003-11-01,1.96389,1.27,1.92667,4.3,2.37333,2.01722,2.33611,28.7525,67.3818,,75.2183,-0.2281,-0.68875,-0.68625,0.239444,,14316,92.2329,5.8,5.96298,106,,117.9,100.556,72.3739,116.034
2003-12-01,1.98364,1.22909,1.90727,4.26773,2.36045,2.03955,2.28409,29.8071,70.4929,,73.5356,-0.241225,-0.68825,-0.64625,0.272381,,14299,92.2602,5.7,5.78348,108.6,100,118.1,100.779,72.8082,114.48
2004-01-01,1.8875,1.086,1.761,4.1505,2.3895,2.0355,2.263,31.281,73.1672,,73.4221,-0.3601,-0.733,-0.6692,0.2455,,14291,92.4006,5.7,5.79794,107.6,99.9,107.2,100.929,73.6091,112.636
2004-02-01,1.76211,0.857895,1.74,4.08421,2.34421,2.21,2.32211,30.8585,72.9405,,73.0768,-0.443975,-0.7825,-0.7315,0.198421,,14279,92.958,5.6,5.66661,107.8,99.5,123.2,100.98,73.4618,113.075
2004-03-01,1.46522,0.515217,1.57783,3.82652,2.2487,2.27174,2.3613,33.6343,75.4404,,78.1516,-0.400075,-0.7865,-0.7435,0.175217,,14287,92.5861,5.8,5.8603,110.2,99.5,119.4,100.912,73.6822,114.222
2004-04-01,1.90286,1.01571,2.07095,4.34762,2.27667,2.37381,2.44476,33.5909,76.5736,,77.63,-0.50464,-0.7436,-0.712,0.2075,,14315,92.93,5.6,5.66309,110.6,99.5,119.1,100.763,74.0507,115.031
2004-05-01,2.09,1.338,2.5335,4.7155,2.182,2.5125,2.6255,37.5676,79.6732,,90.6051,-0.42915,-0.68275,-0.6275,0.227895,,14342,93.6013,5.6,5.64967,110.2,99.7,117.5,100.576,73.9766,116.845
2004-06-01,2.14619,1.40714,2.76333,4.73381,1.97048,2.5219,2.58762,35.1836,78.4002,,76.8133,-0.58145,-0.661,-0.6225,0.233333,,14334,92.871,5.6,5.64623,110.9,99.7,116.2,100.389,73.4588,115.767
2004-07-01,2.02429,1.29095,2.63857,4.4981,1.85952,2.39762,2.47381,38.2214,79.7581,,75.0663,-0.50172,-0.665,-0.6156,0.296667,,14331,93.5649,5.5,5.5561,111,99.8,115.5,100.228,73.3118,114.974
2004-08-01,1.85955,1.12318,2.50818,4.28136,1.77318,2.35136,2.42182,42.7441,80.8234,,68.8746,-0.479175,-0.6725,-0.64875,0.255238,,14345,93.6277,5.4,5.45274,110,99.7,115.9,100.095,73.825,115.147
2004-09-01,1.79905,1.10286,2.52524,4.12571,1.60048,2.25238,2.32667,43.1968,80.6739,,76.7741,-0.607525,-0.672,-0.63425,0.25381,,14332,93.7467,5.4,5.44067,110.6,99.6,116.1,99.9866,74.6371,114.709
2004-10-01,1.729,0.9745,2.5845,4.097,1.5125,2.373,2.368,49.7767,86.4742,,89.0859,-0.5599,-0.6724,-0.5734,0.323,,14332,94.5465,5.5,5.52187,111.1,99.4,115.7,99.8979,74.6371,113.077
2004-11-01,1.676,0.9035,2.852,4.194,1.342,2.6215,2.518,43.1105,83.8367,,84.4903,-0.805875,-0.685,-0.6175,0.234,,14306,94.7813,5.4,5.46326,112,99.2,114.8,99.821,74.4132,110.177
2004-12-01,1.66864,0.923636,3.01182,4.23091,1.21909,2.67455,2.56227,39.6022,82.6,,66.3438,-0.79634,-0.676,-0.6264,0.3135,,14285,95.5365,5.4,5.46646,111.6,99,114.4,99.7546,74.4876,108.974
2005-01-01,1.7235,1.129,3.2225,4.2215,0.999,2.578,2.498,44.509,85.4929,,58.9227,-0.728075,-0.6685,-0.62325,0.330526,,14257,95.8801,5.3,5.31161,113.8,98.9,120.9,99.6999,74.9345,109.542
2005-02-01,1.63105,1.08316,3.38474,4.16526,0.780526,2.68316,2.53421,45.475,87.4285,,55.1614,-0.90595,-0.68175,-0.636,0.277895,,14272,96.5761,5.4,5.43647,113,99,107.6,99.6614,76.2834,109.743
2005-03-01,1.78727,1.28864,3.72682,4.49773,0.770909,2.87682,2.71045,53.1045,94.5962,,53.3259,-0.8466,-0.65475,-0.5705,0.287143,,14268,96.4456,5.2,5.2645,112.2,98.8,115.1,99.6543,75.5968,109.16
2005-04-01,1.70571,1.22857,3.65381,4.34095,0.687143,2.77,2.63524,51.8838,94.1886,,72.5898,-0.69056,-0.5972,-0.513,0.371905,,14249,96.6532,5.2,5.24321,112.9,98.9,116,99.6722,75.37,110.081
2005-05-01,1.65333,1.2781,3.64381,4.14429,0.500476,2.57476,2.49095,48.6455,91.7491,,67.8639,-0.66475,-0.56975,-0.50675,0.4345,,14255,96.7402,5.1,5.2003,112.2,98.9,116.6,99.7085,75.2193,110.577
2005-06-01,1.67455,1.39091,3.64045,3.99818,0.357727,2.38136,2.32364,54.3545,95.5137,,70.6258,-0.70945,-0.56975,-0.484,0.453182,,14227,97.1753,5,5.08925,111.7,98.8,116.8,99.767,74.6175,111.639
2005-07-01,1.8765,1.6695,3.871,4.1775,0.3065,2.3095,2.301,57.52,97.7678,,63.9459,-0.83382,-0.5784,-0.471,0.4005,,14225,96.8676,5,5.02788,111.6,98.5,116.1,99.8493,74.6175,112.103
2005-08-01,1.88913,1.71,4.04435,4.26261,0.218261,2.41217,2.37348,63.9835,103.612,,61.7947,-0.852,-0.5745,-0.44575,0.359545,,14200,97.1833,4.9,4.95377,112.5,98.6,116,99.9443,74.7668,110.642
2005-09-01,1.69905,1.39524,3.94619,4.19905,0.252857,2.61095,2.5,62.9082,107.613,,92.7738,-0.78562,-0.5436,-0.3634,0.492381,,14173,95.3005,5,5.10876,111.5,98.4,116.5,100.038,75.2901,110.513
2005-10-01,1.9425,1.6955,4.271,4.4635,0.1925,2.633,2.521,58.5386,107.002,,66.8356,-0.740875,-0.54125,-0.40675,0.464,,14189,96.4572,5,4.9929,111,98.6,116.1,100.121,75.5913,111.567
2005-11-01,2.0635,1.9735,4.4165,4.535,0.1185,2.479,2.4715,55.2418,101.063,,65.7272,-0.806125,-0.55175,-0.48375,0.4665,,14184,97.5414,5,5.13679,113.7,98.6,116.6,100.185,75.3645,112.363
2005-12-01,2.12333,2.08524,4.40429,4.46714,0.0628571,2.30714,2.34381,56.8557,106.106,,61.4858,-0.69398,-0.53,-0.4052,0.606,,14189,98.0452,4.9,4.94044,112.3,98.5,116.5,100.228,75.666,111.651
2006-01-01,2.006,1.9325,4.3955,4.416,0.0205,2.413,2.41,62.9852,107.778,,70.5239,-0.91245,-0.551,-0.4165,0.369,,14208,98.1999,4.7,4.75386,112.4,98.1,,100.264,76.6496,110.198
2006-02-01,2.04895,1.98,4.66842,4.56895,-0.0994737,2.59211,2.52,60.21,106.111,,58.7692,-1.02893,-0.58975,-0.47925,0.321579,,14208,98.2413,4.8,4.87134,111.5,98.1,120.1,100.312,77.0329,110.377
2006-03-01,2.19739,2.09174,4.73391,4.72391,-0.01,2.62435,2.52652,62.0648,106.946,,58.7584,-1.0283,-0.5938,-0.4872,0.408261,,14210,98.4628,4.7,4.75492,112,97.9,117.8,100.347,76.3396,110.536
2006-04-01,2.40895,2.26,4.88895,4.99053,0.101579,2.64211,2.58158,70.26,115.589,,71.1619,-1.02388,-0.58275,-0.452,0.467778,,14223,98.7618,4.7,4.8201,111.2,97.7,116.6,100.371,76.4923,109.765
2006-05-01,2.44591,2.30364,4.96818,5.11,0.141818,2.69409,2.66409,69.777,119.796,,63.6119,-0.9682,-0.5585,-0.4155,0.469048,,14200,98.7869,4.6,4.71683,113.5,97.6,117.9,100.391,76.4158,107.544
2006-06-01,2.52955,2.45182,5.12182,5.10636,-0.0154545,2.61545,2.57682,68.5559,117.08,,73.5893,-0.8175,-0.5032,-0.354,0.593636,,14210,99.0997,4.6,4.70301,113,97.4,119.5,100.415,76.0337,108.796
2006-07-01,2.507,2.4555,5.1185,5.0875,-0.031,2.5845,2.5805,73.6743,121.481,,70.022,-0.866325,-0.501,-0.3725,0.5505,,14185,99.0489,4.7,4.81047,111.8,97.5,116.7,100.454,75.8056,108.505
2006-08-01,2.29087,2.26739,4.90348,4.87652,-0.0269565,2.55478,2.58565,73.2304,122.114,,60.7611,-0.9511,-0.5485,-0.44675,0.460909,,14154,99.4836,4.7,4.70105,109.6,97.6,115.7,100.519,76.033,107.808
2006-09-01,2.3195,2.377,4.769,4.719,-0.05,2.2905,2.3995,61.9586,112.406,,57.3273,-0.88042,-0.5646,-0.4688,0.578,,14120,99.3183,4.5,4.60168,112.8,97.4,116.1,100.621,76.4132,108.054
2006-10-01,2.41143,2.51048,4.79571,4.72905,-0.0666667,2.17619,2.31762,57.8082,110.708,,60.2849,-0.95635,-0.57725,-0.52975,0.455714,,14068,99.2044,4.4,4.45203,110.8,97.2,114.7,100.763,76.4896,108.358
2006-11-01,2.2919,2.4081,4.74048,4.59524,-0.145238,2.17429,2.30333,58.7614,113.463,,57.9888,-0.9501,-0.58875,-0.532,0.429524,,14034,99.1627,4.5,4.5679,108.5,97.3,114.9,100.941,76.719,107.459
2006-12-01,2.2505,2.283,4.6735,4.5645,-0.109,2.25,2.314,62.4721,115.404,,56.6021,-0.91554,-0.5818,-0.4158,0.514737,,14009,100.174,4.4,4.52308,110.6,97.3,114.7,101.141,77.7931,106.657
2007-01-01,2.43667,2.47238,4.87619,4.75952,-0.116667,2.28048,2.32286,53.6814,110.906,,63.6875,-1.02005,-0.6225,-0.47125,0.384762,,14004,99.8346,4.6,4.66728,109.9,97.2,,101.35,78.3377,107.679
2007-02-01,2.36053,2.34105,4.84895,4.72263,-0.126316,2.36947,2.36211,57.5558,116.903,,54.5824,-1.10088,-0.637,-0.529,0.332632,,13993,100.775,4.5,4.61288,110.5,97.2,112.6,101.54,79.121,107.273
2007-03-01,2.17682,2.03909,4.57364,4.56455,-0.00909091,2.44182,2.38773,62.0505,119.609,,64.1597,-0.85352,-0.5864,-0.4574,0.408636,,13964,100.955,4.4,4.4493,111.7,97.4,117.6,101.729,78.8837,106.748
2007-04-01,2.25571,2.11619,4.66619,4.69381,0.027619,2.47714,2.4381,67.4858,126.414,,59.5922,-1.00105,-0.55775,-0.43275,0.492105,,13939,101.633,4.5,4.57339,110.3,97.4,117.4,101.921,78.8048,105.403
2007-05-01,2.37364,2.28955,4.76636,4.74636,-0.02,2.37773,2.37273,67.2123,126.766,,58.2266,-0.94125,-0.525,-0.34325,0.629048,,13922,101.731,4.4,4.50781,110.4,97.7,118.1,102.111,79.0412,104.5
2007-06-01,2.69095,2.65381,4.98048,5.10286,0.122381,2.37238,2.4119,71.0457,127.076,,57.6473,-0.73176,-0.4954,-0.2794,0.749048,,13903,101.789,4.6,4.61414,109.7,98.1,119.4,102.299,79.3574,104.248
2007-07-01,2.63667,2.59571,4.81905,5.00429,0.185238,2.28905,2.36762,76.93,129.61,,47.5894,-0.566975,-0.3665,-0.22725,0.538571,,13881,101.667,4.7,4.69595,108.7,98.5,118,102.481,80.0716,102.937
2007-08-01,2.43826,2.38826,4.31304,4.67478,0.361739,2.04391,2.23652,70.7609,125.571,,78.5587,0.74106,0.0754,0.4722,1.295,,13821,101.863,4.6,4.67334,109.6,98.9,117.5,102.656,81.0324,103.487
2007-09-01,2.25737,2.14263,4.01158,4.52158,0.51,2.05632,2.26421,77.1732,131.729,,99.0733,1.13075,0.19675,0.64325,1.59211,,13784,102.089,4.7,4.78989,109.3,99.1,118.9,102.819,81.2755,102.114
2007-10-01,2.20227,2.00682,3.96773,4.52773,0.56,2.19136,2.32545,82.34,139.446,,79.1533,0.64,0.021,0.3265,1.24091,,13756,101.802,4.7,4.76652,110.9,99.3,117.9,102.952,81.5194,100.051
2007-11-01,1.768,1.3525,3.3365,4.1485,0.812,2.3145,2.3805,92.4143,147.591,,82.6087,1.37096,0.3052,0.769,1.69,,13751,102.345,4.7,4.77115,110.7,99.5,117.3,103.037,82.09,98.6049
2007-12-01,1.789,1.272,3.117,4.0975,0.9805,2.2155,2.3085,90.9268,147.76,,96.4305,1.76202,0.5845,1.18875,1.99684,,13739,102.38,5,5.05261,110.7,99.6,117.4,103.054,82.9109,99.453
2008-01-01,1.46905,0.857619,2.47571,3.74429,1.26857,2.12286,2.27524,92.1781,154.374,,134.443,1.39392,0.4635,0.92325,1.16762,,13717,102.245,5,4.99517,113.4,100.5,,102.984,83.9058,98.6522
2008-02-01,1.405,0.648,1.973,3.7375,1.7645,2.131,2.3325,94.9865,161.418,,98.0441,1.28514,0.6302,1.1268,0.9645,,13690,101.844,4.9,4.93279,111.1,100.5,115.4,102.809,86.0874,97.8066
2008-03-01,1.091,0.2275,1.617,3.51,1.893,2.256,2.419,103.636,171.156,,117.884,2.15488,0.9575,1.6795,1.51842,,13650,101.534,5.1,5.11657,109.6,101.1,117.8,102.529,85.4848,95.8746
2008-04-01,1.36227,0.615455,2.04727,3.675,1.62773,2.22591,2.31273,109.071,177.783,,91.181,1.82187,0.799,1.353,1.50136,,13589,100.879,5,5.0699,111.6,101.5,115.7,102.136,85.5703,95.5019
2008-05-01,1.46,0.792857,2.44571,3.88,1.43429,2.36048,2.42,122.797,190.227,,77.8793,1.12686,0.5384,0.975,0.948,,13555,100.267,5.4,5.5404,111.3,102.2,116,101.626,85.228,95.8315
2008-06-01,1.62857,0.969048,2.77381,4.09952,1.32571,2.51619,2.47095,132.322,199.219,,87.1599,1.40897,0.6555,1.1295,0.909048,,13494,100.034,5.6,5.63108,109.9,102.8,116,101.001,85.0575,96.0363
2008-07-01,1.56909,0.840455,2.57318,4.00773,1.43455,2.46273,2.43864,132.718,200.805,,95.8087,1.66305,0.762,1.29175,1.16682,,13419,99.676,5.8,5.87718,111.1,103.6,114.7,100.275,85.1426,95.3524
2008-08-01,1.67619,1.1481,2.42048,3.88571,1.46524,1.99381,2.20952,113.243,179.825,,89.7984,1.63148,0.7392,1.1988,1.0825,,13348,98.1111,6.1,6.15329,109,103.8,112.8,99.483,85.0574,97.8434
2008-09-01,1.85,1.55333,2.07619,3.68619,1.61,1.33095,1.83619,97.2348,164.875,,162.002,3.14845,1.40175,1.94975,2.00238,,13267,93.7895,6.1,6.27842,107.4,103.7,111.4,98.6749,85.0574,100.195
2008-10-01,2.75227,2.75409,1.61227,3.81409,2.20182,-0.0277273,1.06182,71.5822,134.845,,207.622,8.49992,2.5038,3.4048,3.35273,,13138,94.7219,6.5,6.59481,107.4,103.6,108.2,97.9097,84.8023,106.89
2008-11-01,2.88833,3.69056,1.21278,3.52667,2.31389,-1.39889,0.638333,52.4526,114.36,,143.303,6.73715,3.0265,3.78325,2.09889,,13026,93.4715,6.8,6.90854,104.2,102.9,105.4,97.2553,84.1239,109.533
2008-12-01,2.17,1.76182,0.820909,2.41636,1.59545,-0.24,0.246364,39.9468,101.831,,144.132,6.10925,2.93975,3.81125,1.79571,,12842,90.8357,7.3,7.47159,100.4,102.4,105.7,96.7707,83.9556,108.355
2009-01-01,1.912,1.585,0.807,2.5175,1.7105,0.0115,0.6055,43.4395,104.476,,145.537,4.19768,2.3336,3.0036,1.083,,12552,88.57,7.8,7.92959,98.6,102,111,96.4873,84.7112,109.01
2009-02-01,1.75211,1.28947,0.975263,2.87,1.89474,0.582105,1.11789,43.3247,100.923,,146.938,3.9069,2.12125,2.79725,0.946842,,12371,88.031,8.3,8.42448,101.1,101.5,111,96.4203,84.7112,111.759
2009-03-01,1.70909,1.22727,0.931364,2.81955,1.88818,0.588636,1.11045,46.5405,100.907,,131.618,3.84547,2.041,2.86575,1.05364,,12196,86.6528,8.7,8.86427,95.8,100.9,108.3,96.5507,84.4571,112.244
2009-04-01,1.56762,1.11048,0.927143,2.92714,2,0.747619,1.35952,50.1819,102.906,,101.952,2.83858,1.57775,2.19025,0.9495,,12017,85.9344,9,9.16315,94.9,100.4,107.3,96.8279,84.2882,109.464
2009-05-01,1.717,1.071,0.9295,3.293,2.3635,1.063,1.576,57.3025,111.765,,102.976,1.79992,1.0328,1.5494,0.640526,,11850,85.0665,9.4,9.52056,95.1,100.4,108.9,97.2062,84.0353,106.321
2009-06-01,1.86227,1.18,1.18409,3.72182,2.53773,1.52591,1.85955,68.6095,120.511,,115.972,1.38742,0.7725,1.265,0.443636,,11713,84.7459,9.5,9.52078,96.2,100.4,110.7,97.6354,83.6151,104.963
2009-07-01,1.82273,1.17864,1.01909,3.56227,2.54318,1.28409,1.73955,64.4355,116.33,,104.826,1.01362,0.5508,0.9704,0.329091,,11654,85.7027,9.5,9.5107,98.4,100.3,110.8,98.0704,83.6151,104.57
2009-08-01,1.77381,1.28952,1.11524,3.58714,2.4719,1.28143,1.81333,72.5086,122.805,,101.726,0.63355,0.29225,0.61975,0.2515,,11612,86.6426,9.6,9.71247,99.2,100.6,112.3,98.4844,84.0332,103.32
2009-09-01,1.6419,1.02571,0.95619,3.4019,2.44571,1.34333,1.76,67.6462,119.115,,106.323,0.33415,0.15075,0.44075,0.173333,,11580,87.4063,9.8,9.99318,99.7,100.5,113.9,98.8602,84.3693,102.543
2009-10-01,1.48333,0.832381,0.949048,3.38762,2.43857,1.50048,1.90429,72.7695,126.626,,91.8189,0.30474,0.0498,0.3486,0.205714,,11527,87.6419,10,10.1784,98.6,100.4,116.1,99.1846,84.287,101.083
2009-11-01,1.27526,0.484211,0.803158,3.40263,2.59947,1.74632,2.12737,76.662,131.5,,104.426,0.19615,-0.00475,0.25825,0.216842,,11498,88.0221,9.9,10.0345,101.3,100.4,119.2,99.4508,84.5407,100.605
2009-12-01,1.36455,0.431818,0.874545,3.59,2.71545,1.90864,2.22545,74.4564,134.078,,101.735,-0.0747,-0.10225,0.12075,0.200952,,11465,88.3793,9.9,10.1034,101.7,100.6,118.5,99.6553,85.3861,101.018
2010-01-01,1.37474,0.417895,0.928947,3.73316,2.80421,2.06632,2.35842,76.1674,139.843,,117.743,-0.19208,-0.1978,-0.0388,0.188421,,11447,89.3426,9.8,9.91006,103.1,100.3,112.8,99.8013,85.8934,101.329
2010-02-01,1.41895,0.415789,0.856842,3.69105,2.83421,1.94789,2.27211,73.7521,136.567,,112.853,-0.091475,-0.21775,-0.04775,0.141053,,11439,89.6779,9.8,9.93251,105.2,100.2,112.8,99.8902,86.9291,102.784
2010-03-01,1.50826,0.561304,0.958696,3.72739,2.7687,1.87174,2.21913,78.8274,141.516,,113.055,-0.41155,-0.3595,-0.23425,0.117826,,11439,90.2928,9.9,10.048,105.4,100.1,118.1,99.9393,86.3162,101.963
2010-04-01,1.50091,0.620455,1.06045,3.84682,2.78636,1.96091,2.34591,84.8176,149.322,,108.71,-0.37292,-0.4408,-0.392,0.15,,11475,90.5991,9.9,10.1472,106.3,100.3,117.8,99.9572,86.4923,101.456
2010-05-01,1.307,0.4095,0.8305,3.42,2.5895,1.7705,2.113,75.9455,140.45,,145.691,0.701775,-0.19225,-0.062,0.299474,,11511,91.823,9.6,9.8502,106.3,100.6,116.5,99.9543,86.4078,104.265
2010-06-01,1.25682,0.344545,0.724545,3.20409,2.47955,1.65182,1.94727,74.7609,137.724,,136.259,0.727625,-0.07175,0.0605,0.414545,,11529,91.9928,9.4,9.51614,106.4,100.4,113.7,99.9481,85.8864,104.833
2010-07-01,1.24095,0.340476,0.616667,3.01143,2.39476,1.42238,1.77048,75.58,137.811,,147.17,0.51454,-0.2064,-0.1178,0.351905,,11546,92.3421,9.4,9.49931,106.9,100.5,113.4,99.9625,86.2316,103.2
2010-08-01,1.02182,0.129091,0.520455,2.69864,2.17818,1.33636,1.67682,77.0395,141.668,,122.243,0.38815,-0.2885,-0.19975,0.206667,,11538,92.6805,9.5,9.61462,106.7,100.5,113.9,100.012,86.7459,102.4
2010-09-01,0.909048,0.131429,0.48,2.64762,2.16762,1.27905,1.73857,77.8405,144.408,,132.437,0.11265,-0.3265,-0.241,0.138571,,11549,92.9537,9.5,9.68493,107.2,100.5,113.3,100.103,87.2673,101.4
2010-10-01,0.525,-0.3245,0.376,2.54,2.164,1.507,2.015,82.6648,152.192,,126.113,-0.07136,-0.425,-0.3596,0.1555,,11548,92.6903,9.4,9.67586,107.7,100.8,113.1,100.238,87.8803,98.7679
2010-11-01,0.666,-0.2055,0.454,2.763,2.309,1.5555,2.097,85.2748,157.08,,130.017,-0.080875,-0.47575,-0.426,0.144,,11571,92.7709,9.8,9.88701,107.3,101.1,113.3,100.414,88.8456,99.0493
2010-12-01,1.04409,0.205,0.618182,3.29091,2.67273,1.72955,2.24682,91.4468,166.148,,132.994,-0.19386,-0.5166,-0.4916,0.161,,11579,93.6787,9.3,9.5775,108.7,101.4,113.5,100.622,89.2894,99.7051
2011-01-01,1.0605,0.064,0.6145,3.394,2.7795,1.9305,2.3335,96.5235,172.457,,113.62,-0.30145,-0.602,-0.59725,0.147895,,11606,93.4814,9.1,9.23583,110,101.8,114.9,100.847,90.1842,98.553
2011-02-01,1.23789,0.246842,0.772632,3.57632,2.80368,2.01105,2.33842,103.716,178.715,,95.9844,-0.307075,-0.61825,-0.642,0.177895,,11637,93.1102,9,9.1584,109.4,102.1,114.9,101.069,91.3372,97.8022
2011-03-01,0.963913,-0.0882609,0.697391,3.41435,2.71696,2.20174,2.45043,114.643,184.765,,129.215,-0.176125,-0.5775,-0.53625,0.208696,,11659,94.0788,9,9.10134,110.9,102.7,114.8,101.273,91.1538,96.8669
2011-04-01,0.8635,-0.1425,0.7345,3.455,2.7205,2.3115,2.5915,123.259,194.274,,117.561,-0.41164,-0.6098,-0.5898,0.221111,,11689,93.7749,9.1,9.28393,110.3,103.1,113.4,101.45,91.2455,95.2627
2011-05-01,0.778571,-0.335238,0.555238,3.16857,2.61333,2.17762,2.39,114.989,186.913,,92.9943,-0.3175,-0.6095,-0.60725,0.22,,11697,93.888,9,9.20598,108.5,103.4,113.3,101.591,91.3372,95.225
2011-06-01,0.755455,-0.375455,0.410455,3.00227,2.59182,1.95545,2.24682,113.833,184.914,,124.031,-0.145175,-0.56375,-0.55425,0.212727,,11710,94.172,9.1,9.17251,110.3,103.7,115.1,101.693,91.6122,95.1999
2011-07-01,0.6235,-0.491,0.4065,3.003,2.5965,2.032,2.3795,116.973,187.901,,152.225,-0.2619,-0.4982,-0.5068,0.213,,11729,94.636,9,9.05405,110.1,104,114,101.751,92.014,94.5476
2011-08-01,0.135217,-0.747826,0.230435,2.30304,2.07261,1.76913,2.16783,110.22,183.195,,214.111,0.7759,-0.273,-0.181,0.268636,,11748,95.2749,9,9.09821,110.6,104.1,113.5,101.767,92.2755,95.0866
2011-09-01,0.077619,-0.715238,0.211429,1.97524,1.76381,1.61571,1.89762,112.834,180.697,,193.281,0.8975,-0.108,0.0146,0.337619,,11752,95.1961,9,9.1936,111.2,104.4,113.8,101.745,92.7111,97.9271
2011-10-01,0.186,-0.6345,0.2805,2.152,1.8715,1.696,1.966,109.55,174.853,,165.365,0.71475,-0.13425,-0.035,0.388,,11762,95.8568,8.8,9.01673,111.5,104.8,113.2,101.69,92.7983,98.8305
2011-11-01,0.0015,-0.853,0.2535,2.0135,1.76,1.761,2.012,110.768,176.815,,190.832,0.98725,-0.149,-0.05225,0.4605,,11753,95.8485,8.6,8.72169,111.8,105.1,112.4,101.609,92.624,99.4638
2011-12-01,-0.0314286,-0.778095,0.257143,1.9781,1.72095,1.66952,2.00952,107.87,173.416,,176.19,0.70966,-0.1602,-0.037,0.545,,11783,96.3571,8.5,8.70261,114.8,105.1,112.8,101.509,92.8854,100.4
2012-01-01,-0.108,-0.922,0.2405,1.9665,1.726,1.757,2.0745,110.686,176.461,,153.436,0.4682,-0.31075,-0.21025,0.531,,11820,96.9318,8.3,8.35199,111.2,105.4,111.4,101.399,94.2796,99.7781
2012-02-01,-0.2545,-1.1145,0.278,1.9675,1.6895,1.9455,2.222,119.327,181.914,,139.79,0.16635,-0.43275,-0.36925,0.4115,,11841,97.2435,8.3,8.38003,111.7,105.5,111.4,101.287,94.1924,98.048
2012-03-01,-0.141364,-1.02864,0.344545,2.17273,1.82818,2.04591,2.31409,125.445,185.642,,131.124,-0.00684,-0.477,-0.4368,0.386818,,11880,96.74,8.2,8.318,111.6,105.4,111.9,101.177,94.3667,98.6425
2012-04-01,-0.21381,-1.05762,0.291905,2.05286,1.76095,1.95238,2.26667,119.422,182.608,,128.086,0.099075,-0.4545,-0.41775,0.385789,,11897,97.4359,8.2,8.31358,111.8,105,109.3,101.071,94.2796,98.9607
2012-05-01,-0.341364,-1.12318,0.285,1.80318,1.51818,1.885,2.14455,110.34,171.977,,157.86,0.21815,-0.35775,-0.312,0.380952,,11908,97.6609,8.2,8.31666,112.7,104.9,109.6,100.975,94.0181,100.682
2012-06-01,-0.500476,-1.04762,0.291905,1.62238,1.33048,1.75905,2.12286,95.1557,160.902,,181.591,0.25884,-0.3006,-0.229,0.374211,,11918,97.6663,8.2,8.21833,113.5,104.9,109.5,100.889,93.4953,102.123
2012-07-01,-0.601905,-1.14762,0.248095,1.52667,1.27857,1.76714,2.12857,102.619,166.513,,149.978,0.06535,-0.381,-0.34275,0.357619,,11944,97.8713,8.2,8.22548,113.2,104.9,109.2,100.817,93.5825,101.641
2012-08-01,-0.585652,-1.19217,0.268696,1.67826,1.40957,1.90609,2.26391,113.356,171.365,,116.172,-0.12632,-0.4696,-0.435,0.329545,,11940,97.4525,8.1,8.15958,112.5,104.9,108.9,100.761,94.193,100.761
2012-09-01,-0.713158,-1.47053,0.255263,1.72316,1.46789,2.13947,2.43632,112.864,172.994,,151.508,-0.35175,-0.545,-0.53325,0.278947,,11934,97.381,7.8,7.93339,111.8,104.7,109.2,100.722,94.4821,99.1842
2012-10-01,-0.748571,-1.46571,0.277143,1.74619,1.46905,2.17429,2.49476,111.711,171.228,,149.624,-0.45995,-0.58175,-0.6075,0.224762,,11941,97.7193,7.8,8.00603,110.2,104.5,109.6,100.701,94.3834,98.8677
2012-11-01,-0.7725,-1.383,0.268,1.654,1.386,2.048,2.4265,109.059,169.088,,163.336,-0.36788,-0.5814,-0.596,0.2165,,11930,98.0777,7.7,7.86142,111.8,104.5,110.1,100.694,94.5409,99.5355
2012-12-01,-0.7575,-1.3995,0.257,1.719,1.462,2.0955,2.4765,109.494,169.958,,168.132,-0.5071,-0.60975,-0.61875,0.241053,,11939,98.3101,7.9,8.07036,111.9,104.5,110.3,100.7,95.2366,98.9607
2013-01-01,-0.608571,-1.38571,0.265238,1.91476,1.64952,2.19095,2.52333,112.96,174.016,,165.047,-0.635525,-0.6565,-0.66125,0.227143,,11962,98.3342,8,8.01542,114.1,104.4,,100.715,96.1886,98.8749
2013-02-01,-0.570526,-1.38737,0.267368,1.98421,1.71684,2.23368,2.55474,116.051,175.533,,121.086,-0.596225,-0.675,-0.672,0.192632,,11974,98.7941,7.7,7.77225,115.6,104.3,109.9,100.74,97.2463,99.6805
2013-03-01,-0.585,-1.4275,0.256,1.9575,1.7015,2.246,2.5425,108.474,171.203,,143.044,-0.64756,-0.6844,-0.736,0.193,,11977,99.1921,7.5,7.57582,115.5,104.1,108.9,100.774,96.3719,100.541
2013-04-01,-0.652273,-1.38,0.232273,1.75909,1.52682,2.09045,2.41136,102.248,167.8,,134.13,-0.610225,-0.71725,-0.79525,0.22,,11978,99.1065,7.6,7.68511,114.7,104.1,109.3,100.818,96.5624,100.187
2013-05-01,-0.355,-1.14091,0.250455,1.92818,1.67773,1.98182,2.28318,102.559,166.762,,106.182,-0.58796,-0.7364,-0.823,0.229524,,11978,99.1839,7.5,7.70972,115.7,103.5,109.2,100.869,95.9841,100.619
2013-06-01,0.2515,-0.5895,0.3335,2.3,1.9665,1.793,2.0485,102.919,164.041,,126.199,-0.068875,-0.67375,-0.70325,0.2215,,11982,99.3897,7.5,7.65347,116.1,103.7,108.9,100.928,95.9841,101.43
2013-07-01,0.46,-0.454545,0.340909,2.58227,2.24136,1.85773,2.12227,107.933,165.986,,107.454,-0.3608,-0.671,-0.70675,0.232273,,11962,99.0814,7.3,7.45547,115.8,103.6,109.7,100.992,96.079,101.985
2013-08-01,0.552727,-0.332727,0.356364,2.73727,2.38091,1.85318,2.18455,111.28,168.575,,118.423,-0.29854,-0.6936,-0.7528,0.218571,,11992,99.6543,7.2,7.37731,116.3,103.6,110.4,101.054,96.5623,101.866
2013-09-01,0.664,-0.1715,0.404,2.8095,2.4055,1.7675,2.1455,111.596,167.941,,136.985,-0.3387,-0.69175,-0.751,0.237,,12010,100.161,7.2,7.37597,116.4,103.7,110.2,101.11,97.3319,101.653
2013-10-01,0.428636,-0.410455,0.335455,2.61591,2.28045,1.77727,2.18727,109.077,165.381,,166.476,-0.4435,-0.72975,-0.78475,0.194091,,12033,100.082,7.2,7.40565,116.3,103.6,110.3,101.155,97.4296,100.633
2013-11-01,0.547895,-0.382105,0.303684,2.71842,2.41474,1.75316,2.17053,107.792,163.563,,102.397,-0.56386,-0.7774,-0.8518,0.172105,,12054,100.316,6.9,7.10571,118.7,103.7,110,101.187,97.3318,101.525
2013-12-01,0.738571,-0.0933333,0.34,2.9019,2.5619,1.66952,2.16333,110.757,167.155,,120.209,-0.548425,-0.796,-0.88475,0.1775,,12060,100.517,6.7,6.84688,117.4,103.8,109.7,101.205,97.6238,101.71
2014-01-01,0.631905,-0.0914286,0.39381,2.8581,2.46429,1.7381,2.22619,108.118,165.544,,113.849,-0.53786,-0.7888,-0.888,0.196667,,12058,100.16,6.6,6.64603,115.9,103.7,,101.213,98.6,102.652
2014-02-01,0.552105,-0.258421,0.326842,2.70947,2.38263,1.77421,2.15737,108.901,169.33,,99.6794,-0.571875,-0.789,-0.89,0.183158,,12084,100.917,6.7,6.7912,117.8,103.9,108.6,101.211,99.1,102.91
2014-03-01,0.555714,-0.137619,0.399048,2.72333,2.32429,1.77714,2.16762,107.481,168.62,,112.482,-0.6092,-0.796,-0.87725,0.18,,12096,101.894,6.7,6.76533,119.7,103.8,108.8,101.201,98.6,102.824
2014-04-01,0.542857,-0.107619,0.417143,2.70524,2.2881,1.80857,2.16238,107.755,170.1,,108.511,-0.619975,-0.7875,-0.841,0.1985,,12109,101.993,6.2,6.34732,120.2,103.8,108.7,101.181,98.2,102.431
2014-05-01,0.368095,-0.342857,0.389048,2.55905,2.17,1.93571,2.19095,109.539,168.084,,105.314,-0.69968,-0.7942,-0.8304,0.194,,12120,102.384,6.3,6.40097,120.7,104.1,108.8,101.149,98.3,102.107
2014-06-01,0.369524,-0.291429,0.452381,2.59857,2.14619,1.97048,2.22905,111.795,168.35,,90.1999,-0.798425,-0.80375,-0.864,0.194286,,12146,102.735,6.1,6.16993,119.4,104.1,109.2,101.106,98.2,102.257
2014-07-01,0.279545,-0.271364,0.506364,2.54227,2.03591,1.97091,2.26273,106.768,164.812,,92.6309,-0.712075,-0.77,-0.82225,0.205909,,12165,102.963,6.2,6.26569,120.1,103.9,109,101.052,98.2,102.015
2014-08-01,0.22381,-0.21,0.472381,2.42,1.94762,1.84143,2.19619,101.608,159.264,,96.1081,-0.6034,-0.7396,-0.796,0.2005,,12182,102.769,6.1,6.16527,120.4,103.7,106.9,100.986,98.4,102.93
2014-09-01,0.460952,0.0971429,0.566667,2.53429,1.96762,1.67667,2.07333,97.0914,154.194,,119.655,-0.50165,-0.70875,-0.791,0.211905,,12201,103.064,5.9,6.04679,121.6,103.7,108,100.913,98.9,104.479
2014-10-01,0.384091,0.0645455,0.445455,2.30409,1.85864,1.48136,1.92,87.4252,145.753,,110.969,-0.2706,-0.656,-0.733,0.213182,,12233,103.076,5.7,5.88454,122.3,103.7,107.7,100.83,98.9,105.824
2014-11-01,0.445556,0.142778,0.527222,2.32556,1.79833,1.47778,1.88,79.4379,139.118,,117.379,-0.390925,-0.66375,-0.76275,0.209444,,12260,103.713,5.8,5.90364,122.9,103.6,107.2,100.74,98.6,107.615
2014-12-01,0.510455,0.365455,0.635455,2.20727,1.57182,1.27455,1.69682,62.335,125.943,,109.498,-0.1689,-0.615,-0.69575,0.215238,,12266,103.704,5.6,5.69614,122.8,103.7,107.9,100.644,99,110.21
2015-01-01,0.2745,0.166,0.5515,1.8815,1.33,1.2085,1.607,47.7595,114.035,,126.991,0.04442,-0.5316,-0.6048,0.226,,12265,102.891,5.7,5.73365,122.6,103.5,,100.541,99.3,112.582
2015-02-01,0.26,0.110526,0.618947,1.97526,1.35632,1.36211,1.71526,58.0955,117.196,,113.933,-0.220875,-0.52325,-0.58,0.241579,,12275,102.234,5.5,5.56334,121.7,103.4,106.8,100.434,100.5,114.031
2015-03-01,0.280909,0.0418182,0.640455,2.04273,1.40227,1.47727,1.76182,55.8855,113.292,,109.955,-0.17315,-0.54225,-0.58975,0.240455,,12286,101.891,5.4,5.53924,122.6,103.3,105.6,100.326,99.9,116.115
2015-04-01,0.0768182,-0.263182,0.54,1.935,1.395,1.61773,1.85818,59.5243,114.575,,99.3936,-0.31865,-0.5505,-0.59275,0.2545,,12291,101.335,5.4,5.53691,121.6,103.3,105.9,100.22,99.7,114.942
2015-05-01,0.332,-0.101,0.609,2.1975,1.5885,1.6395,1.8655,64.075,118.125,,102.952,-0.29026,-0.554,-0.581,0.263684,,12306,100.888,5.6,5.67854,121.7,103,106.1,100.118,99.5,114.059
2015-06-01,0.497727,0.0509091,0.688636,2.36364,1.675,1.63273,1.86591,61.4777,115.701,,117.945,-0.21405,-0.5505,-0.58125,0.267727,,12307,100.571,5.3,5.34593,121.4,102.9,106.8,100.02,99.5,114.938
2015-07-01,0.503636,0.136818,0.667727,2.32455,1.65682,1.49545,1.82091,56.5613,109.338,,121.838,-0.10316,-0.5274,-0.544,0.258636,,12323,101.223,5.2,5.32742,122.4,102.7,106,99.9247,99.9,116.925
2015-08-01,0.555714,0.311905,0.697619,2.16714,1.46952,1.22952,1.61143,46.515,102.333,,118.495,0.174025,-0.455,-0.4755,0.248,,12318,101.037,5.1,5.13243,122.9,102.6,106.1,99.8336,100.4,119.108
2015-09-01,0.65,0.334762,0.713333,2.17286,1.45952,1.15524,1.52286,47.6232,101.883,,151.93,0.28145,-0.408,-0.42275,0.31,,12326,100.755,5,5.09898,123.1,102.4,105.7,99.7477,100.5,120.014
2015-10-01,0.571429,0.211429,0.644762,2.07,1.42524,1.17429,1.49857,48.43,102.035,,114.384,0.19942,-0.4484,-0.4678,0.30619,,12334,100.267,5,5.18287,122.6,102.3,105.6,99.6667,100.1,118.968
2015-11-01,0.692632,0.404737,0.884737,2.26316,1.37842,1.26632,1.57053,44.2676,96.0425,,103.41,0.058125,-0.46325,-0.48325,0.244211,,12329,99.5298,5.1,5.18978,120.7,102,106.2,99.5906,100.1,120.774
2015-12-01,0.727727,0.46,0.982727,2.24273,1.26,1.23864,1.515,38.0055,90.5361,,110.719,0.385575,-0.3945,-0.37925,0.305238,,12333,99.0417,5,5.12357,120.3,101.9,105.9,99.5185,100.6,122
2016-01-01,0.665263,0.327895,0.899474,2.08526,1.18579,1.19053,1.42,30.6995,85.2715,,143.155,0.69394,-0.322,-0.3094,0.363684,,12354,99.5607,4.8,4.94338,122.1,101.8,,99.4497,101.1,124.627
2016-02-01,0.472,0.1385,0.7335,1.7795,1.046,1.0835,1.3075,32.1815,86.9885,,145.442,0.7857,-0.3115,-0.298,0.311,,12337,99.0445,4.9,4.99067,121.4,101.6,105.4,99.3847,102.7,123.631
2016-03-01,0.337273,-0.0331818,0.875,1.88909,1.01409,1.40909,1.55182,38.2105,93.5652,,156.885,0.216875,-0.362,-0.3485,0.337143,,12313,98.3096,5,5.0889,120.4,101.4,106.8,99.3242,102.2,121.118
2016-04-01,0.190476,-0.22381,0.768095,1.80524,1.03714,1.4819,1.61476,41.5833,96.9262,,140.076,0.1805,-0.3906,-0.3372,0.404762,,12325,98.6421,5.1,5.11821,122.8,101.3,106,99.2679,102,119.167
2016-05-01,0.211905,-0.22,0.81619,1.80619,0.99,1.52048,1.59429,46.7424,100.854,,123.494,0.139175,-0.38675,-0.326,0.3685,,12303,98.4184,4.8,4.88655,122,101.2,106,99.2169,101.6,120.431
2016-06-01,0.174091,-0.269545,0.731364,1.64409,0.912727,1.43591,1.47,48.2473,103.505,,227.962,0.2865,-0.36575,-0.295,0.382273,,12321,98.8833,4.9,4.94473,122.9,101,106.2,99.1721,101.4,120.871
2016-07-01,0.0385,-0.317,0.6725,1.504,0.8315,1.3885,1.4655,44.9519,102.8,,202.207,0.21364,-0.3602,-0.2816,0.4005,,12342,98.9992,4.8,4.87869,125.2,101,106,99.1344,101.6,121.7
2016-08-01,0.0882609,-0.170435,0.737391,1.55652,0.81913,1.30348,1.46826,45.843,103.149,,132.513,0.26655,-0.36575,-0.27725,0.515455,,12319,98.85,4.9,4.9164,123.2,100.8,106.3,99.1043,101.7,120.571
2016-09-01,0.115714,-0.171429,0.770952,1.63048,0.859524,1.34952,1.51476,46.5677,103.174,,134.358,0.35302,-0.3466,-0.2178,0.559048,,12317,98.7457,5,5.04747,122,100.7,106.1,99.082,102.4,121.513
2016-10-01,0.0975,-0.2605,0.843,1.7645,0.9215,1.5325,1.667,49.5224,106.743,,125.009,0.1574,-0.3695,-0.2555,0.5525,,12316,98.7611,4.9,4.96836,122.9,100.6,106.1,99.0685,102.3,122.644
2016-11-01,0.32,-0.0655,0.9795,2.142,1.1625,1.6615,1.822,44.7341,105.553,,226.217,0.087125,-0.41825,-0.36725,0.4615,,12311,98.3491,4.7,4.77041,123.1,100.2,106.2,99.0644,102.4,125.555
2016-12-01,0.55619,0.148095,1.19667,2.4919,1.29524,1.81095,1.93571,53.3085,111.471,,183.894,-0.10672,-0.4602,-0.417,0.471,,12324,99.0214,4.7,4.77193,124.2,100.2,106,99.0694,102.6,127.53
2017-01-01,0.421,0.031,1.2065,2.4325,1.226,1.8855,2.0115,54.5767,115.692,,246.671,-0.115425,-0.48575,-0.415,0.5135,,12334,98.7611,4.7,4.79863,123.8,99.9,,99.0827,103.7,127.361
2017-02-01,0.4,0.0147368,1.20105,2.41895,1.21789,1.88684,2.01895,54.8695,116.344,,184.955,-0.2008,-0.49475,-0.42725,0.521579,,12350,98.3646,4.6,4.68461,124.6,100,106.3,99.1018,103.5,125.566
2017-03-01,0.485652,0.176957,1.31304,2.48174,1.1687,1.83652,1.99609,51.5891,110.823,,233.118,-0.3581,-0.4872,-0.4468,0.397826,,12361,99.0137,4.4,4.47871,124.9,100.2,107.6,99.1232,103.2,125.038
2017-04-01,0.391053,0.0757895,1.24105,2.29737,1.05632,1.74842,1.90632,52.3079,111.101,,174.196,-0.3619,-0.50025,-0.46375,0.363333,,12367,100.022,4.4,4.45254,125.3,100.1,106.5,99.1422,103.2,124.12
2017-05-01,0.466818,0.0904545,1.30182,2.30364,1.00182,1.74636,1.83682,50.3265,108.907,,142.439,-0.555475,-0.5365,-0.49925,0.292857,,12377,100.141,4.4,4.40475,125.9,100.1,106.5,99.1564,103.3,123.633
2017-06-01,0.458182,0.141364,1.34227,2.18682,0.844545,1.63273,1.72864,46.3682,105.672,,169.657,-0.61236,-0.5646,-0.5354,0.280455,,12390,100.347,4.3,4.35269,125.8,100,107.6,99.1636,103.1,122.018
2017-07-01,0.546,0.2305,1.3725,2.318,0.9455,1.6415,1.772,48.4786,108.206,,162.896,-0.6383,-0.57725,-0.5775,0.2395,,12390,100.107,4.3,4.38444,128.2,100.1,106.4,99.1614,103,120.348
2017-08-01,0.433478,0.161739,1.33522,2.20913,0.873913,1.61478,1.77565,51.7043,111.042,,139.123,-0.4916,-0.56875,-0.553,0.297727,,12435,99.6925,4.4,4.44952,128.9,100.1,106,99.1501,103.5,119.033
2017-09-01,0.368,0.1155,1.3845,2.202,0.8175,1.682,1.834,56.1529,114.086,,155.784,-0.59318,-0.5638,-0.5176,0.294,,12443,99.7954,4.3,4.29328,128.8,99.8,106.6,99.1309,104.1,117.904
2017-10-01,0.498095,0.249524,1.54952,2.36,0.810476,1.73143,1.8619,57.5077,115.558,,143.385,-0.71205,-0.58875,-0.56025,0.28619,,12457,101.025,4.2,4.14368,130.1,99.8,106.2,99.1047,104.2,120.024
2017-11-01,0.495714,0.297143,1.69667,2.35333,0.656667,1.75286,1.85762,62.7141,120.484,,158.386,-0.716625,-0.60375,-0.6015,0.203333,,12472,101.266,4.2,4.24249,131.7,100.1,106.1,99.0724,104.2,120.249
2017-12-01,0.503,0.416,1.844,2.4025,0.5585,1.766,1.8995,64.3737,121.993,,146.28,-0.64958,-0.6096,-0.6066,0.285789,,12501,101.464,4.1,4.16952,133.3,100.1,106.2,99.035,104.5,119.931
2018-01-01,0.54,0.445238,2.0319,2.58381,0.551905,1.93667,2.04381,69.0773,128.435,,175.191,-0.65945,-0.61475,-0.6225,0.32,,12527,101.463,4,4.16894,131.3,100.1,,98.9923,105.2,117.194
2018-02-01,0.757368,0.634211,2.17526,2.85895,0.683684,1.96526,2.10158,65.3175,126.361,,124.933,-0.250775,-0.56775,-0.56125,0.305263,,12551,101.709,4.1,4.1793,133.7,100.2,107.2,98.943,106.5,117.55
2018-03-01,0.751905,0.608095,2.27571,2.84238,0.566667,2.02143,2.09048,66.0167,126.096,,179.373,0.08306,-0.51,-0.4946,0.476667,,12576,102.207,4,4.0818,135.3,100.4,106,98.8858,105.3,118.065
2018-04-01,0.741429,0.652381,2.38429,2.86905,0.484762,2.04952,2.12762,72.106,128.085,,163.319,0.0953,-0.52,-0.491,0.5915,,12595,103.333,4,4.04803,135.2,100.4,107,98.82,105.1,118.148
2018-05-01,0.835909,0.715,2.51182,2.97773,0.465909,2.10182,2.14182,76.9752,132.852,,170.229,-0.18905,-0.56175,-0.5475,0.469524,,12623,102.402,3.8,3.82493,136.2,100.5,106.8,98.7436,104.9,121.43
2018-06-01,0.794762,0.708095,2.53333,2.91238,0.379048,2.06762,2.11762,74.4048,131.642,,163.29,-0.19876,-0.552,-0.5364,0.431905,,12656,103.198,4,4.02646,136.9,100.5,106,98.6557,104.9,123.423
2018-07-01,0.774762,0.735238,2.60667,2.88905,0.282381,2.04238,2.11429,74.2541,129.829,,225.101,-0.401,-0.554,-0.5485,0.382381,,12676,103.365,3.8,3.84502,135.7,100.4,106,98.557,105.2,124.059
2018-08-01,0.79,0.785217,2.63565,2.88913,0.253478,1.98261,2.09913,72.5283,127.513,,170.625,-0.54752,-0.5892,-0.6078,0.290909,,12688,104.033,3.8,3.80539,136.2,100.2,106.1,98.4483,105.9,125.334
2018-09-01,0.881053,0.885263,2.76789,3.00421,0.236316,2.00842,2.12316,78.891,131.714,,191.399,-0.719325,-0.6005,-0.6295,0.224737,,12710,104.1,3.7,3.72008,138,100.2,105.8,98.3311,106.6,126.04
2018-10-01,1.04091,1.01318,2.86091,3.15227,0.291364,1.98727,2.11136,81.0322,132.827,,211.726,-0.484725,-0.5735,-0.60325,0.215,,12731,103.986,3.8,3.79589,139.1,100,105.9,98.2072,106.8,126.876
2018-11-01,1.113,1.1025,2.859,3.117,0.258,1.8445,2.004,64.7482,121.456,,245.682,-0.15864,-0.5046,-0.5476,0.323,,12741,104.068,3.8,3.76372,139.2,99.9,105.4,98.0794,106.4,128.298
2018-12-01,1.01632,1.08,2.67632,2.83263,0.156316,1.60158,1.81632,57.3624,115.894,,217.748,0.427175,-0.43625,-0.454,0.424444,,12761,104.094,3.9,3.97966,137.2,99.9,105.7,97.9515,106.5,128.52
2019-01-01,0.92,0.908095,2.54333,2.71381,0.170476,1.6281,1.79381,59.4095,117.018,,241.368,-0.029675,-0.4785,-0.5095,0.4,,12790,103.402,4,4.05145,137.5,99.6,,97.8264,107,126.731
2019-02-01,0.799474,0.730526,2.50421,2.67632,0.172105,1.75737,1.87684,63.9605,118.757,,172.535,-0.323525,-0.56275,-0.59425,0.29,,12782,102.837,3.8,3.87811,136.3,99.4,105.3,97.7072,108.1,126.81
2019-03-01,0.658095,0.556667,2.40952,2.57095,0.161429,1.81619,1.91286,66.1386,119.373,,238.229,-0.49824,-0.6028,-0.6462,0.203333,,12788,102.876,3.8,3.8701,136.4,99.4,108.5,97.5964,107.7,127.21
2019-04-01,0.595714,0.494762,2.34476,2.53238,0.187619,1.83857,1.93667,71.2333,122.774,,188.797,-0.6806,-0.61725,-0.6665,0.207,,12785,102.274,3.7,3.62743,137.6,99.2,105.4,97.4968,107.8,127.355
2019-05-01,0.568636,0.479545,2.20636,2.395,0.188636,1.70818,1.82636,71.3177,119.645,,220.907,-0.40774,-0.5992,-0.656,0.180476,,12778,102.392,3.6,3.65458,137.4,99.1,105,97.4156,107.8,128.734
2019-06-01,0.374,0.276,1.814,2.074,0.26,1.549,1.7,64.2205,114.855,,317.301,-0.3227,-0.57725,-0.633,0.227,,12787,102.438,3.6,3.67946,136.6,98.9,106.3,97.3619,107.7,128.252
2019-07-01,0.306364,0.248636,1.835,2.05909,0.224091,1.57955,1.75273,63.9191,117.384,,247.13,-0.4537,-0.58325,-0.63125,0.195,,12790,101.941,3.7,3.76302,138.7,98.7,104.8,97.3458,108.1,127.848
2019-08-01,0.04,0.106364,1.57136,1.62636,0.055,1.38045,1.58636,59.0418,112.03,,288.16,0.01506,-0.5508,-0.5784,0.21619,,12789,102.639,3.6,3.68034,140.6,98.5,104.4,97.3811,108.9,130.37
2019-09-01,0.1125,0.1715,1.648,1.6995,0.0515,1.3935,1.587,62.8267,114.069,,235.635,-0.120525,-0.51675,-0.56225,0.2305,,12787,102.292,3.5,3.53804,137.1,98.3,105.8,97.4812,109.8,130.751
2019-10-01,0.145909,0.122727,1.55136,1.70682,0.155455,1.40227,1.56091,59.713,112.634,,200.807,0.063225,-0.5345,-0.55525,0.33,,12733,101.428,3.6,3.60637,137.1,98.2,104.7,97.6576,110.8,130.156
2019-11-01,0.171579,0.0910526,1.61263,1.81211,0.199474,1.54842,1.64053,63.2119,116.438,,240.63,-0.09996,-0.575,-0.6094,0.362105,,12777,101.937,3.6,3.59631,136.7,98,106.2,97.9205,111.2,129.919
2019-12-01,0.144762,0.0609524,1.61333,1.86286,0.249524,1.62143,1.7181,67.2171,119.293,,230.833,-0.2266,-0.559,-0.5625,0.372632,,12760,101.7,3.6,3.61782,135.4,98.2,106.9,98.2737,111.2,129.362
2020-01-01,0.0366667,-0.09,1.51905,1.75762,0.238571,1.65238,1.72095,63.6455,118.821,,190.511,-0.32458,-0.6072,-0.617,0.298095,,12745,101.034,3.6,3.72718,135.5,98.2,,98.7136,112.8,
2020-02-01,-0.111579,-0.257368,1.33105,1.50421,0.173158,1.58105,1.61579,55.657,110.155,,194.925,-0.19895,-0.46625,-0.599,0.162105,,12743,101.374,3.5,3.6008,135.1,98,86.5,73.3408,113.7,
2020-03-01,-0.116818,-0.0827273,0.448182,0.87,0.421818,0.674545,0.986818,32.0114,93.1753,,315.024,3.97655,0.09125,0.123,0.815455,,12684,97.4078,4.4,4.51035,133.9,98,98.9,99.7836,112.3,
2020-04-01,-0.445714,-0.370476,0.224762,0.657619,0.432857,0.758571,1.10333,18.3785,85.0534,,325.329,2.53337,0.25375,0.33775,0.9605,,11382,84.5619,14.8,15.5035,123.8,98.1,103.9,100.368,111.3,
2020-05-01,-0.4415,-0.4255,0.1705,0.674,0.5035,0.765,1.1155,29.3789,91.7258,,410.499,0.75894,-0.1162,-0.1244,0.275263,,11610,85.9604,13.2,13.7031,125.5,98,104.4,100.946,110.4,
2020-06-01,-0.544545,-0.669545,0.185,0.728636,0.543636,1.01409,1.27318,40.2668,99.8748,,306.528,0.304075,-0.355,-0.4575,0.151818,,11950,91.5934,11,10.6975,128.5,98,104.8,101.492,110.4,
2020-07-01,-0.832727,-1.03455,0.148182,0.623636,0.475455,1.31318,1.45636,43.2422,102.864,,309.07,0.07402,-0.4408,-0.507,0.140909,,11973,95.0256,10.2,9.81389,132.5,98.2,104.8,101.983,110,
2020-08-01,-1.01143,-1.28381,0.139524,0.65,0.510476,1.55048,1.66143,44.736,108.67,,286.013,-0.189775,-0.50375,-0.567,0.149,,11999,95.9549,8.4,8.20234,130.8,98.3,105.6,102.406,111.5,
2020-09-01,-0.976667,-1.26286,0.134762,0.679524,0.544762,1.53238,1.65619,40.9095,108.342,,305.688,0.027225,-0.5025,-0.6575,0.128571,,12057,95.9669,7.8,7.99641,131.2,98.3,106.9,102.75,111.7,
2020-10-01,-0.916667,-1.22524,0.149524,0.787143,0.637619,1.56095,1.70381,40.1895,111.241,,302.841,0.01156,-0.498,-0.5726,0.12,,12086,96.7394,6.9,7.05895,132,98.2,106.9,103.011,111.4,
2020-11-01,-0.842105,-1.23737,0.165789,0.87,0.704211,1.62526,1.71211,42.6924,115.21,,392.262,-0.266025,-0.5485,-0.5635,0.127895,,12118,97.0816,6.7,6.92955,132.3,98.3,107,103.195,110.7,
2020-12-01,-0.982273,-1.47955,0.135909,0.933636,0.797727,1.86545,1.91591,49.9936,125.238,,298.942,-0.403325,-0.59775,-0.57925,0.147619,,12153,98.363,6.7,6.95123,133.9,98.7,107.3,103.306,111.5,
2021-01-01,-1.00053,-1.65789,0.131053,1.08105,0.95,2.10316,2.08158,54.774,136.962,,269.409,-0.44338,-0.6198,-0.5976,0.138421,,12142,98.8822,6.4,6.39334,136.1,99.1,,103.352,112.55,
2021-02-01,-0.922105,-1.76895,0.115263,1.25789,1.14263,2.31158,2.18,62.2765,137.975,,193.001,-0.59965,-0.62825,-0.6435,0.148421,,12172,95.6149,6.2,6.26459,131.7,99.4,,103.34,113.219,
2021-03-01,-0.664348,-1.67391,0.146957,1.61087,1.46391,2.49696,2.27522,65.41,141.016,,210.052,-0.507525,-0.64325,-0.65275,0.157826,,12229,98.3856,6.1,6.15132,134.6,99.8,114.1,103.274,112.662,
2021-04-01,-0.714545,-1.66773,0.163182,1.635,1.47182,2.52955,2.34955,64.8065,145.219,,192.086,-0.75272,-0.6738,-0.6648,0.165,,12193,98.5587,6.1,6.31571,136.2,100.2,109.8,103.159,112.327,
2021-05-01,-0.847,-1.83,0.155,1.621,1.466,2.6495,2.468,68.5342,155.186,,171.942,-0.758325,-0.69475,-0.6665,0.136316,,12216,99.4333,5.8,5.84563,135.2,100.6,108.8,103,112.215,
2021-06-01,-0.823636,-1.62591,0.202727,1.51909,1.31636,2.46455,2.34273,73.1641,160.78,,169.205,-0.793275,-0.696,-0.69425,0.0963636,,12247,99.7987,5.9,5.79184,134,101,108.3,102.803,111.769,
2021-07-01,-1.00905,-1.73238,0.219524,1.31857,1.09905,2.49667,2.32762,75.1659,164.83,,187.236,-0.72684,-0.6724,-0.699,0.0780952,,12305,100.252,5.4,5.30849,132.9,101.7,106.4,102.576,112.104,
2021-08-01,-1.06545,-1.72136,0.217273,1.28318,1.06591,2.49364,2.34864,70.7471,163.189,,198.876,-0.721975,-0.6525,-0.6875,0.0690476,,12353,100.044,5.1,5.10596,131.7,102,105.3,102.33,112.215,
2021-09-01,-0.969524,-1.63286,0.240952,1.37476,1.13381,2.49667,2.34429,74.4886,171.58,,209.316,-0.6646,-0.65575,-0.72275,0.0819048,,12393,98.8579,4.7,4.83379,132.8,102.2,103.1,102.075,112.215,
2021-10-01,-0.9525,-1.639,0.3925,1.5825,1.19,2.745,2.535,83.5381,191.498,,185.617,-0.7357,-0.6458,-0.6898,0.074,,12453,100.186,4.5,4.52554,134.5,102.5,103.5,101.824,112.996,
2021-11-01,-1.0565,-1.78,0.508,1.5595,1.0515,2.9825,2.616,81.05,183.105,,227.151,-0.653975,-0.57975,-0.58675,0.107,,12498,100.865,4.1,4.2268,135.5,102.7,103.8,101.584,113.442,
2021-12-01,-0.993182,-1.51955,0.68,1.465,0.785,2.74909,2.45818,74.1705,186.693,,255.118,-0.53666,-0.5472,-0.5298,0.144,,12537,100.573,3.9,4.02473,136.1,103.4,104.3,101.36,113.108,
2022-01-01,-0.6855,-1.2585,0.9805,1.764,0.7835,2.797,2.4495,86.5052,192.245,,219.446,-0.481325,-0.557,-0.55525,0.113077,,12564,100.186,4,4.15473,137.3,103.9,,101.155,113.665,
2022-02-01,-0.523684,-1.05895,1.43526,1.93421,0.498947,2.87053,2.45789,97.129,203.492,,174.491,-0.3125,-0.481,-0.47675,,,12601,100.806,3.9,3.94586,137.3,104.2,,100.972,114.335,
2022-03-01,-0.718696,-1.30174,1.90957,2.12783,0.218261,3.41087,2.84652,117.245,239.874,,294.549,-0.114125,-0.386,-0.306,,,12674,101.391,3.7,3.75746,139.1,104.7,105,100.811,114.335,
2022-04-01,-0.1365,-0.538,2.538,2.7475,0.2095,3.3155,2.884,104.575,228.288,,266.729,-0.26106,-0.3538,-0.3012,,,12726,101.44,3.7,3.68354,138.4,104.8,97.1,100.669,114.781,
2022-05-01,0.209524,-0.152857,2.61667,2.8981,0.281429,3.02714,2.68857,113.338,226.33,,272.077,0.346875,-0.28375,-0.16725,,,12735,101.334,3.6,3.626,138.1,104.6,100.7,100.541,114.558,
2022-06-01,0.525714,0.296667,2.9981,3.14333,0.145238,2.89333,2.61762,122.711,231.613,,244.38,0.054975,-0.1935,-0.06625,,,12767,101.018,3.6,3.67399,138.3,104.3,103.9,100.419,114.558,
2022-07-01,0.534,0.38,3.036,2.896,-0.14,2.5835,2.362,111.926,229.472,,289.096,0.13718,-0.1794,-0.0998,,,12800,101.223,3.5,3.53305,137.1,104.2,103.8,100.291,115.116,
2022-08-01,0.389565,0.343478,3.25,2.89783,-0.352174,2.68391,2.50826,100.446,241.935,,233.461,-0.360525,-0.22775,-0.20925,,,12832,101.096,3.6,3.6465,137.8,104.1,104.2,100.151,115.004,
2022-09-01,1.13667,1.24619,3.85667,3.51905,-0.337619,2.45048,2.38238,89.7648,220.021,,246.583,-0.04338,-0.1446,-0.1278,,,12849,101.292,3.5,3.52616,138.3,104.1,106.3,99.997,115.339,
2022-10-01,1.59,1.7075,4.375,3.9835,-0.3915,2.4705,2.3935,93.3319,191.362,,262.009,0.00805,-0.09925,-0.036,,,12883,101.253,3.6,3.65498,137,104.5,105,99.8291,115.45,
2022-11-01,1.52,1.611,4.5035,3.891,-0.6125,2.4445,2.371,91.4155,192.038,,306.971,-0.281325,-0.158,-0.14725,,,12896,100.955,3.6,3.61526,134.7,104.4,102.2,99.654,115.227,
2022-12-01,1.35667,1.44762,4.28857,3.61619,-0.672381,2.31667,2.25952,80.924,194.335,,236.689,0.00632,-0.1948,-0.1864,,,12895,99.7664,3.5,3.52048,135.3,104.2,101.3,99.4831,115.116,
2023-01-01,1.2945,1.409,4.2075,3.5315,-0.676,2.234,2.237,82.5014,182.624,,215.843,-0.36375,-0.2745,-0.28325,,,12903,100.505,3.5,3.63858,137.9,103.7,,99.3234,116.008,
2023-02-01,1.41316,1.49526,4.53368,3.74684,-0.786842,2.44684,2.33368,82.585,174.58,,238.646,-0.463575,-0.295,-0.31125,,,12898,100.642,3.6,3.71704,139,103.6,,99.1779,115.45,
2023-03-01,1.36087,1.44565,4.30261,3.66304,-0.639565,2.37783,2.30217,78.4343,168.294,,309.598,0.12068,-0.181,-0.1446,,,12888,101.02,3.5,3.64104,137.7,103.1,103.9,99.049,115.116,
2023-04-01,1.1935,1.229,4.016,3.46,-0.556,2.308,2.2665,84.6383,170.754,,252.683,-0.376175,-0.16825,-0.20375,,,12884,101.253,3.4,3.47316,137,102.7,105.6,98.9389,114.892,
2023-05-01,1.36,1.43591,4.13182,3.57364,-0.558182,2.15545,2.21364,75.466,157.143,,208.397,-0.40025,-0.20525,-0.26525,,,12869,100.929,3.6,3.66348,136.9,102.4,103.5,98.8527,114.781,
2023-06-01,1.54762,1.81,4.63952,3.7481,-0.891429,2.13952,2.20048,74.8391,154.056,,219.395,-0.60824,-0.219,-0.264,,,12875,100.12,3.6,3.63027,137,102,104.4,98.7907,114.558,
2023-07-01,1.603,1.934,4.8285,3.8995,-0.929,2.2075,2.2965,80.1081,157.89,,189.573,-0.731,-0.25725,-0.29425,,,12862,100.907,3.5,3.59938,137.7,101.7,103.7,98.7523,114.781,
2023-08-01,1.83261,2.06696,4.90174,4.16783,-0.733913,2.23957,2.33522,86.1477,161.277,,172.969,-0.66685,-0.317,-0.323,,,12861,100.839,3.7,3.76676,137.1,101.7,104.5,98.7404,115.116,
2023-09-01,2.037,2.2335,5.022,4.379,-0.643,2.2535,2.342,93.7224,168.619,,198.009,-0.6639,-0.3286,-0.3054,,,12872,101.021,3.7,3.82385,137.5,101.5,104.5,98.7561,115.339,
2023-10-01,2.4119,2.46238,5.06762,4.7981,-0.269524,2.31,2.38619,90.5959,167.9,,188.281,-0.406775,-0.289,-0.272,,,12837,100.469,3.9,3.8746,137.7,101.4,104.6,98.7999,115.227,
2023-11-01,2.19857,2.23905,4.88238,4.50286,-0.379524,2.24714,2.30429,82.94,165.109,,205.634,-0.6648,-0.30325,-0.328,,,12859,100.864,3.7,3.73106,137.4,101.1,106.6,98.8703,114.669,
2023-12-01,1.8355,1.877,4.457,4.02,-0.437,2.1275,2.1845,77.6311,159.533,,219.841,-0.49022,-0.3492,-0.382,,,12872,100.603,3.8,3.8465,138.5,101,,98.9613,114.781,
2024-01-01,1.7919,1.75905,4.32286,4.0581,-0.264762,2.22476,2.26619,80.1241,159.328,,236.305,-0.7242,-0.386,-0.4255,,,12875,99.2223,3.7,3.78777,135,100.6,,99.0663,115.004,
2024-02-01,1.925,1.871,4.544,4.2075,-0.3365,2.317,2.2825,83.4781,158.636,,165.063,-0.66465,-0.41525,-0.44775,,,12852,100.285,3.9,3.95896,136.6,100.5,,99.1766,116.231,
2024-03-01,1.897,1.82,4.588,4.2085,-0.3795,2.381,2.3115,85.4085,163.07,,176.222,-0.87132,-0.4366,-0.4926,,,12836,100.457,3.9,3.96757,136.7,100.5,,,115.227,
2024-04-01,2.145,2.10545,4.87318,4.53909,-0.334091,2.45136,2.39409,89.9381,170.397,,168.607,-0.72245,-0.42,-0.483,,,12833,100.243,3.9,3.92689,135.4,100.5,,,115.116,
2024-05-01,2.14818,2.16591,4.85636,4.48227,-0.374091,2.33318,2.33409,81.7462,168.676,,180.929,-0.88906,-0.4128,-0.484,,,12825,100.863,3.9,4.02929,138.7,100.5,,,115.116,
2024-06-01,2.05,2.10263,4.73684,4.30526,-0.431579,2.21421,2.25526,82.246,166.747,,171.668,-0.83825,-0.392,-0.43875,,,12814,100.894,4.1,4.15946,137.9,100.5,,,114.781,
2024-07-01,1.97409,1.97727,4.49591,4.24864,-0.247273,2.18455,2.27455,85.153,166.123,,224.187,-0.731025,-0.36725,-0.40825,,,12806,99.9757,4.2,4.25757,137.4,100.4,,,115.339,
2024-08-01,1.76091,1.73909,3.96545,3.87091,-0.0945455,1.97318,2.11,80.3552,164.154,,189.159,-0.49952,-0.3718,-0.4146,,,12772,100.431,4.2,4.25934,138.8,100.4,,,115.785,
2024-09-01,1.616,1.53,3.6225,3.7235,0.101,1.967,2.1075,74.0167,161.3,,199.996,-0.34855,-0.41625,-0.48575,,,12758,99.8084,4.1,4.10999,137.3,100.4,,,115.785,
2024-10-01,1.80955,1.67909,3.97227,4.09545,0.123182,2.23136,2.28591,75.6326,166.522,,202.389,-0.5271,-0.43875,-0.522,,,12697,99.4695,4.1,4.18008,138.3,100.4,,,115.562,
2024-11-01,2.03474,1.84053,4.25737,4.35579,0.0984211,2.38789,2.32105,74.3452,166.223,,279.043,-0.57236,-0.466,-0.5578,,,12711,99.2925,4.2,4.29553,137.1,100.4,,,114.892,
2024-12-01,2.0881,1.88762,4.22571,4.39143,0.165714,2.36381,2.30333,73.8595,166.695,,322.977,-0.553375,-0.482,-0.55025,,,12693,100.327,4.1,4.16166,137.3,100.3,,,114.892,
2025-01-01,2.22857,1.93857,4.2719,4.62905,0.357143,2.49048,2.40048,79.2705,172.884,,306.563,-0.79016,-0.5004,-0.5532,,,12673,100.065,4,4.153,137.6,99.9,,,115.562,
2025-02-01,2.02684,1.67316,4.21,4.45105,0.241053,2.60737,2.42421,75.438,172.28,,328.774,-0.699,-0.4965,-0.5075,,,12671,101.099,4.2,4.21378,136.8,99.8,,,115.339,
2025-03-01,1.94619,1.51095,3.97,4.28048,0.310476,2.53238,2.33429,72.7329,167.645,,469.379,-0.452225,-0.43575,-0.4625,,,12666,101.04,4.2,4.28762,137.6,99.3,,,115.116,
2025-04-01,2.0381,1.56524,3.77762,4.27905,0.501429,2.3481,2.24095,68.1345,162.75,,620.883,0.062275,-0.387,-0.4235,,,12662,101.128,4.2,4.2901,137.7,98.5,,,115.03,
2025-05-01,2.11048,1.63952,3.92,4.42381,0.50381,2.38381,2.31333,64.453,161.193,,505.168,-0.5424,-0.4366,-0.4906,,,12651,100.966,4.3,4.32813,137.1,97.7,,,,
2025-06-01,2.0865,1.6375,3.889,4.3835,0.4945,2.3255,2.297,71.4448,166.183,,365.626,-0.7292,-0.48675,-0.52725,,,12636,101.478,4.1,4.19996,136.9,97.6,,,,
2025-07-01,2.00818,1.50591,3.88227,4.39182,0.509545,2.44273,2.38364,71.0413,165.76,,401.524,-0.78245,-0.51175,-0.5595,,,12625,101.894,4.3,4.37594,138.6,96.9,,,,
2025-08-01,1.88286,1.34762,3.70381,4.26476,0.560952,2.43857,2.3819,67.87,163.348,,338.507,-0.68182,-0.5254,-0.576,,,12615,101.625,4.3,4.34266,139,97,,,,
2025-09-01,1.74905,1.23667,3.56857,4.12048,0.551905,2.42571,2.37143,67.9855,167.464,,304.985,-0.525475,-0.528,-0.5815,,,12612,101.668,4.4,4.5018,138,97.1,,,,
2025-10-01,1.75682,1.29045,3.52136,4.06182,0.540455,2.35818,2.305,64.5435,167.812,,397.6,-0.46008,-0.5208,-0.5886,,,12603,101.219,,4.53034,136.7,,,,,
2025-11-01,1.82778,1.32278,3.55,4.09389,0.543889,2.35056,2.26611,63.797,168.644,,364.975,-0.332275,-0.5105,-0.57175,,,12593,101.034,4.5,4.63422,137.2,97.1,,,,
2025-12-01,1.89909,1.42045,3.50091,4.14318,0.642273,2.28136,2.24409,62.5443,170.777,,332.425,-0.42095,-0.52525,-0.55825,,,12580,101.494,4.4,4.50022,136.9,97.2,,,,
2026-01-01,1.907,1.3905,3.537,4.2135,0.6765,2.3905,2.3065,66.6024,180.411,,375.63,-0.64714,-0.564,-0.5862,,,12582,101.039,4.3,4.47982,136.1,97.3,,,,
2026-02-01,1.82474,1.22895,3.47158,4.12579,0.654211,2.45263,2.30105,70.887,184.259,,350.906,-0.54365,-0.53525,-0.54525,,,12583,101.905,4.4,4.48997,138.3,97.5,,,,
2026-03-01,1.90909,1.29,3.71455,4.24591,0.531364,2.55818,2.33682,103.135,218.769,,445.854,-0.3157,-0.47175,-0.46725,,,12598,101.754,4.3,4.30227,139.3,97.9,,,,
2026-04-01,1.93682,1.33682,3.79909,4.31909,0.52,2.59864,2.38227,117.287,214.291,,342.433,-0.573525,-0.48125,-0.492,,,12597,102.52,4.3,4.44183,138.5,97.7,,,,
2026-05-01,2.039,1.5205,3.995,4.484,0.489,2.6245,2.445,107.139,214.472,,321.59,-0.72008,-0.509,-0.5186,,,12595,102.51,4.3,4.38965,136.7,98.1,,,,
2026-06-01,2.17905,1.84429,4.11286,4.47048,0.357619,2.36571,2.29143,85.3991,194.621,,282.715,-0.8071,-0.51,-0.56375,,,12606,102.787,4.2,4.29124,,98.7,,,,
2026-07-01,2.35318,2.07,4.22273,4.59955,0.376818,2.26091,2.24636,83.7587,193.204,,241.69,-0.72748,-0.5352,-0.5848,,,12611,102.994,4.1,4.13057,,99.5,,,,
2026-08-01,2.40667,2.126,4.204,4.68133,0.47625,2.25125,2.2775,90.7983,,,,-0.7995,-0.557,-0.589,,,,,,,,,,,,
