fecha,const,D.ln_terminos_intercambio.L0,D.ln_remesas_12m.L1,D.diferencial_tasas_pp.L1,D.deficit_fiscal_12m_pct_pib.L1,D.ln_dolar_amplio.L0,D.ln_vix.L0,D.embig_colombia_pp.L0,D.ln_reservas_netas_sin_flar.L1,D.asinh_balanza_comercial.L1,D.asinh_flujos_capital.L1,diferencial_bei_5y_pp.L1,factor_monedas_regionales_4.L0,dummy_pandemia_2020,ajuste_total
2006-05-01,0.004938013250958489,0.0005743755221957049,0.00044695355369018484,0.0013133244936967964,-0.00036397387683191526,-0.0060496946845193375,0.0028167529931860183,0.0022572727648368118,0.0008833898526491182,0.0019853283726074143,-7.635389256172134e-05,-0.001117918653567943,-0.0026153318425284565,-0.0,0.004992137853811165
2006-06-01,0.004938013250958489,0.0001521262860489871,0.001974493568851005,-0.0006037056140380422,0.00024480647930184574,0.003218354430147151,0.002229105627966083,0.006488251874827208,0.009822887607782663,-0.002897450913537553,-0.0003518568622818912,-0.0014100637035023996,0.011420784861325048,-0.0,0.035225746893848595
2006-07-01,0.004938013250958489,-0.0015653503694882508,0.0014098340258789119,-0.00027184404842648486,-6.744898406286632e-05,-0.0006889679351247411,-0.0014000700378701343,-0.00046068016544166334,0.002636310202552155,-0.0017747117101611415,0.0003042501073755718,-0.001379086369373229,-0.012144555412611157,-0.0,-0.010464307445794541
2006-08-01,0.004938013250958489,0.0022021278092971774,0.0009963993456185618,0.0005472185390403293,6.693830686486913e-05,-0.0019761603384978463,-0.0019529189015762023,-0.0048320592867506845,-0.004449875999868268,-0.007401583867066839,0.00045415055460068586,-0.0013346295508883332,-0.005771156420588548,-0.0,-0.01851353655885661
2006-09-01,0.004938013250958489,0.0042247610223318955,0.0006735062696318493,-0.0004639001034187105,-9.292514506994045e-06,0.0007311517090633646,-0.0012955157954199856,0.001497142628714007,-0.005657184325187556,0.005223584550820067,-8.967997878858701e-05,-0.0016246961906185753,0.002047971257323524,-0.0,0.01019586178090279
2006-10-01,0.004938013250958489,0.00032287230552262216,0.0006767518361700749,-0.001112089289017445,0.00011568712036559907,0.0009105840620795733,-0.001059259757049951,-0.0038416319577837263,-0.0005875721229718024,-0.0012607444348251293,-0.00017411734078508808,-0.00195734442033035,-0.006588458140454922,-0.0,-0.009617308888122057
2006-11-01,0.004938013250958489,0.00021592483771202986,0.0008731488708599971,-0.0016946122499313472,-0.00012093591730432554,-0.002190827740657587,-0.0006257867896807644,0.001277474976974221,-0.0023162027218371203,-0.003881139991088617,0.00024774858649322736,-0.0020579165198741415,-0.002974021987461182,-0.0,-0.008309133394837121
2006-12-01,0.004938013250958489,-0.002516571887906669,0.000723664901674748,-0.0015886989843106407,0.0001957429846106654,-0.0019763720233280475,0.0001909892885858744,-0.0012699120620526191,-0.005917408527938668,0.003737819529415058,6.442082693131457e-06,-0.0017780720583365965,-0.00413295054779285,-0.0,-0.009387314053728125
2007-01-01,0.004938013250958489,0.003809933826710018,0.0005073501808119175,-0.0008070590840298056,3.9629895506101764e-05,0.0028536190286849368,0.0001003858853582219,-0.002478148481436481,0.0003166282192028417,-0.007572334900614887,-4.409798433953769e-05,-0.001820769489229234,0.001887499975311633,-0.0,0.0017306503228942114
2007-02-01,0.004938013250958489,-0.003210800731940601,0.0007073364334271511,-0.0009934664315222536,0.0003499083513736578,-0.0009783147714819706,0.00014387946952468405,-0.0002328276955683907,-0.018112254410783457,0.009343959342673722,0.00043350550354439855,-0.001793983652124493,-0.0026361795939946536,-0.0,-0.012041224935913718
2007-03-01,0.004938013250958489,-0.00023093093025494346,0.0006426624197404265,-0.0015930111672680547,-3.730180034572513e-07,-0.0012774949206011959,0.004346551050020413,0.0011911591001516329,-0.019199486802259032,-0.004363451383431824,9.669060290768403e-05,-0.001998378691365142,-0.0015336562571529517,-0.0,-0.018981706746557955
2007-04-01,0.004938013250958489,-0.002927799621776483,0.0002641795268986899,-0.00178350374072016,-8.15578116375023e-05,-0.003829106303309015,-0.002252489694938776,-0.004354266060512889,-0.021896808401483562,-0.002912017334323954,0.0001209369164490079,-0.002001652248282431,-0.008680237922478398,-0.0,-0.04539630944515698
2007-05-01,0.004938013250958489,-0.0024792958028309296,0.0006213201272011797,-0.0013895820449437019,0.00012119529008944617,-0.0025551797782564644,0.00039384285751967684,-0.0018880981512962513,-0.01152709821112687,0.004070525923385856,-0.00031032672844068005,-0.001960874555289509,-0.009805461340310226,-0.0,-0.021771019163339986
2007-06-01,0.004938013250958489,-0.0002347817625338762,-0.000487879490757881,-0.0021182653124141838,0.0002895992027943137,-0.0007847652666142485,0.00165630498086632,-0.0032842780103007644,-0.009001624771531273,-0.0023878183624612467,3.5327959822870365e-06,-0.0019840234497201276,-0.0022548880352659065,-0.0,-0.015650874230998098
2007-07-01,0.004938013250958489,-0.0009998685623588035,-0.00013416457117911755,-0.0018217081686761993,-0.0001108251981933975,-0.003530467433654635,0.0020479105967102416,0.004112910427797555,0.005863572981111359,0.0036010827829258134,-0.000751323676577794,-0.001504921842678249,-0.007512726460692354,-0.0,0.0041974841254929065
2007-08-01,0.004938013250958489,0.0025564018697330723,0.0009867622859366983,-0.0010252404112084665,-0.00011656853437897431,0.0015854545285483867,0.005250418815057439,0.007744710812227229,-0.002859641887071916,-0.004299282486176953,0.0005432492024822661,-0.0014605400708301332,0.007051765130460647,-0.0,0.02089550250573779
2007-09-01,0.004938013250958489,-0.0034965146902221533,0.0013791109387258167,-0.0031117317439364432,5.9594387268110286e-05,-0.003801291571427276,-0.0016975855453239283,-0.0008863965034121448,0.0012044325023014453,0.0038857642945722727,-0.000362325958221748,-0.0017798298498354524,-0.009136848880257283,-0.0,-0.012805609368810296
2007-10-01,0.004938013250958489,-0.0025495552141764004,0.0013253365041100992,-0.0005253297974787127,-0.00012026580197342798,-0.005955628192496611,-0.0021176630916950006,-0.0030369978559530867,-0.006140408051119569,-0.004365677399618351,0.0004889755876069283,-0.0019397971302321803,-0.026917681664193588,-0.0,-0.04691667885626141
2007-11-01,0.004938013250958489,0.000505067289955796,0.0016342650326151638,-0.0011819920443271196,-3.474700052748089e-05,-0.004014117254825512,0.004126589231837573,0.0055077035141226785,-0.0015695752389331978,-0.0012159787448180655,-0.00017582669467029993,-0.0019252265006508278,-0.0026134010450421293,-0.0,0.003980773795695068
2007-12-01,0.004938013250958489,-0.000797350762765468,0.0020408838655653597,-0.0020465973360108323,-3.83212181763161e-05,0.002842735517567151,-0.0023628659810363975,-0.001382698141100795,-0.0030394127707195854,0.006192905889421004,-0.00010732358478272641,-0.0019339261356719451,-0.005273571876536097,-0.0,-0.0009675292832881594
2008-01-01,0.004938013250958489,0.0010214701463552517,0.0008424993819364241,-0.0030097019647218263,4.033178283483336e-05,-0.001811631266206258,0.002491706130643767,0.007869749099380909,-0.0009046223885061217,-0.008735076295522852,9.856836713934658e-05,-0.0019673577930962253,-0.00995652678353168,-0.0,-0.009082578332335944
2008-02-01,0.004938013250958489,-0.0028688812803779598,0.0012085410929247753,-0.0019699867405451976,0.00012237427444424404,-0.0022634804424311976,-0.00019897319505621138,0.001534571194431851,-0.005657460047826686,0.0020018571654233062,0.00018545503824805802,-0.0023238010864397225,-0.015134970222062744,-0.0,-0.020426740998308997
2008-03-01,0.004938013250958489,-0.0032833300364915365,0.0009117444195176565,-0.006587001641662018,-6.696820061981221e-05,-0.00549565349420027,0.0008880830295656872,0.002134057297442125,-0.006277822596477788,0.00012389231413481336,5.861753219188563e-05,-0.002556944076829832,-0.021990001268165422,-0.0,-0.03720331347063602
2008-04-01,0.004938013250958489,0.0009785526942071615,0.0007888104395096842,-0.0037882618585426643,0.00011202292932023353,-0.0009014947751811688,-0.0032386711782947182,-0.007283087069498558,-0.0037257024299332414,0.009703148148896522,-0.00020715182392045837,-0.0026088371428459886,-0.01188209307442885,-0.0,-0.017114751889753557
2008-05-01,0.004938013250958489,-0.0029995173875610828,0.001354034655996247,-0.0021669854145997124,0.00033098012383064006,0.0008540703525089261,-0.002320818072255945,-0.005579458277811712,-0.0010209689090854748,-0.006910017195491827,6.265672030997801e-05,-0.002138546227168194,0.010472895556071496,-0.0,-0.005123660824298172
2008-06-01,0.004938013250958489,-0.0012049541048218268,0.0009913082060524353,-0.001969986740545186,-0.00023918441779019424,0.0007635943175742826,0.002676061726081939,0.00023905387600006695,-0.0021571115208618157,0.0016162980853275644,-0.00015117162192757985,-0.0023080310032501513,0.012980940287427247,-0.0,0.016174830340225273
2008-07-01,0.004938013250958489,0.0011834797900049578,0.0004155421327807428,0.0001313324493696767,0.00034249727771339296,-0.0019075102605216898,0.0013498997467805852,0.005606107187856813,-0.0059297730713719484,-0.003834438494796986,0.00037663876520594304,-0.002706274644947926,-0.008886134192494956,-0.0,-0.008920620063462906
2008-08-01,0.004938013250958489,0.006945887921366888,0.0014340547790305644,-0.00014616030655658586,6.364224381694574e-05,0.007594943725970889,-0.0022863227184820568,0.0006730851313966286,-0.006156214543199511,-0.002047838510930684,-8.545204268008145e-05,-0.003247620219521053,0.008868893254047841,-0.0,0.016548911965218276
2008-09-01,0.004938013250958489,0.0017165759485372233,-0.0006335788303703686,-0.001495495310564408,-0.0002373707433087927,0.0068843138864331105,0.005369895916427453,0.007368252067963509,-0.0035640764461060278,0.0011110766491886214,-0.00016238768492416708,-0.0029502359319975983,0.031146221102483475,-0.0,0.049491203874720516
2008-10-01,0.004938013250958489,0.007685020349189563,0.001111706853121462,-0.001247658269011952,4.6010453002166345e-05,0.019143969607505775,0.00997898392644601,0.040089596633458756,-0.005305061773521083,0.0008855773519451051,6.591803426639074e-05,-0.0033173493679459014,0.08134024526846984,-0.0,0.15541497231788465
2008-11-01,0.004938013250958489,0.009937378890311377,-9.598033183805126e-05,-0.0055159628735265386,3.1999024491323245e-05,0.0073338799865201995,0.0003411257356681579,0.0023170483859685626,0.008113116155685678,0.0027654313670156727,-0.0006729351304750598,-0.004291159660747542,0.016095838495109586,-0.0,0.041297793295141855
2008-12-01,0.004938013250958489,-0.006566636275735492,-0.002045049686223705,-0.0038086410317207066,-0.00031677764270326167,-0.002946332310435904,-0.002532970706131648,-0.0020264265815711385,-0.0023925759025362086,-0.0007818021955297663,0.0005212912250078522,-0.005247350597261155,0.010500045120421436,-0.0,-0.01270521333346121
2009-01-01,0.004938013250958489,0.00925490572439839,7.158416373111314e-05,-0.0004511905115442195,4.8587103887642225e-06,0.0018441371226453774,-0.002257457689668582,-0.005059761642055575,-0.005096351077530113,-0.009285186921115986,0.00020417467300843788,-0.004871093432550321,-0.0027254549682260306,-0.0,-0.013428822597560258
2009-02-01,0.004938013250958489,-0.0005100375830796378,-0.0009257918613506574,0.002158512353350052,0.00028379198189490006,0.006894637985445016,0.0002785275346837104,-0.0038289722958497426,0.004895062163039886,0.016332610470574143,-0.0006398605136797705,-0.0041291242153808925,0.010794818070216034,-0.0,0.03654218734082153
2009-03-01,0.004938013250958489,-0.0101981193201138,0.0002552703413583757,0.003625713691527229,6.841698876498984e-05,0.0012071825802312762,-0.00024293197347778056,0.0008597061331529188,0.0033991692317907303,-0.005145018213149889,6.797345829796531e-05,-0.0033249137121036014,-0.010754950111309067,-0.0,-0.015244487654072164
2009-04-01,0.004938013250958489,0.0011363977988783631,-5.3697177024379684e-05,0.007904004403943178,-6.822471933202381e-05,-0.007133572390985062,-0.0023060856755382636,-0.010005736441273715,-0.006043325120945532,0.0033584082458381352,0.0005169622955718121,-0.0027134528285644955,-0.03145387763557847,-0.0,-0.04192418599405197
2009-05-01,0.004938013250958489,-0.007877192155958666,-0.0010013566556099135,0.004886838075739532,0.00017380843048999425,-0.008534324239436484,-0.0024671444475200363,-0.014442536921148393,0.0051627845436074985,-0.006801249747707596,-0.00025299106217898927,-0.0022361670921861457,-0.024822094743599248,-0.0,-0.05327361276454995
2009-06-01,0.004938013250958489,-0.003783060802144379,-0.0009850157631417517,0.0061281415488142355,-0.0004122576214745216,-0.004168567907701501,-0.001315890847594893,-0.0037873762637809574,-0.0020776632011438065,0.008410784107514679,0.00014533033469557043,-0.0018827591249919054,-0.010085392476847779,-0.0,-0.00887571476683852
2009-07-01,0.004938013250958489,0.00523801897787216,-0.0007747838531599867,0.008274650398727285,-0.000377221151473244,-0.0010656345915036908,-0.0015264834418216883,9.607332376772955e-06,-0.0016735252076196011,-0.0005023655165100157,3.5224268832940074e-05,-0.0019927086264225377,-0.0027064096286627598,-0.0,0.007876382211594125
2009-08-01,0.004938013250958489,-0.004066922721200461,-0.00241400673925868,0.0020794304483532575,-0.0001715848689851406,-0.003622725819399837,-0.0004540771364466038,-0.005539742252004148,-0.004762223359030042,-0.010650333788572552,0.0002210041790396964,-0.002090612077904329,-0.0151250614993462,-0.0,-0.04165884238379655
2009-09-01,0.004938013250958489,-0.002361199510717101,-0.0010705344610480363,-0.0,0.00018510945102987594,-0.002016789571648149,-0.00023130195350288377,-0.0016444407618656574,-0.012916030471397454,0.00818693170233427,0.00013929294684217276,-0.002356298311162267,-0.002522362403280499,-0.0,-0.01166961009345724
2009-10-01,0.004938013250958489,-0.0035411451730545623,-0.0027330917002357574,0.00026266489873935927,-6.03999184217015e-05,-0.004037934073286903,-0.00038841751115928477,-0.004854404912502016,0.0013189076164485326,-0.009309840554149126,-0.0003318666214407913,-0.002480719758831144,-0.01345039241525199,-0.0,-0.03466862687218689
2009-11-01,0.004938013250958489,0.0004850404756162737,-0.001491092874573111,0.0027579814367632693,-0.0002616075333605103,-0.0013367500309330474,-0.00027313211524520426,-0.0007641832294692604,-0.0007168931074841078,0.005439510720562136,3.982046072824471e-05,-0.0021438622316006413,-0.013197355983046376,-0.0,-0.006524510761083846
2009-12-01,0.004938013250958489,0.0002463553225770818,0.00040849323811769115,0.000766105954656464,0.00012653020405109297,0.0013334382712152785,-0.0016053182569773189,-0.0007904032407475415,-0.0028731561209512035,0.001902727662996959,-7.879807433806851e-05,-0.0013756924737913954,-0.004189565681759368,-0.0,-0.0011912699439918413
2010-01-01,0.004938013250958489,-0.0030622329869440888,-0.00042526605050864343,0.002517205279585524,-0.0003909867349960174,0.0005259587587125863,-0.00040332979100322344,0.0002406122081861849,0.0009531206816774689,-0.003388335666497335,-0.00015359210775296874,-0.0013102905532794342,-0.0024308055274757626,-0.0,-0.0023899292393372196
2010-02-01,0.004938013250958489,0.0022530400561307363,-0.0009486258594449723,-6.566622468484128e-05,0.00025674585088640377,0.0041507052467327134,0.0012448969682242728,0.003856494729716597,0.0010890748034189425,-0.00510532285240899,0.000185787651530481,-0.001752045396517149,0.012244701251234238,-0.0,0.02234779947577692
2010-03-01,0.004938013250958489,-0.0027278517271545036,-0.001820445977456376,0.00013133244936967963,0.0002539379222216643,-0.0021063614322025695,-0.003369381800682794,-0.007003324981877026,0.0006096856962348746,-0.0003158610168838692,6.752921445872359e-05,-0.002317607986073156,-0.013052651620054213,-0.0,-0.026712988009141077
2010-04-01,0.004938013250958489,-0.002690776502314675,-0.00045280682019001046,0.0001969986740545209,1.670321707449694e-05,-0.0014700485793990503,-0.0002761459433771289,-0.0024651814420529436,-0.0033299389779834943,0.0033946556984755655,0.00021661941047963667,-0.002154583779564215,-0.007388643407507044,-0.0,-0.011465135201345851
2010-05-01,0.004938013250958489,0.004925702716235166,-0.000413210863114402,0.00026266489873935927,-0.00023898469214803515,0.008217168536494384,0.008577087343347245,0.008852885149311917,-0.004492323448164596,0.004566268315052631,-0.00010611657560227659,-0.0014691923373246595,0.01239844882681769,-0.0,0.046018411120602905
2010-06-01,0.004938013250958489,-0.002578601680720545,-0.00021635596392018808,0.0030714847030005694,7.677848740993075e-06,0.001479099348404052,-0.0009222593529343376,-0.00121565636804985,-0.00031212146490844833,-0.005079418917022955,-8.197975778163002e-05,-0.001484863449339389,-0.0016565582638329575,-0.0,-0.004051540067406196
2010-07-01,0.004938013250958489,0.002473736017657547,0.00011037734244202357,8.049408187173875e-05,-0.00014650105073901363,-0.004507288364151255,-0.002225781081580043,-0.0036459826369858728,-0.005109445214751064,-0.008078714016602692,0.00032917658816235837,-0.0015727533505677405,-0.006050442546483747,-0.0,-0.02340511098076927
2010-08-01,0.004938013250958489,-0.001828211684667489,0.0004976164839238073,-0.0,5.40555971464212e-05,-0.0021953822984508834,-0.00046128526520772365,-0.005054657746730407,-0.0028273915551656685,-0.0014133089124684795,-0.00011207641997901755,-0.0018828535231161928,-0.011411230856152383,-0.0,-0.021696712929909528
2010-09-01,0.004938013250958489,0.00012968942116615173,0.000599964328051842,6.566622468483835e-05,-5.630371020579955e-05,-0.0026373995583194466,-0.0013363023879349554,0.001519159432077447,-0.0003945503098871714,0.004446035033152425,-0.00016377836897839152,-0.001843822066020819,-0.00916427918731052,-0.0,-0.00389790789856591
2010-10-01,0.004938013250958489,-0.002766984177251184,0.00030090278267415376,-0.0,0.00015841452937560816,-0.007403200201608406,-0.0014171514140518308,-0.0026782583494092643,-0.006178031278284013,-0.007460235886539109,0.0003003782879577846,-0.0018304234262023903,-0.010157619235624516,-0.0,-0.03419419511800468
2010-11-01,0.004938013250958489,-0.0014331827053257864,0.00015907622088159285,-0.0,0.0001115618429908073,0.0008295776657078546,-0.00019429882067599645,-0.000988440098014026,-0.005725353355709275,0.005977675784773814,-4.171097021603815e-05,-0.0014662164597541384,0.0004475399406873792,-0.0,0.0026142422963046754
2010-12-01,0.004938013250958489,-0.0006361852602904327,0.00035976924141606993,-0.0,7.697940251412047e-05,0.0019833036917483392,-0.0019024398809889063,0.0013828554039819559,-0.0003299946745980019,0.0002576697103128832,-0.00033007480456705043,-0.0014979937240445756,-0.003651863337782741,-0.0,0.0006500390186601505
2011-01-01,0.004938013250958489,-0.00015321005857506803,0.00016311356455529948,-6.566622468483835e-05,-0.000360842292251488,-0.0031624459934737276,-0.00020626089071015268,-0.0022752793647304818,-0.005887427660459392,-0.006155760878598396,0.0005139370122123706,-0.001828752029880831,-0.0036602722166473103,-0.0,-0.018140853782285526
2011-02-01,0.004938013250958489,-0.0026576280620819225,0.00046455641210084165,-6.566622468484128e-05,0.00038819795026206463,-0.0021283644663650236,9.333522287508121e-05,0.0007881543815468443,-0.004424032558663988,-0.002306188581767406,-0.00016024538384163512,-0.0020803275973465926,-0.009205315984652894,-0.0,-0.016355511641660984
2011-03-01,0.004938013250958489,-0.005480524510041543,0.0008283512051943399,-0.00012429678243916083,-2.726875276408061e-05,-0.0027337502204948833,0.0024509810232531586,0.0006350746930184632,-0.004077340755828201,0.01316713889317907,-0.0002667466991275852,-0.002002167658355183,-0.00015157582229677008,-0.0,0.007155887864256113
2011-04-01,0.004938013250958489,-0.00364360679240866,-3.548780986770232e-05,-0.002243923836839897,0.00011790363742139912,-0.00477331339648385,-0.003448926301588666,-0.0005479038779873497,-0.0051605554920520005,-0.012690152036628799,0.00035967399778695763,-0.0015756821509104843,-0.008676565761948855,-0.0,-0.03738052657054942
2011-05-01,0.004938013250958489,0.0020253433877091206,-0.00016766323685347178,-0.0013747541877568072,0.0002922137832784769,7.699964273050413e-05,0.0005702245314774555,-0.0005974702788062178,-0.006700948528109468,-0.0010028481881163664,6.51026805591771e-05,-0.0011864725159908918,-0.0052422832500672156,-0.0,-0.008304542908987215
2011-06-01,0.004938013250958489,0.0012755185658470186,0.0003479062200345106,-0.0017073218418058353,0.00015356149835323013,-1.5836646691709476e-05,0.00176280355446165,-0.0004488425594774271,-0.002383018688245852,0.002179264348533073,-0.00024328377703346522,-0.0012811655781974924,-0.001942095959173952,-0.0,0.0026355023875622376
2011-07-01,0.004938013250958489,0.0001202679849082751,0.0001323914464912282,-0.002243596010065359,0.0003077850152719916,-0.0019240384289790189,5.484284920199271e-05,-0.0005958261668667357,-0.0035556651052888813,-0.0007854190110799294,0.00010766362965226682,-0.0013115918126561333,-0.009669891184373898,-0.0,-0.014425063542825712
2011-08-01,0.004938013250958489,0.002246396872519967,-0.00038894016681786367,-0.0011710476735463055,0.00016388305874647156,0.001791744999285708,0.00849456988539002,0.00457446268739842,-0.008534255857434626,0.012724157854449338,3.762057138078628e-05,-0.0010893687638741994,0.009296087026567361,-0.0,0.03308332374502357
2011-09-01,0.004938013250958489,-0.002818474179507523,0.0005720622692976057,-0.001444656943066479,-0.00027734567191744683,0.008559028218828061,0.0005941261484229931,0.006683100584593659,-0.0018647857698389034,-0.001297423949408539,-0.00040412193513022766,-0.0011950891526765768,0.025289972565945392,-0.0,0.037334405436500503
2011-10-01,0.004938013250958489,0.0006230106833494075,0.00015723599662688514,-0.0001313324493696767,6.864215915262016e-05,0.002622804954337211,-0.0015127255365265054,-0.0011732382800113239,-0.0006947467951776647,0.010066372846454612,-0.00015880544420190804,-0.001284642344607988,0.00982955504232275,-0.0,0.02335014408330691
2011-11-01,0.004938013250958489,-0.0028336190278652356,0.00012908609754134503,-6.566622468483835e-05,-5.7033141339720805e-05,0.0019257528163826013,-0.0003879515691232452,-0.0015267223469990455,-0.0026710978872510646,-0.007883222211285294,0.0002958578511218234,-0.0014668601705540218,-0.0008616755801457838,-0.0,-0.01046513814324399
2011-12-01,0.004938013250958489,0.0036246380899179653,-0.00011968382127871936,-9.849933702726338e-05,-0.0005247168296761226,0.0027415749252821617,-0.0034432098766167076,-0.0015053488917858295,0.001311444821139425,0.010073700963250965,-0.0005251843046868043,-0.0016519891272344903,0.004061956939047467,-0.0,0.018882696801290535
2012-01-01,0.004938013250958489,-0.002396990886333035,-0.0007181216186994278,-0.0015431562800937305,-8.771139121061756e-05,-0.0016266886306179915,-0.0030264530426513535,0.0015191594320774437,0.0025385666668589083,-0.013773853282379064,0.00024112983840471428,-0.0017099266470012367,-0.013717214300574041,-0.0,-0.029363246891260943
2012-02-01,0.004938013250958489,-0.0010931031506010791,5.572681365790786e-05,1.270959187448522e-05,9.363135131372927e-05,-0.004963453895064034,-0.0013255608563451304,-0.003276057450603371,-0.0019192064530404217,-0.0017310503755292499,0.00032541678029230373,-0.0016674564923415442,-0.019733314561473227,-0.0,-0.030283705446901142
2012-03-01,0.004938013250958489,-0.0008263487600205652,-0.0003094191220944955,-0.0016271929780914095,3.123032052783662e-05,0.0016316407521553293,-0.0018477149731870696,-0.004022813093514171,-0.0026211584713897573,0.01016683691893856,-0.00016131977630326477,-0.001394432388930413,0.0033707662760415267,-0.0,0.007328087955090596
2012-04-01,0.004938013250958489,0.001629010278404132,-0.00036396147073222625,-0.0012748304999160276,-8.014933754539098e-05,0.0008976016522752814,0.0013807501096035684,-0.0002453015013700825,-0.0026273904277683622,0.003322942900895973,-1.1297640840621563e-05,-0.0010023789821941623,0.004063753544848869,-0.0,0.01062676187661944
2012-05-01,0.004938013250958489,0.008119268485252858,0.0003996032093791497,6.566622468483835e-05,0.0004355893921454285,0.004892323046711328,0.0023241631961243114,0.004075624828335312,-0.003705830883656448,0.002703189948166694,5.1732554198658114e-05,-0.0008902866287296353,0.0179581779309377,-0.0,0.041367234554508685
2012-06-01,0.004938013250958489,0.0061245179842506,8.215528730839962e-05,0.00013133244936968256,5.037732548604265e-05,0.003982397547458395,8.680798807508049e-05,-0.00023432169293948388,-0.0009735539896316658,0.003984856906854008,-0.0002772438762579593,-0.0009923112070796647,0.007548773840437068,-0.0,0.024451801814288993
2012-07-01,0.004938013250958489,-0.0008673560479937869,-0.00012273886786838122,-0.0,0.0001800275718669909,-0.0013552485738483552,-0.0026172737114158774,-0.0033128855580476734,-0.005012175156895844,-0.0031516459101483397,0.0004058378567033868,-0.0010057623008085407,-0.016829539538253186,-0.0,-0.02875074698575112
2012-08-01,0.004938013250958489,0.0034957028818561973,0.00019335921024955365,0.00010591326562071211,-4.63003401293503e-05,-0.002524618031430973,-0.0015991933243017008,-0.0033682706854697366,-0.0037001142246726533,-0.0009766943514872971,-7.601700530073621e-05,-0.0007976340051469112,-0.008669773234050637,-0.0,-0.013025626593305042
2012-09-01,0.004938013250958489,-0.007159539845077286,-0.000403703973631659,0.0016035268414975325,-7.50061291786011e-06,-0.004510762485998505,-0.00037019557447370887,-0.00034676465297420346,-0.004548120375255145,0.005420663626897218,-0.00011541722217285274,-0.0006282776260044002,-0.007988533752060283,-0.0,-0.014116612401212664
2012-10-01,0.004938013250958489,-0.0004351899959970397,-0.00046619638518492946,0.0014425386777540607,-5.127320277027307e-05,-0.0006577749117884209,0.0008900259105400286,-0.002407537447792296,-0.004492250344603682,-0.001423471658486542,6.719213780125599e-05,-0.0007060853391982965,-0.0028534505581437543,-0.0,-0.0061554598669114
2012-11-01,0.004938013250958489,0.0015483330570592456,4.364055333981994e-05,0.00013133244936968256,-0.00018189618026319982,0.002108052178845473,0.00036564013252232073,0.001848210565981963,-0.004473246337786521,0.005719304871302351,-1.93513180745086e-06,-0.0007240802155776997,0.005623559563148291,-0.0,0.016944928757092765
2012-12-01,0.004938013250958489,0.0002625109060954833,-0.00047829108377956574,0.0002736092695201676,0.00047225282597462636,-0.0017437326032138975,0.0005039808083093554,-0.0010140882442698765,-0.0038526347684040957,-0.0031819025661508336,-6.842623482080462e-05,-0.0008186993925854471,-0.008116751899121349,-0.0,-0.012824159731487747
2013-01-01,0.004938013250958489,-0.000467841561983798,-0.0003104448462704251,0.001791699410083663,-0.0006399388609931067,-0.0001614796010239158,-0.0035125077685628802,-0.0005633156403417604,-0.004428622722111367,-0.009424610224370453,0.00016880316898495418,-0.0005029105180641647,-0.008994107175347288,-0.0,-0.022107263089042054
2013-02-01,0.004938013250958489,-0.0014539765973005058,0.0006249016567101812,0.0012455400036995399,0.0004236750273237581,0.002126637315654769,0.0005828032899809778,0.0028659272938191477,-0.0030006141470212203,0.004990289586171687,-0.00010983860106252456,-0.00034514709361217646,-0.00072268865927352,-0.0,0.012165522326048603
2013-03-01,0.004938013250958489,0.002807906429188072,0.0002636619841719175,0.001782974174392054,-0.00010559301946146325,0.0025063301849228056,-0.001088481208920108,0.0015965642221880522,-0.005031608111340495,0.009148965810721412,-0.00012681843887639432,-0.00015833335694103863,-0.0010281642640829,-0.0,0.015505417656920404
2013-04-01,0.004938013250958489,0.004189363755200565,-7.650430253222949e-05,0.0019769467551431267,-0.00023203003204559555,-0.0010590592728398115,0.0009820586686791072,-0.0014971283320884396,-0.005859323438688305,0.006030592731689549,0.00015142617003421828,-0.00021018127410588273,-0.003236648949864197,-0.0,0.006097525729540598
2013-05-01,0.004938013250958489,0.000219044704287463,0.0009992848109887245,0.002713497865202571,-0.0004046265756578883,0.0013938203070615637,-0.0004885514133010108,0.0005220984688503319,-0.005425418576510037,-0.014289253970246784,0.00010204679413573079,-0.00033320751801716055,0.010962391098637463,-0.0,0.000909139246389459
2013-06-01,0.004938013250958489,-0.0006772272721680962,0.0007241112003997105,-0.00026266489873935927,-1.7574581799856137e-05,0.0021715884330777853,0.0034956007736313783,0.006776772075267214,-0.002972307427594258,0.00823340052555348,-0.0003668599431969336,-0.0005175695297952046,0.032362800193632614,-0.0,0.05388808279922696
2013-07-01,0.004938013250958489,-0.0014242850153938936,0.0009185351666048246,-0.00013133244936967963,-3.821588128477234e-05,0.0016820963224483765,-0.002999677455412637,-0.001591814883176803,-0.0021586744266032893,-0.0011355181117105814,7.776799510537405e-05,-0.0009616411941269586,0.004518487270792686,-0.0,0.001693740588831135
2013-08-01,0.004938013250958489,-0.001095188945515418,0.001086883473433782,-0.0,-0.0001669347924880947,-0.00044893534431527,0.00023661551765179518,0.00204065744265423,-0.004904227727685745,-0.010987128702683781,0.00033183216229571376,-0.0008463877032467442,0.009987032621869367,-0.0,0.00017223125292832424
2013-09-01,0.004938013250958489,0.0009882453998132183,0.00042872293685121556,-6.566622468483835e-05,7.265922988993451e-06,-0.0006979046740002767,0.00047238541993815415,-0.00023905387600006695,-0.00388419904325759,0.010250023399605226,-0.00025754108858648447,-0.0008707931719006026,-0.008275833816197085,-0.0,0.0027936644355283525
2013-10-01,0.004938013250958489,0.0003641529457166193,0.000685975488100047,-0.0,8.704558632107774e-05,-0.0027926719385749955,0.0006736937304905956,-0.0015307968852838337,-0.006515888683908182,-0.006826816205711613,0.0002804244689627829,-0.0007136341158768416,-0.007903725720405637,-0.0,-0.01925422807921149
2013-11-01,0.004938013250958489,0.0005653468652961171,0.00024378330953236455,6.566622468483835e-05,-4.4650354237341406e-05,0.0025153812464277212,-0.002489430808912199,0.0017984583090308126,-0.0015081601302663397,-0.008413265135991301,-0.00016073519756672571,-0.0006815432227621982,0.014034282154840169,-0.0,0.010863146511034406
2013-12-01,0.004938013250958489,-0.00023197334715747923,0.0005510846198785164,-6.566622468483835e-05,1.5900430124667054e-05,0.00045872529480970334,0.001325781939606211,-0.0009193873965559591,-0.0008194899906487536,0.011851422696089268,-0.00038957188024657486,-0.0007315004255312752,0.001360294683805367,-0.0,0.017343633650447342
2014-01-01,0.004938013250958489,0.0027980960903958474,0.0009225078885407464,6.566622468483835e-05,0.0004684888830620183,0.002647144537891416,4.838275551245438e-05,0.0007589792577651714,-0.0014129330676275398,-0.011114773155083545,0.00025817827197412217,-0.0008617593601137522,0.008182790260467818,-0.0,0.007698781838428087
2014-02-01,0.004938013250958489,-0.00012792138035678898,0.00037529144577524894,-0.00013133244936967963,-2.596656479364445e-05,0.0005112969934371755,0.001172295559088515,0.0009362645630303416,-0.0005082888871527936,0.0076959971960673425,-0.00014492562986723255,-0.0009448199400348337,0.004464794163950854,-0.0,0.018210698320732993
2014-03-01,0.004938013250958489,-0.0014165654690511038,0.0002080943302852292,-0.0,-5.755570686985026e-05,-0.0005790209198325212,-0.0005919628892553332,-0.0017452248237556376,-0.002058649602356672,0.002603845036239367,5.108385518165746e-05,-0.0009818345194698966,-0.0029781159241379653,-0.0,-0.0026078933820642375
2014-04-01,0.004938013250958489,0.001249997459285344,7.293148601896449e-05,6.566622468484128e-05,-1.2796741059121471e-05,-0.0012634761439035934,-0.0006230147493771403,-0.002311621386905727,-0.0017551001887877017,-0.006789532267732246,0.00014870627401659145,-0.0008897421579934173,-0.01090748512853905,-0.0,-0.018077454069333768
2014-05-01,0.004938013250958489,0.0032271783649090832,-0.0011370071279745467,-9.849933702726045e-05,-9.229838341320714e-05,-0.0009274743417833147,-0.0018319520591939438,-0.0011462748442038872,-0.0022083528682977855,0.0062458792288902255,7.63063800069667e-06,-0.0007666547823421639,-0.004259695452502829,-0.0,0.0019504922860195577
2014-06-01,0.004938013250958489,-0.007400707421522221,-0.0010318720422263293,-0.001477490055408895,-8.738714225930325e-05,0.0004487973779444699,-0.001101797142410619,-0.0014829889694089366,-0.002506918922139736,-0.002305308627160708,2.6866933478740656e-05,-0.000794231395060295,0.0006227283072047328,-0.0,-0.01215229584801061
2014-07-01,0.004938013250958489,0.007637167411427956,-0.0012462198979835556,-0.0018495986619563173,-0.00021166818304409234,-0.0006377213311663037,0.0008972756899581702,0.00018840093163859022,-0.0029352769406828173,0.0015508990637294,7.404040654047677e-05,-0.0007941409051858113,-0.0013791063883712023,-0.0,0.006232064445862986
2014-08-01,0.004938013250958489,-0.0016643633882739764,-0.0008151606235619642,-0.0014337125722856706,2.7230714787720083e-05,0.0027758672961432436,0.001313986304318519,0.001229481204967028,-0.0036798197593437736,-0.004060053279118769,6.151381510820624e-05,-0.0007450964592385612,0.011695742281964981,-0.0,0.009643628786425471
2014-09-01,0.004938013250958489,0.0032144965026135513,-0.000979305404122511,-0.001641655617120994,-0.0001545772346679722,0.004318155465723237,-2.6515321841654014e-05,-0.0002525355939037853,-0.003772010475516983,0.00489243658014564,9.468164204507697e-05,-0.0008413362657273613,0.012416504343932199,-0.0,0.022206351872516933
2014-10-01,0.004938013250958489,0.007549593639919336,-0.00018821411101569045,-0.001641655617120994,9.485286475514913e-05,0.0036429653251186414,0.0041551024275774,0.0033823814548981216,-0.00244339437592014,0.002130905159669035,-0.0002459919001204986,-0.0009417430450451267,0.0099651874771467,-0.0,0.030398002550820424
2014-11-01,0.004938013250958489,0.002165303952503987,-0.00033118225890391774,-0.0,0.0001784985008166781,0.0045569175064272245,-0.004211483872718602,-0.00020871929588541757,-0.0015594540952969783,-0.0017263930692558488,-1.999422968972986e-05,-0.0011109110875997894,0.008350930953505918,-0.0,0.011021526254862014
2014-12-01,0.004938013250958489,0.008857417210166725,-0.0006376218088921912,-0.0,8.251127387148504e-05,0.006210643840834895,0.0027537574523438585,0.004092483409196453,-9.412593166467212e-05,0.0059531719346061366,-0.00033899487297748133,-0.0011270965223762967,0.020840784646552937,-0.0,0.051530943882620334
2015-01-01,0.004938013250958489,0.010131909177430865,0.0005277006816801429,0.0001969986740545209,0.00022154875112023823,0.006036560947461787,0.002266081100951333,0.00452115057068266,0.00034429498136087915,-0.004249544084917005,-3.972476578693979e-05,-0.0016208278638777322,0.007287508381697506,-0.0,0.030561669802816747
2015-02-01,0.004938013250958489,-0.0036116971726178303,-6.23637618041142e-05,-6.566622468483835e-05,-0.00013657605277261943,0.0036029181265398386,-0.0026074712716795028,-0.003304171764768441,0.001548027497305765,0.0031105274621748987,-0.00017291451557214165,-0.0015630879528708373,0.016478326426616733,-0.0,0.0181538640468254
2015-03-01,0.004938013250958489,-0.005410641279841852,0.0005525615054391113,-0.0,-1.0515993096108124e-05,0.005525438609442318,-0.0010068368905884813,0.00214408638027294,7.218341503998109e-05,0.0022685066767444955,0.00010893184953142595,-0.0012709102953605402,0.016622167663464606,-0.0,0.024532984892006386
2015-04-01,0.004938013250958489,-0.0018582852406538067,0.0016667375935878724,-0.0,-2.0766671579378565e-05,-0.002533068440649708,-0.0013196350154023307,-0.0009322114696838893,0.0008605082398540292,-0.0012304011281827638,-8.039724235058079e-05,-0.0013987597520305698,-0.005223170431973398,-0.0,-0.007131436308106034
2015-05-01,0.004938013250958489,-0.0034889610706384353,0.0006044734817810947,6.566622468483835e-05,-1.710048966547494e-05,-0.0023880972445179402,-0.00016493834384853035,-0.0010292140741130734,-0.0015738370923870008,-0.002950958655403374,0.00035897646710933174,-0.0011579192589948203,0.0011809379476604143,-0.0,-0.00562295885737448
2015-06-01,0.004938013250958489,0.0007748486522541603,0.0004950415530801728,-0.0,0.00010427313920628067,0.0019521128528657023,0.0010248137129307271,0.0024171733734201935,0.0010155447932746157,0.006056712135286332,-0.00046848600663742764,-0.001086360153847597,0.009884676496600067,-0.0,0.027108363799391716
2015-07-01,0.004938013250958489,0.005270437479805651,0.001626185170554961,6.566622468483835e-05,-4.883170354469932e-05,0.0048519609893572955,1.3012102424835027e-05,0.0026032868449690776,0.00018042588284305765,0.00177816715346282,0.0001908877701623441,-0.0010455232981198045,0.01343583222628248,-0.0,0.03385952009384135
2015-08-01,0.004938013250958489,0.007141243449499604,0.0018115193533669188,-0.0,-2.620848211332352e-05,0.004543370332397045,0.00428780100109472,0.005121737513861103,0.0007909048645840125,-0.0026746122225509254,-0.00015764634977047208,-0.0010608525506506014,0.028064640161298303,-0.0,0.05277991032197488
2015-09-01,0.004938013250958489,-0.00029929002775518093,0.002911446578241568,6.566622468483835e-05,9.056975742612209e-05,0.00211747929735585,0.003213592174190777,0.0022807120824435484,0.000869801545411285,0.0023332087431278715,-7.874308715554826e-05,-0.0016837440329663747,0.011474620521980543,-0.0,0.02823333302794379
2015-10-01,0.004938013250958489,0.0009989950940090119,0.0016402270668568616,-0.00016416556171210172,-0.00011540878653027435,-0.002295426006876398,-0.005280648568415802,-0.0012567591665368066,-0.0001410986199146977,-0.003810638899468449,8.361097444320097e-05,-0.0021646420972552104,-0.0028626029993995693,-0.0,-0.010430544319841745
2015-11-01,0.004938013250958489,0.0017746286715577444,0.0005865895710719047,-0.001608822504778569,-1.732309103141958e-05,0.004314521432170485,-0.0004974635651425678,-0.00031501184760393086,-0.0006100334266856312,-0.0036621825468760786,0.0003185303968113483,-0.0022972134392013435,0.009920690774987645,-0.0,0.012844923676238075
2015-12-01,0.004938013250958489,0.006144486726440662,0.0010983394773865086,-0.003119145672529886,-8.996458541790802e-05,0.002606192528092409,0.00150332865544118,0.0050676390827395015,0.00041826580886460525,0.008647404422291663,-0.00039104583306166037,-0.002342571123749751,0.009652498210817586,-0.0,0.03413344094827339
2016-01-01,0.004938013250958489,0.009032578836071158,0.0007599260076720436,-0.00160034944352892,-1.73112588454394e-05,0.00574217105280538,0.0038865321865730195,0.008156282068867976,0.00016281100083455298,-0.004996004809425619,8.607130934875399e-05,-0.002334368288961967,0.020479236803456775,-0.0,0.0442955887158262
2016-02-01,0.004938013250958489,-0.007505024568391236,0.0008639774354524806,-0.00040247040935869667,-4.87880876458824e-05,-0.0022193730851317903,-0.0007358170321052339,0.003913644060732852,-1.9424944977710742e-05,0.00447166493481943,4.772578120049836e-05,-0.0024789208961098616,0.002395830176791408,-0.0,0.003221036616234747
2016-03-01,0.004938013250958489,-0.008262147755641328,0.0012630503910702063,-0.001831861233449493,-0.00015059826036868402,-0.005646438906578339,-0.004972905278509666,-0.012743640312522134,-0.0007021970000543153,0.0004851165150120872,1.238486254631599e-05,-0.0025832564581691887,-0.03001042039834936,-0.0,-0.06020490058405541
2016-04-01,0.004938013250958489,-0.001811268649287722,-0.000295335317979082,-0.0018496838795263612,8.05428487668571e-05,-0.0045211076290163,-0.0014560683051122565,-0.003417322407768413,-0.0022793211548148076,-0.005268760926537212,0.0003295336790990378,-0.0020676516018314846,-0.01939576322536842,-0.0,-0.03701419331841768
2016-05-01,0.004938013250958489,-0.0053448499990409746,0.0006560436610503616,-0.0010464230643326066,-0.000157377064125889,0.0027161737021874264,0.0005367098075747043,0.0006711264936948251,-0.0004106904010545087,0.004590284552705161,-0.0002850945738555721,-0.0020592302623496286,0.009459715086588954,-0.0,0.014264401190000742
2016-06-01,0.004938013250958489,-0.0018171422957508662,0.0009792291768593744,-0.003230354601431635,-3.337554689745531e-05,0.0010062772302573554,0.0025430408302801674,-0.0015882121335355174,-0.0014420602017168203,0.00825901512858142,-0.00017245192894646815,-0.0019689596013809786,-0.0037063539296773988,-0.0,0.0037666653775996653
2016-07-01,0.004938013250958489,0.0028135520982489593,0.00010046709962586172,-0.002066720856478772,2.2535492831430803e-05,0.0021901428415390415,-0.004258334139849846,-0.004703804258845859,0.003063549438763868,-0.007784233601872632,-0.0001991454129588296,-0.0018470424494815322,-0.013276835713763634,-0.0,-0.021007856211283454
2016-08-01,0.004938013250958489,-0.0013538225465234393,-0.0008150712282171653,-0.0011382145612038922,-0.0001956546838753395,-0.0024808896403738317,-0.0008412813407165286,-0.002381903598162003,-0.00040103850047707714,0.005210344372898025,0.00026787372072835765,-0.0018799815301121078,-0.00034827219203425205,-0.0,-0.0014198984771107651
2016-09-01,0.004938013250958489,-0.00043902108172915637,-0.0006821740047963674,-0.0015759893924361498,-0.0001390296499624224,0.0020992952341653747,0.0019394718219393696,-0.0004065102511922685,0.0003315398091409949,-0.008941202088533896,3.848433154874739e-05,-0.001780887926199394,0.01193271496576634,-0.0,0.007314705018669662
2016-10-01,0.004938013250958489,-0.0037305077722981275,-0.0005415467970677411,-0.0,-7.566147254377656e-05,0.002741880830519446,0.00035961520710101974,-0.0003439482177387419,-0.00042160649470365926,0.004118750913174086,-9.981612782220111e-05,-0.0014194209123805834,-0.005955313549752146,-0.0,-0.00042956114255393585
2016-11-01,0.004938013250958489,0.001981740402695452,0.0004738671374679992,-0.0,-5.408327723867382e-05,0.006132089476307224,0.0006183392897688837,0.0034306039729142786,0.0008476657501147876,0.006665802769901469,-0.00023747033689006938,-0.0014560997937137037,0.015211669717206177,-0.0,0.03855213835949231
2016-12-01,0.004938013250958489,-0.0049025725094794075,0.0011032865236735197,6.566622468483835e-05,-0.00012022613374226159,0.0041067676755039756,-0.0028345073705166144,-0.003666698447423287,0.0013653578854916808,0.0002301377811331491,-8.926844035869818e-05,-0.0015546362593950112,0.0016368576877382548,-0.0,0.00027817786826862746
2017-01-01,0.004938013250958489,-0.004491890065778886,-0.00041672027757444307,0.0015420971474375245,0.0003575221515839258,-0.0002700799204304487,-0.0010164944533070303,-0.0024720867121987506,0.0004134527883258567,-0.010364497256871413,0.0003672963640714725,-0.0013435774736392124,-0.007509707781008855,-0.0,-0.02026667223843177
2017-02-01,0.004938013250958489,0.0007860333973742484,0.0003769529891923584,0.0016755478621196251,2.5745720879468168e-05,-0.0038070447936653104,-9.54424753696649e-05,-0.0018554460881782268,-0.0018712433151538614,0.0005625123383590147,0.00028609464515263577,-0.0013018333765055126,-0.023813132667258055,-0.0,-0.02409324251209479
2017-03-01,0.004938013250958489,0.0025675519898989414,-0.0008131585399402762,0.0001829273401934833,-4.873274986585679e-05,-0.0010716743516669457,0.0004440701391445711,-0.000617241082294076,-2.424266134005746e-05,0.007491354751244532,-0.000320430367744651,-0.0012596497344539268,-0.0028878009152908013,-0.0,0.008580987068843426
2017-04-01,0.004938013250958489,-0.00035779675056103174,0.0008903255468797849,0.002642838586567037,-5.437302612466979e-05,-0.0020560679129180653,0.0014023339624613714,0.00024504702143509895,0.0003276018287385278,-0.002391927755425162,-5.489215493982069e-05,-0.0009783219735630887,-0.00768617722845683,-0.0,-0.003133396604948358
2017-05-01,0.004938013250958489,0.000883427747526588,2.5933699586660724e-05,0.0020992009246024617,0.00011242939037589535,-0.0011922063649527235,-0.0026918755870061666,-0.00032430751354348765,-2.481582073465988e-05,0.004909972725513362,-8.30538372733211e-05,-0.0009027303233644738,0.007600335152272904,-0.0,0.015350323443961526
2017-06-01,0.004938013250958489,0.0010048460139537847,0.0008986691387766646,0.003348977458926826,-1.892551492164894e-05,-0.0035302921278828137,-0.0004619805358986836,0.00027320851446452436,-0.0013153696719521498,-0.002349492094929047,0.00011896716677232405,-0.0010746005305695082,-0.005534799385127829,-0.0,-0.003702778317429067
2017-07-01,0.004938013250958489,-0.000482956676805419,0.001283502308567507,0.00249531653802391,-0.0001020422733592832,-0.00406060890656476,-0.00033961621594485076,0.000566889796731928,-0.0004948554651922079,0.003989529489303715,-0.00011230235549383646,-0.0010938652004526571,-0.010334342013199804,-0.0,-0.0037473377234272685
2017-08-01,0.004938013250958489,-0.0010682030406428263,0.0014555100337114999,0.0038997264401545093,4.4046420325965655e-06,-0.0027941592051021185,0.0021834694978998194,9.121247107711046e-05,-0.0017877676505564657,-0.006622181732707214,0.0002881875768268826,-0.0011252533774002986,-0.007157029962363057,-0.0,-0.0076940710561110735
2017-09-01,0.004938013250958489,-0.0034124365712693513,0.0006590182914862706,0.0018132351074265504,0.0002810111577254101,-0.0025703890318702453,-0.0019461005365416057,-0.0017478196612948967,-0.00022525127163589378,-0.001158467722905123,-0.0001483433664722422,-0.0012150049200523477,-0.005464089345954173,-0.0,-0.010196624620399159
2017-10-01,0.004938013250958489,-0.0025391054509018066,0.0005859172277298275,0.0015759893924361557,0.00011367439796222304,0.004951682263075191,-0.00043051435119316977,-0.0005813579817993336,0.0003245455351637811,0.0009492309277525255,-7.800488876792698e-05,-0.0012014360871922909,0.009619997680426083,-0.0,0.018228631915649746
2017-11-01,0.004938013250958489,0.0008012555767638885,0.0013422983590226528,0.00010591326562070627,0.00010029310520141865,0.0006606230884751173,0.0005688676641866225,0.00011738959247870951,0.0006418903332872381,0.005884168881063243,-0.00018834062384557795,-0.0011797346452882508,0.002469567549579473,-0.0,0.016262205397503726
2017-12-01,0.004938013250958489,-0.004354171146120087,0.0006286759902454264,0.0018202959918012579,-9.119784017275513e-05,-0.0006928501847244415,-0.0003757222743516664,-0.0019522185169358855,7.576029394770219e-05,-0.004602412865557455,9.98303979104171e-05,-0.0011203617072590647,0.002645911449572311,-0.0,-0.0029804471606857514
2018-01-01,0.004938013250958489,-0.0011401841842530536,0.0009957549603901794,0.0023420953470926166,-0.0001275480554299379,-0.006144046738159763,0.0010601091244599804,-0.0020315218989209564,-0.0014046143389417065,-0.003001770728682692,0.00023246103041735296,-0.0011712348683408712,-0.01623768605452872,-0.0,-0.021690173153939084
2018-02-01,0.004938013250958489,0.003733729318781673,0.0011607820127153025,0.0008282417371539516,0.00039990367521161607,-0.0017492995522532173,0.01003190788247944,0.0019729257493979703,-0.0009268295943187558,-0.004185822002032779,0.00010012757246736606,-0.0010648440964268586,-0.0013066804386090306,-0.0,0.013932155515525168
2018-03-01,0.004938013250958489,-0.0005199582294012007,0.0009670776853078237,0.0016014085761851201,1.9673534820905993e-05,0.0007367791471454356,-0.0023544154755521063,0.0009128767132756269,0.0008805633945650663,0.01133363749362992,-0.00038721332226735166,-0.0010510803888848395,0.0022149056681124235,-0.0,0.01929226804789531
2018-04-01,0.004938013250958489,-0.0010305625548170099,0.00024655254889034293,0.0005909960221635569,-1.412916063982074e-05,-9.455676044954326e-06,-0.000574405771704387,-0.0008542805637526408,0.0001705388477888299,-0.006156247775772898,0.00026745569794040604,-0.0008791427536907156,-0.002167696541567806,-0.0,-0.005472364430248608
2018-05-01,0.004938013250958489,-0.0022075630486732612,0.0015838834844896128,0.0012367138982311526,-0.0001673239145188165,0.007578582453502479,-0.0036425453535188657,0.0025259563973113815,0.0006246398248538192,0.004656572384731905,-0.00021529595057894578,-0.0006939718580965056,0.02562579878499142,-0.0,0.04184346035368386
2018-06-01,0.004938013250958489,-6.085607303830326e-05,0.0006173403632318774,0.0016525999879017995,-3.822885755805184e-05,0.004292573738811758,-0.0004548428780517425,0.0014889649588932991,-0.0005928585854396134,2.900201253830793e-05,4.86502295905708e-05,-0.0008369395500142135,0.010590552647944272,-0.0,0.02167397124576845
2018-07-01,0.004938013250958489,0.0004697084110813335,0.00013676126823904916,0.0007879946962180778,1.6687752989142615e-06,0.0005091574025936196,-0.000560155102920061,-0.002877524716473968,0.0006720115286241341,0.001163665189919073,3.0027666620480465e-06,-0.0009105349120376399,-0.004972244339456027,-0.0,-0.0006384757812929577
2018-08-01,0.004938013250958489,-0.0001039231561180536,0.0005073490041122702,0.0005909960221635569,-7.843692833074186e-05,0.0018195438375901314,-0.0006622245793006096,0.0002458876630180672,-0.0001627896063999877,-0.006396172016452145,0.00012443466996900514,-0.0009457098931784281,0.0029757317525750168,-0.0,0.0028527000206065717
2018-09-01,0.004938013250958489,-0.005030478789335768,0.0011729319370870196,-0.0,-0.00024045492324004604,0.0005795584241017227,0.00040451901321608756,-0.0008114292879596244,-0.00011393955008913183,0.002980511956387295,-0.00021820580490093143,-0.0009121868354280522,0.0125126046061101,-0.0,0.01526144399690716
2018-10-01,0.004938013250958489,-8.062592988085613e-05,0.0010256732590995835,0.00026266489873935927,-4.486639665814754e-05,0.0017579451548163803,0.005732005333593713,0.0003094461712731616,0.00015269056084600126,-0.0037027595988901145,0.0001391862952573906,-0.0010315291520846185,-0.008182244136330926,-0.0,0.0012755997107394175
2018-11-01,0.004938013250958489,0.006205529799232855,0.00098743553877949,0.0015759893924361527,-2.2862350381579015e-05,0.0030966022750419054,2.6957566518565135e-05,0.0034463302610310276,9.38052303515105e-05,0.008961903049100294,-0.00037230067980426756,-0.001103649294037269,0.011080642464159402,-0.0,0.03891439650338658
2018-12-01,0.004938013250958489,0.005447450153470489,0.0006576866320933925,6.566622468484128e-05,0.00014233528004789871,9.838899973882622e-05,0.0035728157079373776,0.001524749412671671,-0.001542812208965151,-0.0057022836678272,0.0003137230698444173,-0.0014097738452818137,0.0010269287080346178,-0.0,0.009132887717407855
2019-01-01,0.004938013250958489,-0.0010875542793300883,0.0007634630850724814,0.00045966357279387724,0.00033556667261456347,-0.00410165099144495,-0.0034395412749535907,-0.0015760885950600572,-0.0037970214208031794,-0.0009825086176303182,0.0002341735931915336,-0.0014748251762253864,-0.015751761577674418,-0.0,-0.02548007175849104
2019-02-01,0.004938013250958489,-0.005923462625271241,0.00044310573891209325,0.0008536609209029161,5.1172966928025804e-05,-6.888713348631333e-05,-0.0035480228149047444,-0.0015852098421677704,-0.004771695586843781,-0.005224409529691793,0.00031778962882800363,-0.0013975133709716815,-0.008407056331295964,-0.0,-0.02432251472810376
2019-03-01,0.004938013250958489,0.0002799580190992734,0.00041930961524120936,-0.0,-7.238267162370203e-05,0.0008643763687538435,-0.0007144167712370699,-0.0004340455520221258,-0.007385009318757611,0.00883196570868458,0.00014273195933126257,-0.001165292595087529,0.003927102308967314,-0.0,0.009632310322307935
2019-04-01,0.004938013250958489,-0.001678171248436745,0.00063952305010144,6.566622468484128e-05,7.363836649818341e-05,0.0002798996275142771,-0.0015876070204557018,-0.0016996829230321003,-0.004279399914775711,0.001730759956612947,-0.0003385266320861589,-0.0009724086470410796,-0.0021345727704557087,-0.0,-0.004962868679913028
2019-05-01,0.004938013250958489,0.0016416031656547548,0.00063949583027375,6.566622468483835e-05,0.00012989805318425166,0.002440313921853525,0.0036209655576260264,0.0020742831059729354,-0.0014480125857575278,0.0007685727514214829,-0.00042762582462085494,-0.0009842667578677862,0.011453438446817775,-0.0,0.024912345140201658
2019-06-01,0.004938013250958489,0.002635836772043606,0.00103888704187047,-0.000196998674054518,3.399203343349674e-05,-0.0012254748450423894,-0.0007707855583482932,-0.0001532369514095519,-0.0025020370201197886,-0.0036246582382766655,2.4236373251003936e-05,-0.0011699861915898508,-0.005416067952756915,-0.0,-0.006388279960040906
2019-07-01,0.004938013250958489,-0.0006509971110860751,0.00014972798539698826,-6.566622468484128e-05,0.0001765252069194944,-0.0008106778858641135,-0.0024651875795352624,-0.0026010651493569474,-0.0025657685752918874,-0.00448460205320161,0.00023343749140077342,-0.001144866430994074,-0.009388846083508658,-0.0,-0.018679973158847722
2019-08-01,0.004938013250958489,0.002255596596451872,0.0005461305113757107,0.00013133244936967963,0.00012425656897044113,0.004658525122061633,0.005029143555088477,0.0022613258581832673,0.000428919037556921,0.00086051595000344,-0.0004124920813626833,-0.0011968719071520728,0.025017709795921984,-0.0,0.04464210470742716
2019-09-01,0.004938013250958489,-0.001610882638015137,0.0007472213643721852,-0.0017729880664906735,1.3320975183007467e-05,0.0005098552348346477,-0.0028138567645358188,-0.0017407857215190501,-0.003402506836443418,0.005081016535778003,7.51917052640438e-05,-0.001428657042738902,-0.0004493437043229986,-0.0,-0.0018544017076756218
2019-10-01,0.004938013250958489,0.0004472505941926552,0.00032393490315094585,-0.0005909960221635569,0.00012334532354124582,-0.0013195756144438512,-8.44226387177061e-05,0.0004107706456093456,0.000673549810974016,-0.004574370957178572,-0.0002880052179563685,-0.0013842545410539678,-0.0029219021149627642,-0.0,-0.004246662578050089
2019-11-01,0.004938013250958489,-0.0008046322346344586,-0.00019664357575397047,-0.0013789907183816346,-0.00014099286078480825,-0.0004280912778123743,-0.002989065865815404,0.0004934909211034198,-0.001158272079789347,-0.0029301264169168803,0.00031819735145650365,-0.001572247730148391,0.013332590828420969,-0.0,0.007483229591902113
2019-12-01,0.004938013250958489,-0.0011991516669324653,-0.0004595976638097443,-0.0018386542911755148,-3.727630673311933e-05,-0.0014947246475601743,0.0013299943384738524,-0.0016424678275382798,0.0007101944548906007,0.0055343150747500895,-0.00025334184526978816,-0.0015773218365385591,-0.008620749275674083,-0.0,-0.004610768242158697
2020-01-01,0.004938013250958489,0.004100752331084471,0.0004016285399891273,-0.0,-0.00016930785320607642,-0.0014575906026960974,0.00018844851395563635,-0.00014561113133548302,-0.0011588215711399955,-0.012123474547834913,0.00013430914363616976,-0.0015924933460586574,-0.00345602873781731,-0.0,-0.01034017601046464
2020-02-01,0.004938013250958489,0.004838944375523465,-0.0003495150384000231,-0.0,-0.00013648367996992733,0.003298602482933078,0.004845682165671602,0.0003969629646428437,-0.0015759593981121743,0.011100852888563007,0.0002068046753041495,-0.001468990686234878,0.014965623444153123,-0.0,0.041060537445032755
2020-03-01,0.004938013250958489,0.019263351226529946,0.00024414294084271437,0.0001969986740545209,0.000176993595587689,0.00969980338719126,0.015278619681317314,0.026202738095277615,-0.0011431682749192208,0.007132117983762372,-0.00037534040430464846,-0.0014325346326836805,0.05295916103343353,-0.0026558009733916726,0.13048509558365623
2020-04-01,0.004938013250958489,0.002990942476445819,0.0015849509978823927,-0.00589513236444868,7.528566707884193e-05,0.004941260925636949,-0.004691897864575331,0.006635964610120118,0.0018115657725100572,0.007886149271148498,-0.0004731891789178108,-0.002384347704974195,0.01362359213257495,-0.0026558009733916726,0.028387357018048426
2020-05-01,0.004938013250958489,-0.002990942476445819,-0.0024828507268819266,-0.0008684887780898166,-0.0004770038448369418,-0.0014467647160281748,-0.004162337019819125,-0.008132106475044877,-0.0028024521207839193,-0.010691090731658399,0.0010898448178714244,-0.0019937050335459817,-0.0030191586587555845,-0.0026558009733916726,-0.03569484348645232
2020-06-01,0.004938013250958489,-0.006484642710546318,-0.0021140442968806527,0.0029655714373798604,-0.00036575744451999826,-0.006484867967167784,0.00010163659277242414,-0.007294267030687006,-0.01294632915353028,-0.005121458488819024,0.0009651421472553562,-0.0011625820723014041,-0.017712723918557934,-0.0,-0.05071630965464427
2020-07-01,0.004938013250958489,-0.007556070494274053,7.058304857686118e-06,0.0037980497051586363,-0.0006337397757133668,-0.0022130161742087875,-0.0020948413644897978,-0.002300655875100686,-0.001322967302790072,0.0018072497588779055,-0.0014163173007784992,-0.0008102110047810882,0.0033478898848837185,-0.0,-0.004449558387399915
2020-08-01,0.004938013250958489,-0.003353691058849375,-0.00023466683536586727,0.0017073218418058322,-0.0003077744122386777,-0.00395908901442098,-0.0022549373302381197,-0.004728580310942507,-0.0017512659011949161,0.0013355267805140374,-5.58513738206757e-05,-0.000545133561136418,0.006440141005428192,-0.0,-0.0027699869195009852
2020-09-01,0.004938013250958489,0.0005687118020388139,-0.0004710195247775035,0.001601408576185126,-0.00026702139939980884,-0.0013802737563351488,0.00267453150150673,0.0019538626288753643,-0.0010652747642930338,0.004539522634600591,-1.353338147354186e-05,-0.0006531965370598302,-0.009683392061384022,-0.0,0.0027423389694422283
2020-10-01,0.004938013250958489,0.0004803635778740292,0.0007479162772298988,0.0018460682197689621,-0.0005201424708593984,-0.0012976086135263174,0.0008888896717629553,-0.0020508652333045482,0.0010324570027966196,0.0021986187459679387,-0.0002424276482903742,-0.000812745273991048,0.007556010966343003,-0.0,0.01476454847273021
2020-11-01,0.004938013250958489,-0.0015862316670335692,0.0005167387949015688,0.001477490055408895,0.0004421734914717888,-0.003911030212170772,-0.0023169820619437977,-0.0034477027370848567,0.0002982040087087473,-0.0007960649253667305,6.203278616670586e-05,-0.0011064728461192789,-0.014770962789618824,-0.0,-0.020200794851721632
2020-12-01,0.004938013250958489,-0.004007983885500813,0.0006207699930590904,-0.0,-0.00020756992302472865,-0.005203292826347739,-0.0015689755243310122,-0.001178528031468777,-0.0016281272164014387,-0.007548830292082896,0.0004583254337815749,-0.0010353004042180467,-0.017603731682574952,-0.0,-0.03396523110815125
2021-01-01,0.004938013250958489,-0.003032044297940066,0.00011554434991459543,-0.0,-0.0004469742519203139,-0.000986021177155274,0.001520451679605798,0.0009832075330588191,-0.008771419982587831,-0.00028656641163110977,0.0008079279415693514,-0.0009379457376657518,0.0032572029102533964,-0.0,-0.002838624193539897
2021-02-01,0.004938013250958489,0.0004947399737651382,0.00010038012673738598,-0.0,0.00034888889032213405,0.0012674104519368966,-0.0010434687951735551,-0.00039932190786035656,0.00014472602347876822,0.0047333880462458455,-0.0011108102360027306,-0.0009131507172804012,0.004537245993875719,-0.0,0.013098041101003332
2021-03-01,0.004938013250958489,-0.0027207901356842475,0.0007158230982409689,-6.566622468483982e-05,-0.00029873286434926074,0.0031310217201663496,-0.0008171565396182146,0.0014438619645744766,0.0001243720697727512,-0.0028313688897063914,-0.00013182803270842038,-0.0008239966126634855,0.013035950831538686,-0.0,0.015699503635836862
2021-04-01,0.004938013250958489,0.004907049692214277,0.0007804870811035738,-6.566622468483982e-05,6.407634211421267e-05,-0.001666679489751239,-0.0032073120805103305,-0.0004812673062490417,0.00036161578411026746,0.005363587995264052,-0.00016776444252522582,-0.0008541435156465001,-0.012210174717086342,-0.0,-0.0022381776306886446
2021-05-01,0.004938013250958489,-0.0013574722055894905,0.0035487307443066583,-0.0,0.0001175289685697889,-0.0033920257871285246,0.001788372310787165,0.0025401529464931373,-0.0008938092097325477,-0.001655340238658491,0.00027951007637494094,-0.000718429488638467,0.00016524310126227095,-0.0,0.005360474469004931
2021-06-01,0.004938013250958489,-0.003966823720904224,0.0029291371186502776,-6.566622468483982e-05,0.00013595760822593438,0.0008770211498761483,-0.0021669109221680617,0.0010160611785972509,-0.00028365656967246997,-0.0030750543793106786,-3.511206914765167e-05,-0.0008814270564464168,0.008361717374140508,-0.0,0.007783256738114266
2021-07-01,0.004938013250958489,0.0009181218323995362,0.0015771912384197116,0.00013133244936967963,7.582170986962125e-05,0.003536165438561863,0.0005298962102077597,0.0036114562862568375,0.001096055012084115,0.0037572121265346025,-5.195988645207268e-05,-0.0010259047201221986,0.008597191840978392,-0.0,0.027690592789066333
2021-08-01,0.004938013250958489,-1.8835671613227934e-05,0.0014047524937392704,0.00013133244936967963,0.0001374801340954455,0.0008009070450768976,-0.00010546093111371416,0.001532969972369061,0.00018863703267385992,0.0039362486274742816,-7.989439242322226e-05,-0.0007388958733346962,0.018972513325231918,-0.0,0.031099767462504042
2021-09-01,0.004938013250958489,-0.006134942225652488,0.0009555935575935328,-6.566622468483982e-05,0.0006742047245060029,9.713834224112956e-05,0.0017884544321018674,0.0006629059339974216,0.00015460856142622564,-0.015849886355691168,0.00014375245525072988,-0.0008324102651869131,0.0016678096574882836,-0.0,-0.011800424155651726
2021-10-01,0.004938013250958489,-0.001735792233240846,0.00026046571972164435,-6.566622468483982e-05,0.00021981778300819623,0.0014565321207427448,-0.0014689436376621903,0.0013438970993291186,0.0006091611213212487,0.008335295932888478,-8.950945347631513e-05,-0.0010796060296505068,0.005331744583191592,-0.0,0.018055410032446814
2021-11-01,0.004938013250958489,-0.0007698003932350615,0.00015170400568752484,-0.001641655617120994,-0.0007062844539369433,0.002162363552391598,0.000489889194221808,0.004187224287461947,-0.0003446096117116171,-0.002424621281169586,0.00023456911415621468,-0.0011681320420495569,0.001955107593799614,-0.0,0.007063767599453438
2021-12-01,0.004938013250958489,0.0006782033743061537,0.0018418767069747417,-0.003173867526433922,-0.00019624114764051236,0.0018875734466739765,0.002031713982641632,0.004305285821342016,0.0012647947418248805,0.00977644655321054,-0.0004734965892926947,-0.0011714838196891372,0.008885335841872871,-0.0,0.030594154636749034
2022-01-01,0.004938013250958489,-0.006191096996120479,0.001360556207058504,-0.001380402895256576,-0.0001639449994349394,-0.0017771950709041372,0.0011622052378571666,0.0013024511818287125,-0.00022966663586603588,-0.012182408440632527,0.0002610334585300978,-0.0014787155687400906,-0.023884952506744415,-0.0,-0.03826412377746623
2022-02-01,0.004938013250958489,0.0008184045957242654,0.0009647164574380529,-0.002224178578034896,0.000879000427887531,-9.190223890120272e-05,0.001487521167886524,0.0024845490806999905,0.0015394794797599929,0.003886591155712932,-2.2697759603492915e-05,-0.001914611292190929,-0.019198554377501082,-0.0,-0.006453668630163827
2022-03-01,0.004938013250958489,-0.00480749314558732,0.0003374509243821254,-0.006354795937242558,4.7688059320575465e-05,0.002989427003213765,0.0006557232500409954,-0.0010591183257983412,-9.944263002626307e-05,0.0016561490353085993,0.0001577956978166019,-0.002201675342667912,-0.011506900677848719,-0.0,-0.015247178838129961
2022-04-01,0.004938013250958489,-0.002784954652136671,-0.0005031584097800024,0.0007879946962180778,-0.0003333091503338723,0.002010803156666419,-0.0014328575883700713,-0.0030386333899172224,0.0013772474374221786,0.0014086342805896702,-0.00019998947140726302,-0.002096867077568068,-0.005731673434873182,-0.0,-0.005598750352531518
2022-05-01,0.004938013250958489,0.005186402146762648,0.0003745520256444765,-0.005712961547581059,0.00019945760665124573,0.005705520719204031,0.002613581455606987,0.005859286129910826,0.002621320914812501,0.0138904700310046,-0.0002471596056984135,-0.0019954355976047433,0.009934969606061548,-0.0,0.04336801713573314
2022-06-01,0.004938013250958489,-0.014346951373418704,0.0006668236858960871,-0.0034654820511096055,4.48821413830469e-05,0.0007349868918020829,-0.0005318305725539243,0.0008631587682258257,-0.0007681375320375657,-0.011508891799008698,0.00028240207504550563,-0.0027177515276898697,0.0033765314721482093,-0.0,-0.02243224657035912
2022-07-01,0.004938013250958489,0.002076600993228345,0.0009863164082193378,0.0026774873548915277,-0.0001096271214637186,0.00600291292055804,-0.00172504071477115,0.007463610560453204,0.0023083941149883796,0.002862862816152362,-0.00013146712054131463,-0.0025360041163867007,0.03646310975429876,-0.0,0.06127716910058556
2022-08-01,0.004938013250958489,0.013650620443675456,0.0011718168051438342,-0.006763621142538497,5.0370090912532873e-05,-0.0009457045873655622,-0.0016988746777115938,-0.005711473318238991,-0.0009221045552516374,5.793179540254882e-05,6.439946171801627e-05,-0.002990855160441923,-0.0193281470080994,-0.0,-0.018427628601836728
2022-09-01,0.004938013250958489,-0.00526294513322567,0.00019633607160030785,-0.005581629098211377,-0.0004938918740346813,0.007067892069217393,0.002969608043839628,0.003578731310348455,0.0018316167572726126,-0.0034627150099653214,-0.00015666650373378984,-0.002667727381509674,0.006189483094202634,-0.0,0.009146105596759007
2022-10-01,0.004938013250958489,0.0013644232159954325,0.0005319657806493799,0.0012914357521351856,6.734143747744348e-05,0.003984811573747219,0.0013165952507021674,0.007145968133746107,0.0033068410377686762,-0.0017381783310673558,-4.914325159548636e-05,-0.0036128977921146823,0.009884200322877327,-0.0,0.028431376381279905
2022-11-01,0.004938013250958489,0.0005294289209296267,0.0017701098409271465,-0.0031449179004976037,0.0002324875751481796,-0.005568701703491908,-0.003582466219002229,-0.008223190276491925,-0.00027222787056917783,0.006535256319352306,0.0001964142644180433,-0.0040119467067184856,-0.019332853360195325,-0.0,-0.029934593865232863
2022-12-01,0.004938013250958489,0.003284162419961222,-3.492735258544284e-05,-0.0017581602093037732,0.00026721944607975264,-0.005666401632122748,-0.0009520087500025336,-0.005310152742125268,-0.003029453136487628,-0.004980870223304491,0.0002524878453193949,-0.003808736691037313,-0.012262697401037278,-0.0,-0.029061525175687615
2023-01-01,0.004938013250958489,0.0008745476296404439,0.00013710569330608103,-0.0006524257162235708,-1.7017138967272002e-06,-0.00535557170466516,-0.0010909927807894629,-0.0017608438871806731,-0.0014370404106230862,-0.006262556986921295,1.4210412870739875e-05,-0.003693242405859398,-0.01470143275102373,-0.0,-0.02899193137040735
2023-02-01,0.004938013250958489,-0.0011605695480858714,0.0009081509653990132,-0.0026202941914563443,0.00021792662330056187,0.0011096348195129204,-3.412815655422013e-05,0.0021523727044479124,-0.0024967657808919914,0.004266447697992713,-6.158212532993405e-05,-0.003932803990911889,-0.008554464009774332,-0.0,-0.005268061741392972
2023-03-01,0.004938013250958489,0.0045552915175398065,0.0013746208546787546,-0.0030312376620646956,-1.439971446972971e-05,0.0009685379138770786,0.0010338573092214232,0.004141030460612846,0.0019724161811252995,0.010047278649678398,-0.0005365603379316815,-0.0037179749668953678,-0.006383301902905288,-0.0,0.015347571553425332
2023-04-01,0.004938013250958489,-0.0009923582093407698,0.0009068963665304169,0.00047237316466836537,8.528718242245638e-05,-0.0033417332690035577,-0.00275497963187007,-0.0014369266715150006,-0.002926600053067342,-0.002051995808673875,0.00037708114665143376,-0.0035809045125432246,-0.009084781225229563,-0.0,-0.019390628270012242
2023-05-01,0.004938013250958489,0.0016641078885152117,-0.00013133386114493886,-0.00040670693998352706,0.00019017332760095146,0.0008597899678813432,-0.00014524069923783862,0.0016086577377498433,-0.000280325811991403,-0.0005610257165359173,-2.6159150437824854e-05,-0.0033079661949516523,-0.012768595315085528,-0.0,-0.008366611516662792
2023-06-01,0.004938013250958489,0.002133752926744853,0.0002616308610902436,-7.837581655933524e-05,0.00010039789893735333,-0.0007436629914241124,-0.003266512344860778,-0.007010650572814324,0.0015632901341508367,-0.00094535825375433,-0.00027372354479286216,-0.0032133618171716273,-0.011667026787607306,-0.0,-0.018201587057102897
2023-07-01,0.004938013250958489,4.033867165352207e-05,-0.0002763029909463727,7.837581655933524e-05,0.00023577449775910407,-0.002811052562000885,-7.178259418787751e-05,-0.00403958303529684,-0.000657281378954312,-0.0005041588057843257,0.00017392540778720197,-0.0028510700877599,-0.006844025942042302,-0.0,-0.012588829752255164
2023-08-01,0.004938013250958489,-0.005183548992913863,-0.0009347381191826038,0.0002626648987393651,0.0001827880734583101,0.004061743050766212,0.0018296658882261882,-0.0024636802963690684,-0.0013450179452884727,-0.0031053482060156685,3.257973748019085e-05,-0.0026219558065588245,0.017947467364730414,-0.0,0.013600632898030669
2023-09-01,0.004938013250958489,-0.00036819552890568496,0.0008655496838094229,0.0013789907183816288,0.00014753563404149234,0.0039613982372674805,-0.0006213588748107395,0.0009228185866905165,0.0008232657676111531,0.00011851071654626963,-0.00024254285046011452,-0.0026103124599855263,0.010472907826861343,-0.0,0.019786580708005732
2023-10-01,0.004938013250958489,0.0008797862058724002,0.0009427929226655539,-0.0,-0.00016430794601139285,0.004038751627267742,0.003100968606515049,0.0024661679092166273,0.0018702612299097074,-0.0017412549046236583,2.7355472570848974e-05,-0.0028727857716024543,0.02397774182511578,-0.0,0.0374634904278547
2023-11-01,0.004938013250958489,0.008147929088151314,-6.166780885772442e-05,-0.0,-0.0001803953316362842,-0.004970928637326588,-0.0042214132817337035,-0.005109899907896857,0.0005908699198972212,0.009154224942493797,-0.00010765076321816358,-0.003225443743502858,-0.024183019639818507,-0.0,-0.019229381912489865
2023-12-01,0.004938013250958489,-0.0033663844444504092,0.0005317206351325017,-0.0,-0.00023820027150170758,-0.0030809928743954617,-0.001378790868208298,-0.003526948932567678,-0.005634290884759044,-0.0039534899072607025,0.000845155260712458,-0.0027713483678456297,-0.007064776655524897,-0.0,-0.024700334059710376
2024-01-01,0.004938013250958489,-0.0017820463486951882,0.0004642194040494268,0.000635479593724261,-3.3268494656240096e-05,0.0008780549647272107,0.0007271708032897685,0.00204441745517669,-0.004907831899673161,-0.003696043900418159,-0.00019713379905749175,-0.002724893780151676,0.004763794773824212,-0.0,0.0011099320230981433
2024-02-01,0.004938013250958489,0.000447737605619646,0.0008992798208259713,0.001006176023396733,2.0281284237622525e-05,0.0018582706956774932,0.0006125594650305096,0.0009721991313770923,-0.00021738661438334465,0.006264330002877811,-0.0005814100909802192,-0.0023827972217417177,0.01677347063460539,-0.0,0.030610723987501476
2024-03-01,0.004938013250958489,-0.0007918683168693883,0.0005658908381877383,0.001641655617120994,-7.735700278803006e-05,-0.0009005212611131622,-0.00019683556363053625,-0.002054482279571405,0.0009114883395819018,0.0012427579541883825,-0.0001387395692945226,-0.002179688898644867,-0.01341272901280634,-0.0,-0.010452415904680747
2024-04-01,0.004938013250958489,-0.002074786110741293,0.00024791700547813607,0.000635479593724261,0.0001381710697937027,0.0032680479773872593,0.0022289728881689868,-0.0006323254519231352,-0.00253817899677905,-0.006268105563954359,0.0004170104314379867,-0.0020245187862208977,0.0010643271475241872,-0.0,-0.0005999755451457267
2024-05-01,0.004938013250958489,0.0035913659991111857,0.0013199099857760437,0.0026478316405177268,-0.0007266178009321901,-0.000623383724628255,-0.0029980537472254817,0.0009021885560064595,0.0008987591367987393,0.010172425063126923,-0.00044857360718047925,-0.0020514420999269683,-0.0062912726645585094,-0.0,0.011331149987843684
2024-06-01,0.004938013250958489,-0.004117343072960952,0.0005606267767145043,0.0031773979686212815,-0.0001411536459217396,0.004030714933830751,-0.0004312729932131693,0.0023854105604120437,-0.0036821954387782907,-0.00451090718141353,0.0006600205276253284,-0.001844666507239456,0.022030006306485692,-0.0,0.023054651485120953
2024-07-01,0.004938013250958489,0.0004710371852335466,0.0015576440732256083,0.00010591326562070627,-0.0002724241375022667,-0.0007077054345081731,0.0017902139768194974,-0.0006813099800816885,-0.0014989545356043745,0.00836220424119628,-0.0004455374605572892,-0.0019155099983263531,0.0006707800483143099,-0.0,0.012374364494788292
2024-08-01,0.004938013250958489,-0.0004983437264927669,0.0015955408887028723,0.0031773979686212815,-5.579299644519397e-05,-0.0016708361993252872,0.004182235596822159,0.0020616734822284186,-0.004497230374303838,-0.009796145596044508,0.00031460316263071835,-0.0018014085565369426,0.0036406243821927565,-0.0,0.0015903312830081568
2024-09-01,0.004938013250958489,0.0020892655371669896,0.0007767364632178549,0.0033892244998626943,-0.00017356190504092762,-0.0015940097709722144,-0.0012639055380364744,0.00022524333570845287,-0.004168360923597147,-0.00046448871865352714,-0.00012005239985789859,-0.0018093001128259274,0.004054738351933886,-0.0,0.005879542069864252
2024-10-01,0.004938013250958489,-0.0022202161602079616,0.0009867122922797877,-0.0013133244936967964,7.227011597468923e-05,0.003725666431363973,0.0017317007156471458,-0.001751908496205249,-0.0036300756337165506,0.006196607771360269,-8.29418653516502e-05,-0.0017105870825091711,0.0020770814301571384,-0.0,0.009018998276054114
2024-11-01,0.004938013250958489,5.453848533684643e-05,0.0009410146172149499,0.0013133244936967964,-3.0050662560788383e-06,0.005811429104596358,-0.0031188166239137873,0.001802547143941165,0.0036615438927476277,0.0029763650541384844,-0.0004684917175043069,-0.001639943379387928,0.014166181419923702,-0.0,0.030434700675492317
2024-12-01,0.004938013250958489,-0.002181554080768192,0.0009020746178289879,0.00203565296523003,-0.00015086166237450775,0.00266298715014122,-0.00013241204996642224,-0.00014468185067404194,-0.0008453445092480039,-0.00800058999242419,0.0004140501663552562,-0.0016999855779860752,0.002099940659177804,-0.0,-0.00010271091374964604
2025-01-01,0.004938013250958489,-0.0022519187201337286,0.0011198230223504935,-0.0005740498996642413,0.00013510640290338854,0.002629932154263959,0.0007791841747837996,-0.00016512602522580666,0.002169011416025058,-0.00746139024248552,-0.00030809561659889687,-0.0020303323643363997,0.0029413743955515013,-0.0,0.001921531948392096
2025-02-01,0.004938013250958489,0.0005978893986530745,0.0005819765517105597,0.00018005255155520533,-4.604104577343552e-05,-0.0020018845015221665,0.00017159656954357424,0.000522128491764011,-0.0014472462845771246,-0.0034753933355509705,0.0004618233489919394,-0.0021738528218749283,-0.018180760947097512,-0.0,-0.019871698773219284
2025-03-01,0.004938013250958489,0.00035026505726120586,0.0007008011103766118,-0.0,-0.00012291245071862725,-0.0034356234081678147,0.0035754682861664157,0.0016902457204994944,-0.0029478986796596953,0.011528379226296404,-0.00012456314953501778,-0.002054953711380186,-0.010623431971886487,-0.0,0.00347378928021079
2025-04-01,0.004938013250958489,0.0007788227766337382,0.0011477751624649874,-0.0,-0.00014814637656782162,-0.00449074379550816,0.005393666831584187,0.007419877182863108,-0.0018091142595286285,-0.0007695586070953283,-0.0001718212502908681,-0.0021011270277248367,0.007041740472816853,-0.0,0.01722938436060572
2025-05-01,0.004938013250958489,0.0023960893137574637,0.0009730115278385328,-0.0,0.00013570969844201318,-0.003900562609254707,-0.006317356288130917,-0.004357225462003944,-0.0034508336718587305,-0.003409278982229458,0.00025115798827846027,-0.0020756023520057715,-0.014877633914016022,-0.0,-0.02969451150022459
2025-06-01,0.004938013250958489,-0.003556474555679453,0.0007769716209967144,0.0015886989843106407,-4.056468502718337e-05,-0.0038480084606187463,-0.0015018341093374378,-0.0014566831783772913,0.000170012118274923,-0.0054113857874784526,-0.00020518566899187452,-0.0020298135038084838,-0.012434943829354093,-0.0,-0.023011197804132247
2025-07-01,0.004938013250958489,-0.00017713676753948959,0.0003794555685114152,5.2956632810353136e-05,0.00011259528009754221,-0.0010688725043940556,-0.001648264328367327,-0.004293905707395711,-0.002512801959061171,0.002906573409018703,0.00019090863861335227,-0.0022425762860459717,-0.005533223284948063,-0.0,-0.008896278057741933
2025-08-01,0.004938013250958489,-0.0014245652889835374,0.000854659255051744,-0.0,2.2713100373483983e-05,0.001028904667677393,-0.0005565489826965833,-0.0033091255455252166,0.0012373563751235542,-0.0019691199428146463,-0.0003385736993069131,-0.0020227922071321645,-0.0023316452834593,-0.0,-0.003870724300733698
2025-09-01,0.004938013250958489,-0.0010278352743623756,0.0004817639039207533,-0.0,0.0001377632403547288,-0.0012151115698710497,3.510458939790557e-05,-0.006055921917872367,-0.0025651876753398847,-0.007182972089273456,0.00040192241020769353,-0.0019245549707951062,-0.009133842425947203,-0.0,-0.023110858528621873
2025-10-01,0.004938013250958489,0.0034680648581053236,0.00034875732952635753,-0.0007223284715332395,9.534034499603678e-05,0.001627108890546678,0.0019237983099180637,0.0007718891106464657,-0.001548764843501493,-0.0016859317953847697,-8.479106377849984e-05,-0.0018774434964024655,-0.010805933699764968,-0.0,-0.0035522212756680226
2025-11-01,0.004938013250958489,0.0005229709864201437,0.0003072266528301188,-0.0008536609209029161,0.00010496144890801952,0.0014481676033524303,0.0012599896458988756,-0.0011344157933013115,-0.0004396785875399963,-0.009663583176784648,4.991187478886849e-05,-0.0022734222634687236,-0.008982215506194201,-0.0,-0.01471573478503485
2025-12-01,0.004938013250958489,-0.0009222930157332059,0.00020609884727964628,-0.0013789907183816346,-0.00020586293627157604,-0.0027207806962047994,-0.0034015276572450684,0.0028781466196858628,-0.0008606239088573302,0.01186565270680752,0.0001800464635247808,-0.0026447285398722804,-0.005563471074132236,-0.0,0.002369679341558166
2026-01-01,0.004938013250958489,-0.00017281310762756464,0.00041036872391719755,-0.0010506595949574312,0.0001191894591183134,-0.0021406697520638027,0.000563247350961182,-0.0008514498318916355,-0.0009854126667444782,0.012917892572530724,-0.00048370640671367406,-0.0028036563999932675,-0.013206712820012755,-0.0,-0.0027463692225187016
2026-02-01,0.004938013250958489,-0.0005007599428932284,5.6999076739429035e-05,-0.0005253297974787185,0.00042958527518684896,-0.002984919266638037,0.00242950286727961,-0.0008493482279342049,-0.002473895786479748,-0.00442891470362211,0.00023461295763008635,-0.003149252104324134,-0.011277831064565659,-0.0,-0.018101537466141376
2026-03-01,0.004938013250958489,-0.007462432462217413,0.000378095373581055,-0.006332100237466686,-0.00026289808871629404,0.004527738570382991,0.004067066941173591,0.0027068658971561763,-0.0021004722838474108,0.017079551078193346,-0.0002895613759496206,-0.00334245673801442,0.020944578447723263,-0.0,0.03485198837295707
2026-04-01,0.004938013250958489,-0.0023515103777231477,0.0007357506151208405,-0.00023452223101728985,0.00012979299545249484,-0.0019770363822733342,-0.0036279463519205512,-0.005399921254020739,0.0034634065943007918,-0.009838752282297048,-0.00021468828062674262,-0.0030332376613309135,-0.01049757920345675,-0.0,-0.027908230568833903
