fecha,senal_desviacion_pct,pronostico_retorno_pct,retorno_realizado_pct,beta_estimado,r2_insample,n_train
2021-01-01,-7.231667315684653,5.042732324339668,13.591803859610962,24.274563034188233,0.020207529302663008,120
2021-02-01,-5.368212714337162,5.645662114271538,10.190762696045752,23.018858009985294,0.01834700141413015,121
2021-03-01,-3.835924414079983,6.059945079456223,5.2412040491404355,22.51032382868224,0.017660894960162765,122
2021-04-01,-2.96845512029158,6.245903414563315,3.821276937416407,22.578856631636228,0.017836065968666825,123
2021-05-01,-1.0824873293989512,6.648968655821864,7.312670971093205,22.742915370783976,0.018131678346041902,124
2021-06-01,-2.6358099414164116,6.301799876288795,6.455238338663882,22.720241979447543,0.018107599261749874,125
2021-07-01,0.5962269802699538,7.037366227526578,13.154792895567269,22.710901786158384,0.018130833742610153,126
2021-08-01,1.2346144118337676,7.230416961903187,10.768670350109488,22.685831732010747,0.018050362539873466,127
2021-09-01,-0.7551344235197988,6.806272181017409,14.85705259620893,22.71078910650534,0.01807606407119433,128
2021-10-01,-2.251257457314182,6.53573762740422,22.210417319017317,22.488193064842974,0.017667462222131225,129
2021-11-01,0.531819380095655,7.284394462021824,23.294128621621724,21.65116305865107,0.01618263040075707,130
2021-12-01,1.3535875409750986,7.584116335180859,18.91802439211041,21.577387562130426,0.015830950485099304,131
2022-01-01,1.5245976124910854,7.707677497454094,16.45937651833531,21.687479021743364,0.015870676238307402,132
2022-02-01,-0.555101979525574,7.3209445434066955,19.914090620686586,21.797859460759312,0.01595979171986528,133
2022-03-01,-3.8867551249854415,6.702624490287535,22.468515561544855,21.5002768025971,0.015396043886881872,134
2022-04-01,-4.191543261580755,6.817149980002521,18.0363381719447,20.22239476915279,0.013501896132737112,135
2022-05-01,0.9900452653601732,7.944930580080855,12.189376229706461,19.264580680783396,0.012232178589620446,136
2022-06-01,-1.5050755466729626,7.494801985940378,6.845427341069232,19.284101765701863,0.012244289424742094,137
2022-07-01,7.5318681362318785,9.234492336855402,-7.080611485340782,19.309055707279892,0.012285716105613131,138
2022-08-01,5.232776860714772,8.588045740888456,-6.000569297476055,17.406333595208846,0.009936907831776809,139
2022-09-01,6.320298904829613,8.611640145247813,-10.179950849891917,16.29426690050171,0.008645126987227525,140
2022-10-01,10.34277251631277,8.96624106779759,-10.96648803872533,14.532983001051383,0.006792422913351137,141
2022-11-01,12.367397656428025,8.756992972056096,-19.87126353831492,11.36748490595311,0.004141759241324761,142
2022-12-01,7.631796717842754,7.661464160992775,-19.295376175684886,6.003079343597028,0.0011350856238565576,143
2023-01-01,4.554832798850228,7.1867804971185265,-18.592606981736992,3.09339856155672,0.0002929555082182844,144
2023-02-01,4.793929061592017,6.961165918429156,-20.02587251278012,1.6195440794849008,7.791309873128593e-05,145
2023-03-01,2.667138651194634,6.7158426339764095,-20.076390183865023,-0.013524648665551808,5.262353997004254e-09,146
2023-04-01,-2.77011572137269,6.560894858893061,-16.07846983716037,-0.7031567116475039,1.3770854356498496e-05,147
2023-05-01,-3.3536647544323728,6.350037885223141,-15.992453388707517,0.7021346368630368,1.3454415121016972e-05,148
2023-06-01,-10.439454867163,5.968851387588715,-4.035198168474352,2.2847413430045225,0.00013983122894478672,149
2023-07-01,-12.909556277309875,5.595652168139842,-0.7972159946504576,4.088851848400202,0.0004552436575608887,150
2023-08-01,-11.973836364117929,5.417973854362016,-0.1272993484768392,5.441562111479412,0.0008289278156882185,151
2023-09-01,-12.531217244709048,5.210140938151137,4.3488213040092205,6.50134446516866,0.0012109819318738557,152
2023-10-01,-6.82529766799469,5.562977701870431,0.6382713602960166,6.667643694047745,0.0013071469746772646,153
2023-11-01,-10.321750730339474,5.239492431087199,8.762027580106313,7.2002030295147925,0.001534854554779197,154
2023-12-01,-11.400228754805752,5.2499522896417945,10.496204390094022,6.653909256176945,0.001333028657508395,155
2024-01-01,-11.002947990292355,5.410116660037351,9.550725677911487,5.783104112207289,0.0010264943942573934,156
2024-02-01,-9.466228571981539,5.589437001652983,4.877644726140851,5.1348901732380945,0.0008236831222974139,157
2024-03-01,-9.12597867704008,5.593435974521467,5.932869679896058,5.22946040024485,0.0008656170090771687,158
2024-04-01,-8.744992527038065,5.619359206780878,10.128208769137537,5.186715099263696,0.0008618140702251198,159
2024-05-01,-7.606485796425666,5.748619584792639,8.286618425478665,4.651089051510539,0.0007000461201090991,160
2024-06-01,-2.7126230036309096,5.999539410692687,1.733382193234334,4.391526977308148,0.0006290142324222314,161
2024-07-01,-2.377712546741151,5.983797447789237,0.09721623084946174,4.552833069712769,0.0006762599893093135,162
2024-08-01,-1.3160302717096783,5.993140384045286,-0.44705935293496424,4.7482082363380425,0.0007350441422463438,163
2024-09-01,1.4991009435185276,6.08920608787175,-6.425632230173406,4.871666570910445,0.0007725947167894764,164
2024-10-01,2.8645026155205144,6.073927565911285,-9.15147239048597,4.651942314824427,0.0007000478589161974,165
2024-11-01,5.87824537047581,6.0918548107321,-15.221057377410219,4.116413835463458,0.0005434574286817817,166
2024-12-01,4.779212517410869,5.8470796444456585,-14.546922134100448,2.543410118094693,0.00020456264864732177,167
2025-01-01,2.6770233367120255,5.6428395377208265,-15.123030032638951,1.3404217251666464,5.60278622372401e-05,168
2025-02-01,-1.3657733923212234,5.4763344335129505,-11.605421158116336,0.6865280539243432,1.445853783188511e-05,169
2025-03-01,-0.9580427151643534,5.3743936269847925,-10.706949082857875,1.0421118172620862,3.294521959851249e-05,170
2025-04-01,2.1781193948276822,5.317862204143255,-16.822494853920134,1.2903492087331827,5.0012904568852434e-05,171
2025-05-01,0.34713232371785807,5.164941038354379,-12.377316434806751,0.7355100227055371,1.5955505203613107e-05,172
2025-06-01,-1.5716885549867499,5.049850760697001,-16.122681488523938,0.7122115458759111,1.4787816357886285e-05,173
2025-07-01,-2.91164588065822,4.903047935150403,-21.19849461837351,1.207414448622333,4.181418812709836e-05,174
2025-08-01,-2.358140451831048,4.73339304152304,-25.800335715304,2.263458590112667,0.00014351088541031398,175
