fecha,ln_trm,permanente_bn,transitorio_bn,transitorio_bn_pct
2006-01-01,7.729168563216349,,,
2006-02-01,7.721247290362429,,,
2006-03-01,7.723968718663999,,,
2006-04-01,7.755826126252273,,,
2006-05-01,7.7909645455097545,,,
2006-06-01,7.840792994031259,,,
2006-07-01,7.8295104086420695,,,
2006-08-01,7.778623260900716,,,
2006-09-01,7.782685815976647,,,
2006-10-01,7.767177816758102,,,
2006-11-01,7.73649834463475,,,
2006-12-01,7.723432204559075,,,
2007-01-01,7.71253428549029,,,
2007-02-01,7.708666423887489,7.883636553671137,-0.17497012978364798,-17.497012978364797
2007-03-01,7.697504766067838,7.860448647785203,-0.16294388171736474,-16.294388171736472
2007-04-01,7.670848521043502,7.822465736765608,-0.15161721572210604,-15.161721572210604
2007-05-01,7.605599154717131,7.751303690929369,-0.14570453621223717,-14.570453621223717
2007-06-01,7.561919571439515,7.715551814317621,-0.15363224287810645,-15.363224287810645
2007-07-01,7.576529614369048,7.739531848061647,-0.16300223369259914,-16.300223369259914
2007-08-01,7.628559831031492,7.80098888159097,-0.17242905055947888,-17.242905055947887
2007-09-01,7.656038951044396,7.820587966550594,-0.16454901550619805,-16.454901550619805
2007-10-01,7.601445376652042,7.749949731254088,-0.14850435460204645,-14.850435460204645
2007-11-01,7.623816418094039,7.806462698633113,-0.18264628053907356,-18.264628053907355
2007-12-01,7.607795903134527,7.764785490151981,-0.15698958701745405,-15.698958701745406
2008-01-01,7.59245901051394,7.733825857013176,-0.14136684649923648,-14.136684649923648
2008-02-01,7.552391678755272,7.678318134083188,-0.12592645532791658,-12.592645532791657
2008-03-01,7.519417543030318,7.67063301138538,-0.15121546835506217,-15.121546835506216
2008-04-01,7.492817680891716,7.656070333003629,-0.1632526521119129,-16.32526521119129
2008-05-01,7.481643658059434,7.646824925297651,-0.16518126723821647,-16.518126723821645
2008-06-01,7.457197394935142,7.6089522946794945,-0.15175489974435252,-15.175489974435251
2008-07-01,7.484955640233934,7.66069850414113,-0.17574286390719568,-17.574286390719568
2008-08-01,7.521576430476941,7.700531037357045,-0.17895460688010406,-17.895460688010406
2008-09-01,7.633460158652255,7.827684630951024,-0.19422447229876919,-19.42244722987692
2008-10-01,7.7358083103918,7.91840400670944,-0.1825956963176401,-18.259569631764013
2008-11-01,7.755193272407391,7.91112896131413,-0.15593568890673945,-15.593568890673945
2008-12-01,7.719356524488232,7.8614887719759965,-0.14213224748776485,-14.213224748776485
2009-01-01,7.720242561910567,7.873853600718689,-0.1536110388081221,-15.36110388081221
2009-02-01,7.828971574611639,8.001965051936708,-0.17299347732506848,-17.29934773250685
2009-03-01,7.811825580113745,7.933158339925935,-0.1213327598121896,-12.133275981218961
2009-04-01,7.772587509840422,7.907651871398055,-0.13506436155763246,-13.506436155763247
2009-05-01,7.708553334195126,7.864693390983342,-0.15614005678821566,-15.614005678821567
2009-06-01,7.644661097899847,7.819804403171623,-0.17514330527177605,-17.514330527177606
2009-07-01,7.625224114272364,7.785421088154493,-0.1601969738821285,-16.01969738821285
2009-08-01,7.609672918638123,7.754172264455998,-0.14449934581787569,-14.449934581787568
2009-09-01,7.589858195562194,7.7467667420022375,-0.1569085464400433,-15.690854644004329
2009-10-01,7.550345905579194,7.724475228354526,-0.17412932277533247,-17.412932277533248
2009-11-01,7.589274786069314,7.7860955754675265,-0.19682078939821235,-19.682078939821235
2009-12-01,7.609868435108771,7.77930956160106,-0.16944112649228923,-16.944112649228924
2010-01-01,7.592581321800545,7.74465855332794,-0.15207723152739483,-15.207723152739483
2010-02-01,7.576468326935738,7.7226090189168435,-0.1461406919811052,-14.614069198110519
2010-03-01,7.554330599245306,7.708110635313496,-0.15378003606818977,-15.378003606818977
2010-04-01,7.569127438300412,7.732062318607858,-0.16293488030744627,-16.293488030744626
2010-05-01,7.592665239508548,7.746535949201571,-0.15387070969302338,-15.387070969302338
2010-06-01,7.563639748251453,7.703593041614871,-0.1399532933634185,-13.99532933634185
2010-07-01,7.53604991060832,7.692953845321167,-0.1569039347128471,-15.690393471284711
2010-08-01,7.507251257711218,7.6711816363999095,-0.1639303786886912,-16.393037868869122
2010-09-01,7.498743664753316,7.659215430863583,-0.1604717661102673,-16.04717661102673
2010-10-01,7.500312268203466,7.65495360874507,-0.15464134054160483,-15.464134054160484
2010-11-01,7.529940149984486,7.694358011518847,-0.16441786153436036,-16.441786153436038
2010-12-01,7.561293942170207,7.733115586344077,-0.17182164417387025,-17.182164417387025
2011-01-01,7.532129264385349,7.692046882537807,-0.15991761815245786,-15.991761815245786
2011-02-01,7.540287659105989,7.7079695669210295,-0.16768190781504091,-16.768190781504092
2011-03-01,7.539991929922422,7.69661831338836,-0.15662638346593766,-15.662638346593766
2011-04-01,7.500990407346822,7.642283502262942,-0.1412930949161206,-14.12930949161206
2011-05-01,7.495824520443194,7.644390410348119,-0.14856588990492453,-14.856588990492453
2011-06-01,7.486141976368214,7.640433270174603,-0.15429129380638987,-15.429129380638987
2011-07-01,7.473974286720618,7.635780062745365,-0.16180577602474658,-16.180577602474656
2011-08-01,7.487487370502384,7.657289678894006,-0.16980230839162228,-16.98023083916223
2011-09-01,7.5138836279792125,7.683927980091655,-0.17004435211244237,-17.004435211244235
2011-10-01,7.5536059212933715,7.728515540370417,-0.17490961907704522,-17.490961907704524
2011-11-01,7.559806990130978,7.72326104902631,-0.16345405889533152,-16.34540588953315
2011-12-01,7.567010195921154,7.725875252163322,-0.1588650562421676,-15.88650562421676
2012-01-01,7.5247135395984905,7.668705670127817,-0.14399213052932702,-14.399213052932701
2012-02-01,7.4859151028482085,7.632563689229551,-0.1466485863813422,-14.66485863813422
2012-03-01,7.476660139812039,7.625045636213143,-0.1483854964011034,-14.83854964011034
2012-04-01,7.481132513786503,7.637254608414274,-0.1561220946277712,-15.612209462777122
2012-05-01,7.491799825436586,7.654810596709664,-0.16301077127307836,-16.301077127307835
2012-06-01,7.49139260653749,7.659299149578465,-0.16790654304097516,-16.790654304097515
2012-07-01,7.486512592025514,7.65874304777988,-0.17223045575436594,-17.223045575436593
2012-08-01,7.498605704554159,7.672346690811208,-0.173740986257049,-17.3740986257049
2012-09-01,7.497066521865156,7.655078398549069,-0.15801187668391276,-15.801187668391275
2012-10-01,7.497983941857493,7.648820073301785,-0.15083613144429178,-15.083613144429178
2012-11-01,7.50714858473331,7.664020387878659,-0.1568718031453492,-15.68718031453492
2012-12-01,7.491363693088696,7.644873664106501,-0.1535099710178045,-15.35099710178045
2013-01-01,7.478549825770118,7.635400054844176,-0.15685022907405827,-15.685022907405827
2013-02-01,7.490276917449265,7.653977063452853,-0.16370014600358798,-16.370014600358797
2013-03-01,7.50315109278666,7.66576412902465,-0.16261303623799017,-16.261303623799016
2013-04-01,7.5121976495037455,7.673925948411625,-0.16172829890787993,-16.172829890787995
2013-05-01,7.521816659477786,7.684889112823462,-0.16307245334567538,-16.30724533456754
2013-06-01,7.554779634857689,7.727134275409643,-0.1723546405519541,-17.23546405519541
2013-07-01,7.550420720304633,7.709623560982073,-0.15920284067744025,-15.920284067744026
2013-08-01,7.550716022650328,7.7075671771923755,-0.15685115454204754,-15.685115454204754
2013-09-01,7.5598264397045725,7.716667993267361,-0.15684155356278856,-15.684155356278856
2013-10-01,7.541752747495164,7.694576639797369,-0.15282389230220525,-15.282389230220526
2013-11-01,7.560993069305166,7.724847492183564,-0.16385442287839763,-16.385442287839762
2013-12-01,7.566805783157843,7.724680195109034,-0.15787441195119098,-15.787441195119097
2014-01-01,7.579314659126964,7.744657020983576,-0.1653423618566117,-16.534236185661168
2014-02-01,7.619965843076676,7.794985279160647,-0.17501943608397127,-17.501943608397127
2014-03-01,7.610710812894373,7.7688415053416335,-0.1581306924472605,-15.81306924472605
2014-04-01,7.569597705680332,7.717700467097118,-0.14810276141678624,-14.810276141678624
2014-05-01,7.557661378756219,7.716785074537442,-0.1591236957812228,-15.912369578122279
2014-06-01,7.542764389525095,7.696146753285505,-0.15338236376040987,-15.338236376040987
2014-07-01,7.527064401330524,7.677883545086952,-0.15081914375642808,-15.081914375642807
2014-08-01,7.548621920773509,7.713078801548737,-0.16445688077522821,-16.44568807752282
2014-09-01,7.587673677101297,7.763194690484393,-0.1755210133830953,-17.55210133830953
2014-10-01,7.624896008017155,7.806519884858769,-0.18162387684161482,-18.162387684161484
2014-11-01,7.663259070794584,7.838654068650328,-0.17539499785574442,-17.539499785574442
2014-12-01,7.758868799778211,7.943893493901791,-0.18502469412357944,-18.502469412357943
2015-01-01,7.782080890097849,7.939859796981236,-0.15777890688338675,-15.777890688338674
2015-02-01,7.79180067310773,7.944164315363281,-0.1523636422555516,-15.23636422555516
2015-03-01,7.8576209156402985,8.022835101272578,-0.16521418563227985,-16.521418563227986
2015-04-01,7.826143010614599,7.965042669316448,-0.13889965870184873,-13.889965870184874
2015-05-01,7.798742627912708,7.942622634313699,-0.14388000640099116,-14.388000640099117
2015-06-01,7.84872990796153,8.016485616317162,-0.16775570835563317,-16.775570835563318
2015-07-01,7.91280232691944,8.091742540780901,-0.17894021386146114,-17.894021386146115
2015-08-01,8.010554596250847,8.20147278593262,-0.19091818968177277,-19.091818968177275
2015-09-01,8.028262122985458,8.192011472920978,-0.16374934993551915,-16.374934993551914
2015-10-01,7.982577569086621,8.137262919130613,-0.15468535004399123,-15.468535004399122
2015-11-01,8.006826240221676,8.189776560666308,-0.18295032044463272,-18.295032044463273
2015-12-01,8.084624562781055,8.259435801089992,-0.17481123830893747,-17.481123830893747
2016-01-01,8.09260494446216,8.223808049507534,-0.1312031050453742,-13.12031050453742
2016-02-01,8.118194201797685,8.272626167769241,-0.1544319659715556,-15.44319659715556
2016-03-01,8.048401318020325,8.19587387596111,-0.14747255794078526,-14.747255794078526
2016-04-01,8.005609613809128,8.178524591690733,-0.17291497788160473,-17.291497788160473
2016-05-01,8.004201352130908,8.169267673159935,-0.16506632102902694,-16.506632102902692
2016-06-01,8.003984285443607,8.151295841221284,-0.14731155577767574,-14.731155577767574
2016-07-01,7.993282219158443,8.144150729084142,-0.15086850992569853,-15.086850992569852
2016-08-01,7.990497899347397,8.165035917711943,-0.17453801836454613,-17.453801836454613
2016-09-01,7.980798560026801,8.156960707208775,-0.17616214718197298,-17.6162147181973
2016-10-01,7.982549048735119,8.156267308700745,-0.17371825996562576,-17.371825996562578
2016-11-01,8.042461174276264,8.218405306997958,-0.1759441327216936,-17.59441327216936
2016-12-01,8.009650131128101,8.145755259276228,-0.1361051281481268,-13.610512814812681
2017-01-01,7.986640718128021,8.140456792477401,-0.1538160743493813,-15.38160743493813
2017-02-01,7.96539514018854,8.119720391268029,-0.15432525107948916,-15.432525107948916
2017-03-01,7.986942153071372,8.1552519546978,-0.16830980162642753,-16.830980162642753
2017-04-01,7.964788921200366,8.108287235051804,-0.14349831385143855,-14.349831385143855
2017-05-01,7.980575426068178,8.140404061628889,-0.15982863556071158,-15.982863556071159
2017-06-01,7.99196377372409,8.157347522987893,-0.165383749263802,-16.5383749263802
2017-07-01,8.018488435890722,8.199933691026454,-0.18144525513573126,-18.144525513573125
2017-08-01,7.997395720291519,8.15068702022194,-0.1532912999304201,-15.32912999304201
2017-09-01,7.978340108970085,8.128834044555752,-0.15049393558566712,-15.049393558566711
2017-10-01,7.990832794288982,8.154330068603958,-0.16349727431497507,-16.349727431497506
2017-11-01,8.010846411526819,8.174002778172634,-0.16315636664581473,-16.315636664581472
2017-12-01,8.003617768911322,8.153152295801599,-0.14953452689027674,-14.953452689027674
2018-01-01,7.961569713916227,8.106178727257067,-0.1446090133408395,-14.46090133408395
2018-02-01,7.958665311494236,8.128414334988156,-0.1697490234939194,-16.97490234939194
2018-03-01,7.954347920115016,8.119174377733168,-0.16482645761815362,-16.482645761815363
2018-04-01,7.925260543793125,8.073999263423325,-0.1487387196302005,-14.873871963020049
2018-05-01,7.9592150939914195,8.124217953348504,-0.1650028593570845,-16.50028593570845
2018-06-01,7.968904162859094,8.134994556922278,-0.16609039406318424,-16.609039406318423
2018-07-01,7.967391762139049,8.135062781853096,-0.16767101971404752,-16.767101971404752
2018-08-01,7.992494031727394,8.161551699275154,-0.1690576675477605,-16.90576675477605
2018-09-01,8.017560690274136,8.182730748633166,-0.1651700583590288,-16.51700583590288
2018-10-01,8.034252143182595,8.194806066264967,-0.16055392308237226,-16.055392308237227
2018-11-01,8.06904007803883,8.232671616652302,-0.163631538613472,-16.3631538613472
2018-12-01,8.076686527235527,8.229483542541798,-0.15279701530627146,-15.279701530627147
2019-01-01,8.059967752881262,8.213478804104206,-0.1535110512229438,-15.351105122294381
2019-02-01,8.044253599303513,8.199035788368958,-0.15478218906544589,-15.478218906544589
2019-03-01,8.048367809699664,8.205264691761874,-0.15689688206220942,-15.689688206220943
2019-04-01,8.056986217849909,8.216868272106348,-0.1598820542564387,-15.98820542564387
2019-05-01,8.103038795393026,8.275418622932738,-0.17237982753971173,-17.237982753971174
2019-06-01,8.089641050743909,8.245452369692314,-0.15581131894840466,-15.581131894840466
2019-07-01,8.072966565353699,8.238744824510336,-0.16577825915663763,-16.577825915663762
2019-08-01,8.13468133987826,8.321401901871802,-0.18672056199354284,-18.672056199354284
2019-09-01,8.131370991967557,8.285655958195468,-0.15428496622791035,-15.428496622791036
2019-10-01,8.14128055919074,8.295699871518341,-0.15441931232760014,-15.441931232760014
2019-11-01,8.131963852079057,8.282112026393545,-0.15014817431448754,-15.014817431448755
2019-12-01,8.125054089902275,8.288131065248129,-0.16307697534585455,-16.307697534585454
2020-01-01,8.105062725534063,8.261138039963209,-0.15607531442914618,-15.607531442914619
2020-02-01,8.134776249499467,8.300752689789407,-0.16597644028993944,-16.597644028993944
2020-03-01,8.26282941814419,8.453447311864608,-0.1906178937204181,-19.061789372041808
2020-04-01,8.288381942337157,8.45420996375047,-0.16582802141331324,-16.582802141331324
2020-05-01,8.257953858614721,8.41202504999211,-0.15407119137738778,-15.407119137738778
2020-06-01,8.216521608257043,8.369606608077133,-0.15308499982009022,-15.308499982009021
2020-07-01,8.20463540789215,8.3690993416905,-0.1644639337983497,-16.44639337983497
2020-08-01,8.238279446299323,8.391648025791396,-0.15336857949207167,-15.336857949207166
2020-09-01,8.229568539538086,8.36074390713283,-0.13117536759474543,-13.117536759474543
2020-10-01,8.251608728315215,8.414609325299942,-0.16300059698472616,-16.300059698472616
2020-11-01,8.212195848962004,8.383378602624598,-0.1711827536625941,-17.11827536625941
2020-12-01,8.1507931391861,8.317075237961044,-0.16628209877494532,-16.62820987749453
2021-01-01,8.158035629158784,8.32286734658207,-0.16483171742328695,-16.483171742328693
2021-02-01,8.175970891083901,8.335552289598995,-0.1595813985150941,-15.95813985150941
2021-03-01,8.192229623667052,8.348710700321806,-0.15648107665475425,-15.648107665475425
2021-04-01,8.202695026719503,8.366465225255856,-0.16377019853635322,-16.37701985363532
2021-05-01,8.225681429464641,8.403356468041657,-0.17767503857701575,-17.767503857701573
2021-06-01,8.212037383027686,8.376671451886468,-0.16463406885878062,-16.46340688587806
2021-07-01,8.25046812925083,8.4209777739572,-0.1705096447063692,-17.05096447063692
2021-08-01,8.26389542434671,8.410000570501754,-0.1461051461550433,-14.61051461550433
2021-09-01,8.248408151147949,8.395917843088721,-0.14750969194077312,-14.750969194077312
2021-10-01,8.235727541853805,8.389545263338658,-0.15381772148485234,-15.381772148485235
2021-11-01,8.269475401755148,8.440940671513067,-0.17146526975791943,-17.146526975791943
2021-12-01,8.284790291433417,8.447307032252631,-0.16251674081921466,-16.251674081921465
2022-01-01,8.293953667754893,8.45331174953519,-0.15935808178029645,-15.935808178029646
2022-02-01,8.277878518044359,8.431235927199683,-0.1533574091553247,-15.335740915532469
2022-03-01,8.244641664158456,8.403133001717247,-0.15849133755879113,-15.849133755879114
2022-04-01,8.240907796093667,8.406912810868636,-0.16600501477496882,-16.60050147749688
2022-05-01,8.298808139175573,8.47002245792454,-0.17121431874896603,-17.121431874896604
2022-06-01,8.276589766414325,8.419846923480641,-0.1432571570663163,-14.32571570663163
2022-07-01,8.382016058206503,8.577623199481955,-0.19560714127545242,-19.560714127545243
2022-08-01,8.371582127847805,8.530247836101674,-0.1586657082538695,-15.86657082538695
2022-09-01,8.396978677110038,8.57394742895426,-0.1769687518442207,-17.69687518442207
2022-10-01,8.457831715043978,8.628681949924097,-0.17085023488011936,-17.085023488011934
2022-11-01,8.502416687971365,8.664489519571154,-0.1620728315997885,-16.20728315997885
2022-12-01,8.473970535354521,8.608445863568006,-0.13447532821348446,-13.447532821348446
2023-01-01,8.458547432938246,8.610120656049492,-0.15157322311124524,-15.157322311124524
2023-02-01,8.477019424251225,8.64154069104734,-0.1645212667961151,-16.45212667961151
2023-03-01,8.469326819773904,8.62792972674875,-0.15860290697484614,-15.860290697484613
2023-04-01,8.421271177813114,8.562917629349613,-0.14164645153649782,-14.164645153649783
2023-05-01,8.420701901472638,8.579378882261084,-0.15867698078844583,-15.867698078844583
2023-06-01,8.345044039825018,8.499948618546217,-0.15490457872119887,-15.490457872119887
2023-07-01,8.311209943353095,8.477514867815295,-0.16630492446219983,-16.630492446219982
2023-08-01,8.311576434873045,8.47299901191286,-0.1614225770398144,-16.142257703981443
2023-09-01,8.295179168611119,8.453830854883197,-0.15865168627207824,-15.865168627207824
2023-10-01,8.348166834656725,8.53249261945528,-0.18432578479855508,-18.432578479855508
2023-11-01,8.303704052588216,8.455145059099365,-0.1514410065111492,-15.14410065111492
2023-12-01,8.281016773597672,8.443830460870522,-0.16281368727284962,-16.281368727284963
2024-01-01,8.272621363120876,8.434454117056788,-0.161832753935911,-16.183275393591103
2024-02-01,8.276760699123423,8.434089503630782,-0.15732880450735778,-15.73288045073578
2024-03-01,8.268562917935254,8.40895796993902,-0.1403950520037671,-14.03950520037671
2024-04-01,8.26048647944151,8.413603978960316,-0.15311749951880532,-15.311749951880532
2024-05-01,8.260777367585563,8.423218015224483,-0.16244064763892127,-16.244064763892126
2024-06-01,8.304692058140274,8.487146170701438,-0.18245411256116337,-18.245411256116338
2024-07-01,8.30323778340659,8.460355292949112,-0.1571175095425215,-15.71175095425215
2024-08-01,8.310303441388276,8.465437721770439,-0.15513428038216204,-15.513428038216205
2024-09-01,8.338667381651211,8.507277877408558,-0.16861049575734763,-16.861049575734764
2024-10-01,8.354549548259685,8.5181444852459,-0.16359493698621427,-16.359493698621428
2024-11-01,8.39132432838928,8.555309918606065,-0.1639855902167853,-16.39855902167853
2024-12-01,8.385978817498613,8.534114909967698,-0.14813609246908596,-14.813609246908596
2025-01-01,8.368128619899991,8.521132925121673,-0.15300430522168174,-15.300430522168174
2025-02-01,8.325537146384832,8.475256055165454,-0.1497189087806224,-14.971890878062242
2025-03-01,8.327891614734215,8.49036671243963,-0.16247509770541504,-16.247509770541505
2025-04-01,8.361768567132886,8.525480074597441,-0.16371150746455573,-16.371150746455573
2025-05-01,8.34364355184035,8.49618245414581,-0.15253890230546074,-15.253890230546075
2025-06-01,8.322025880072617,8.481057117754654,-0.15903123768203611,-15.903123768203612
2025-07-01,8.304209945715085,8.473196425592747,-0.16898647987766086,-16.898647987766086
2025-08-01,8.305832847858927,8.478136680839066,-0.17230383298013963,-17.23038329801396
2025-09-01,8.274411059349477,8.41985530438986,-0.14544424504038284,-14.544424504038284
2025-10-01,8.263034824354826,8.413323450273651,-0.15028862591882658,-15.028862591882659
2025-11-01,8.239113754615177,8.39223954928044,-0.15312579466526186,-15.312579466526186
2025-12-01,8.240509596157608,8.411940891210666,-0.1714312950530569,-17.14312950530569
2026-01-01,8.216898319573602,8.371138188868553,-0.15423986929495187,-15.423986929495188
2026-02-01,8.209482934803669,8.368229377489065,-0.15874644268539634,-15.874644268539633
2026-03-01,8.220822123905636,8.386670716812423,-0.1658485929067869,-16.58485929067869
2026-04-01,8.193543618593685,8.347883385342282,-0.15433976674859792,-15.433976674859792
2026-05-01,8.219870387492282,8.388157503911163,-0.16828711641888122,-16.828711641888123
2026-06-01,8.160799065187378,8.29935347464905,-0.13855440946167247,-13.855440946167247
2026-07-01,8.09222499953135,8.236243369365594,-0.14401836983424401,-14.4018369834244
2026-08-01,8.047829490705887,8.196105161520318,-0.1482756708144317,-14.827567081443169
