fecha,diferencial_nominal,diferencial_real,vol_trm_12m_anual,carry_sharpe,carry_zscore,diferencial_zscore,carry_momentum_6m,carry_neto_embig
2006-01-01,1.71,-1.0164528308595937,,,,,,-0.4327272727272726
2006-02-01,1.5099999999999998,-0.7401789429313261,,,,,,-0.2300000000000002
2006-03-01,1.4100000000000001,-0.011956373697793676,,,,,,-0.2656521739130433
2006-04-01,1.21,-0.33924767752385865,,,,,,-0.5275000000000001
2006-05-01,1.3019354838709676,-0.6521762136480107,,,,,,-0.5841514726507715
2006-06-01,1.3433333333333328,-0.5678489767903026,,,,,,-0.9698484848484852
2006-07-01,1.2599999999999998,-0.5895726191429862,,,,,-0.4500000000000002,-1.0228571428571431
2006-08-01,1.330645161290323,-0.9209111500425848,,,,,-0.17935483870967683,-0.6341374474053292
2006-09-01,1.5,-1.2125509424436665,,,,,0.08999999999999986,-0.5633333333333335
2006-10-01,1.758064516129032,-1.0938624812222355,,,,,0.5480645161290321,-0.05239002932551329
2006-11-01,2.0,-0.4641095289502837,,,,,0.6980645161290324,0.10545454545454525
2006-12-01,2.1229032258064517,-0.4003777781304363,,,,,0.7795698924731189,0.31195084485407065
2007-01-01,2.274193548387097,-0.21196677973620837,9.899912548183762,0.22971854926176297,,,1.0141935483870972,0.6263674614305752
2007-02-01,2.5167857142857146,-0.2526318426442917,9.878998926974907,0.25476120939881414,,,1.1861405529953917,0.8842857142857146
2007-03-01,2.788387096774194,0.014432939229137798,9.918675516085143,0.2811249437742226,,,1.2883870967741942,1.0774780058651032
2007-04-01,3.0,0.28255688282665403,9.440975275089832,0.31776378102753317,,,1.241935483870968,1.5757142857142858
2007-05-01,3.32258064516129,0.5730570444756418,9.870955393550036,0.33660172827164825,,,1.32258064516129,2.02258064516129
2007-06-01,3.5999999999999996,1.514430837894142,7.190249664031848,0.5006780248547505,,,1.477096774193548,2.516190476190476
2007-07-01,3.7561290322580643,1.7320655590864047,8.07209797373346,0.465322527610601,,,1.4819354838709673,2.4015835777126098
2007-08-01,4.23,1.763454466973318,10.20546160563442,0.41448394628858565,,,1.7132142857142858,2.365652173913044
2007-09-01,4.31,1.6217666573608116,10.867355956119104,0.39660060988185075,,,1.5216129032258054,2.5039999999999996
2007-10-01,4.49,1.8219591051448485,11.730344435011629,0.38276795919126383,,,1.4900000000000002,2.883913043478261
2007-11-01,4.801666666666666,2.1215695373898456,12.092142662233037,0.39708981284710954,,,1.4790860215053758,2.833030303030302
2007-12-01,5.26,2.5335722030533683,12.105542026805994,0.4345117292850234,,,1.6600000000000001,3.3823809523809523
2008-01-01,5.5600000000000005,2.339601606338743,12.11872003098186,0.4587943269409392,,,1.8038709677419362,3.164347826086957
2008-02-01,6.563103448275861,3.0196079891527714,12.454687217463325,0.5269585123802557,,,2.3331034482758604,4.066436781609195
2008-03-01,7.140000000000001,3.5245894585508992,12.609175096245265,0.5662543303190496,,,2.830000000000001,4.502857142857144
2008-04-01,7.470000000000001,4.506333757251888,12.608599966853651,0.5924527718888415,,,2.9800000000000004,5.3122727272727275
2008-05-01,7.77,4.571456295566643,11.346326401616105,0.6848031446454146,,,2.9683333333333337,5.9795454545454545
2008-06-01,7.75,3.999557429741498,10.883174312099037,0.712108414121804,,,2.49,5.943809523809524
2008-07-01,7.77225806451613,3.2716013606366223,11.263520153098474,0.690038101665585,,,2.2122580645161296,5.597040673211782
2008-08-01,8.0,3.911468020318771,10.449061967157272,0.7656189641850164,,,1.4368965517241392,5.7804761904761905
2008-09-01,8.19,3.5927103963042732,15.730434625153725,0.5206467713806072,,,1.049999999999999,5.4854545454545445
2008-10-01,9.03,3.0831727267639204,17.699097674570872,0.5101955006991021,,,1.5599999999999987,3.686521739130434
2008-11-01,9.61,2.3380525286751555,17.68104129859899,0.5435200245113095,,,1.8399999999999999,4.113999999999999
2008-12-01,9.678709677419354,2.9281915039414876,18.116457519908824,0.534249572069102,,1.8913124057171908,1.928709677419354,4.31610098176718
2009-01-01,9.35,3.627726666005949,17.947665081151868,0.5209591307684421,,1.6788151138015086,1.5777419354838695,4.320454545454545
2009-02-01,8.797857142857142,4.190084627385227,19.46470074990349,0.45199036224077394,,1.426265725663681,0.7978571428571417,4.020357142857142
2009-03-01,7.594193548387097,3.8338032200682775,19.02716501738619,0.39912375498125213,,0.9894328231392365,-0.5958064516129022,2.7601026392961883
2009-04-01,6.85,3.751047618207477,19.4340959594098,0.352473303327665,,0.7215022824621771,-2.1799999999999997,2.674545454545454
2009-05-01,5.916774193548387,3.307585955727033,21.10454179411026,0.2803554917832714,,0.3955346827499055,-3.693225806451612,2.6920122887864824
2009-06-01,4.656666666666666,1.895106868363107,22.322072054865824,0.2086126527690154,,-0.04120126841688559,-5.022043010752688,1.6812121212121207
2009-07-01,4.34,1.4427624452285217,22.540006853081533,0.19254652530891583,,-0.15065684840187737,-5.01,1.3639130434782607
2009-08-01,4.34,1.0745659056044454,22.514246849191874,0.19276683022402677,,-0.14893596622318794,-4.457857142857142,1.7285714285714282
2009-09-01,4.3,0.8621386558936077,19.492099979875857,0.22060219291094496,,-0.1614857937039134,-3.2941935483870974,1.7968181818181819
2009-10-01,3.88,0.9089666670844672,15.91094272153758,0.24385732938048374,,-0.3104976056331906,-2.9699999999999998,1.6963636363636363
2009-11-01,3.763333333333333,1.856854393022101,16.487390206772865,0.22825524756412882,,-0.3491788553678997,-2.153440860215054,1.63
2009-12-01,3.38,1.5641571476862008,16.63065768005392,0.20323910605494716,-1.3271814214090758,-0.48506036181938794,-1.2766666666666664,1.298695652173913
2010-01-01,3.39,0.9619590573004131,16.610610314943496,0.2040864204098651,-1.273863544647281,-0.47534174058679973,-0.9499999999999997,1.2928571428571427
2010-02-01,3.37,0.15818420430233537,10.326254248481433,0.32635260752906486,-0.5133945476332317,-0.4769931362345863,-0.9699999999999998,1.0190000000000001
2010-03-01,3.34,0.35410840058268356,10.317770668248917,0.32371333957617887,-0.5212100806694394,-0.48252665794777655,-0.96,1.45
2010-04-01,3.3,1.2639459372365298,10.709449464977126,0.30813908882916125,-0.6083188164514067,-0.49193296707070744,-0.5800000000000001,1.572272727272727
2010-05-01,2.832258064516129,0.7744864699666483,10.071170288134484,0.281224324828764,-0.7634112964013573,-0.6632476661021901,-0.9310752688172044,0.5217818740399385
2010-06-01,2.82,0.6404277494535493,8.50454663790588,0.331587340285829,-0.43712327784579125,-0.6591358185600701,-0.56,0.5895454545454544
2010-07-01,2.82,0.210680942217508,8.674586658811418,0.3250875356851174,-0.47208919530374877,-0.6506152726600561,-0.5700000000000003,0.8295454545454546
2010-08-01,2.81,0.25477199263730954,8.907882807320007,0.31545093944106417,-0.5268083930728743,-0.6462593459378555,-0.56,1.1522727272727273
2010-09-01,2.81,0.2733402592588825,8.823049527989193,0.31848398800050826,-0.4999966742929522,-0.6382909356117015,-0.5299999999999998,1.0522727272727272
2010-10-01,2.81,0.778070004224777,8.13098392856043,0.3455916313067296,-0.3175567756087689,-0.6306115341683586,-0.48999999999999977,1.2285714285714286
2010-11-01,2.81,0.7340320478467377,7.63098940042141,0.3682353430925775,-0.16502422288585328,-0.6232040323302099,-0.022258064516128773,1.2936363636363637
2010-12-01,2.82,0.2856565341158528,8.08611940141529,0.34874577779625954,-0.2928505734011505,-0.6121203429732589,0.0,1.212608695652174
2011-01-01,2.83,-0.052984990358352135,8.380155103522613,0.33770258008833326,-0.36368057280050314,-0.6195855920424133,0.010000000000000231,1.3723809523809525
2011-02-01,2.8489285714285715,0.0742601420036837,8.381705166447766,0.33989844725544915,-0.3447638862131609,-0.6260882094055822,0.038928571428571423,1.3394285714285716
2011-03-01,3.1906451612903224,1.0070140848942044,8.118543563690245,0.3930070875717553,0.02250543265377439,-0.5039765583844862,0.38064516129032233,1.6393408134642355
2011-04-01,3.4,1.7557481718565282,8.722532722895384,0.3897950409604647,5.3413840376188483e-05,-0.43854771273155707,0.5899999999999999,1.8847619047619046
2011-05-01,3.66,1.8845194762506527,8.125563731587675,0.4504302865500832,0.42337275576325445,-0.3510981234167802,0.8500000000000001,2.1840909090909095
2011-06-01,4.001666666666667,2.184020487195947,7.805286959870054,0.5126866811227768,0.8524452691299967,-0.22830916961085823,1.181666666666667,2.5553030303030306
2011-07-01,4.18,2.670317679186513,7.49603039836646,0.5576284750540643,1.147981126132359,-0.1754160162021913,1.3499999999999996,2.7728571428571422
2011-08-01,4.4,2.743806959201423,7.230691092662813,0.6085172141380518,1.46643332182361,-0.10320685005807059,1.5510714285714289,2.691739130434783
2011-09-01,4.42,2.6397012613746753,7.696821956114257,0.5742629912971818,1.198988778694729,-0.11798717887377688,1.2293548387096775,2.271818181818182
2011-10-01,4.43,2.3971779290648056,8.605441244065826,0.5147905696357937,0.7717752133890746,-0.13571239448805517,1.0299999999999998,2.359047619047619
2011-11-01,4.445,2.1556202580175903,8.165051285019068,0.5443933962981372,0.9636409896720465,-0.14959723805464265,0.7850000000000001,2.474545454545455
2011-12-01,4.68,2.3103285769962127,7.5690837676483,0.6183046909856128,1.4443411204515442,-0.06052432269025901,0.6783333333333328,2.8086363636363636
2012-01-01,4.678064516129032,2.3672496013878193,8.216334011205975,0.5693615315235214,1.0684278234147322,-0.08141798430640887,0.49806451612903224,2.7067008797653958
2012-02-01,4.925862068965517,2.9934127506545476,8.97586099290523,0.5487899236473309,0.8941428124746204,0.01831449255019629,0.5258620689655169,3.1701477832512315
2012-03-01,5.12,3.7308709205211827,8.97445619909304,0.5705081050501342,1.0122313847212603,0.0943989609565354,0.7000000000000002,3.629090909090909
2012-04-01,5.11,3.876212114371785,8.212968158364763,0.6221867541024807,1.3253733243187698,0.07287181455023711,0.6800000000000006,3.635238095238096
2012-05-01,5.09,3.7148231675511316,8.29137175503266,0.6138911811438794,1.2241954656724283,0.0487787749886783,0.6449999999999996,3.34695652173913
2012-06-01,5.09,3.6961822086109555,8.228947198789083,0.6185481419480988,1.228546641642691,0.03662435833018432,0.41000000000000014,3.3623809523809522
2012-07-01,5.073870967741935,3.968484072153469,8.138942954657335,0.6234066261440647,1.2277732662508378,0.01773348777799553,0.39580645161290295,3.56432551319648
2012-08-01,4.829677419354839,3.958990048837353,8.116420094025118,0.595050202355863,1.0085239235557335,-0.10930126399903767,-0.09618464961067819,3.541851332398317
2012-09-01,4.61,3.631484194404201,7.626031080558275,0.6045084200814086,1.039476941030641,-0.2217744916206065,-0.5099999999999998,3.3450000000000006
2012-10-01,4.59,3.586546315114735,6.1965363042712065,0.740736400888374,1.8453459813570716,-0.23266361959908696,-0.5200000000000005,3.483478260869565
2012-11-01,4.548333333333333,3.4137533453305555,6.259836943581935,0.7265897457595334,1.67898486038919,-0.25129659924714964,-0.541666666666667,3.320151515151515
2012-12-01,4.275483870967742,3.5785342766242256,6.217420413016925,0.6876620184822144,1.3855845552669788,-0.3791180401824266,-0.814516129032258,3.1140552995391704
2013-01-01,4.085806451612903,3.6074904923289517,4.918934648398826,0.8306283257784048,2.138257349020755,-0.4610279206186527,-0.9880645161290316,2.961458625525947
2013-02-01,3.8142857142857145,3.594862248425681,3.345831157830436,1.1400114155070045,3.4787935432949513,-0.5749911551147014,-1.0153917050691246,2.5012857142857143
2013-03-01,3.513225806451613,3.2219498269979305,3.383432923861357,1.0383612991630196,2.7164347731138037,-0.6995647677462817,-1.0967741935483875,2.095130568356375
2013-04-01,3.1,2.6382302891413367,3.4471549311496896,0.8992923329286198,1.94422374403235,-0.8777442630807119,-1.4899999999999998,1.7804545454545455
2013-05-01,3.14,2.422735475042681,3.4218552839925747,0.9176308579409853,1.9598215725888515,-0.8294958930387959,-1.4083333333333328,1.7860869565217392
2013-06-01,3.16,1.8273266593615214,4.552701588927901,0.6940933725340291,0.9235815433951885,-0.792025401958748,-1.1154838709677417,1.36
2013-07-01,3.16,1.9870486592608971,4.540293799670578,0.695990202270451,0.9315459810508239,-0.7655115044752447,-0.9258064516129032,1.4647826086956524
2013-08-01,3.17,1.9632267747166174,4.5015738831753405,0.7041981498621835,0.9797954145925589,-0.7350463395527896,-0.6442857142857146,1.3404545454545453
2013-09-01,3.17,2.181022856542043,4.475674608344141,0.7082731157645082,0.9762351406194458,-0.7114006569831457,-0.34322580645161294,1.3561904761904762
2013-10-01,3.16,2.2154954498464416,5.042341514854999,0.6266929740261497,0.5870233721289555,-0.7007076227351403,0.06000000000000005,1.4469565217391305
2013-11-01,3.17,2.1562631491610884,5.258637935257883,0.6028176951955418,0.47127706536832625,-0.6894555047215097,0.029999999999999805,1.3385714285714285
2013-12-01,3.16,1.9657461220638484,4.771298455782272,0.6622935096777354,0.7328366574587313,-0.70327284028884,0.0,1.3890909090909092
2014-01-01,3.18,1.8706380950836907,4.315626632090146,0.7368570710807438,1.0490931144472182,-0.7061297552146365,0.020000000000000018,1.359130434782609
2014-02-01,3.18,1.819342098687824,5.393713486218219,0.5895752542520838,0.3676493997188141,-0.735158123047347,0.010000000000000231,1.2975
2014-03-01,3.17,1.9369666594550727,5.743804412818455,0.5518990153852571,0.18492311232718686,-0.7601080326009761,0.0,1.4023809523809523
2014-04-01,3.185,2.1225451091943244,7.619718065820604,0.4179944681007029,-0.4319100633734297,-0.7478471890076681,0.02499999999999991,1.5695454545454548
2014-05-01,3.41,2.309328551065354,7.77381635903973,0.4386519879691659,-0.35256817220370085,-0.4451031067003702,0.2400000000000002,1.87
2014-06-01,3.6916666666666664,2.591120621514698,7.213640560474947,0.5117619370854273,-0.039275163431411554,-0.054991688476435825,0.5316666666666663,2.249285714285714
2014-07-01,3.91,2.8774213277304126,7.3589150356699555,0.5313283250380718,0.026626337576720685,0.24590266330843671,0.73,2.4552173913043482
2014-08-01,4.16,2.9940491040786696,7.727506902352248,0.538336626879453,0.03335300053373103,0.5854850609977215,0.98,2.6242857142857146
2014-09-01,4.41,3.104902155265149,8.645503062871118,0.5100917746405224,-0.13140821921894105,0.9159553088446982,1.2400000000000002,2.890909090909091
2014-10-01,4.41,2.8704636331038045,8.984227857563253,0.49086021302181243,-0.25279006917460006,0.898174024102027,1.225,2.6682608695652177
2014-11-01,4.41,2.8480333362685313,9.460966083364056,0.4661257593719147,-0.4074268521989099,0.8779838512862476,1.0,2.682
2014-12-01,4.38,2.13380454046076,12.838868240578009,0.341151565537276,-1.0885583314207112,0.8133848221191593,0.6883333333333335,2.382608695652174
2015-01-01,4.39,2.2238223688978893,12.851678323646945,0.34158962661884,-1.1186610849274852,0.8017981360438231,0.47999999999999954,2.0949999999999998
2015-02-01,4.39,2.6287315775218767,12.59771263585843,0.3484759596360532,-1.086024763299064,0.7773789821968434,0.22999999999999954,2.3124999999999996
2015-03-01,4.39,2.4515536825233717,13.283448173486837,0.33048647780794155,-1.1847555042076123,0.7531217066317686,-0.020000000000000462,2.171363636363636
2015-04-01,4.38,2.7753181950829253,12.822244567009793,0.3415938587904689,-1.1319211345573135,0.7162086264692016,-0.03000000000000025,2.2227272727272727
2015-05-01,4.38,2.8744871078666883,13.34322902721708,0.32825637565433524,-1.2156334059205203,0.6899221559226848,-0.03000000000000025,2.2904761904761903
2015-06-01,4.37,2.9210801378619733,13.061842474974302,0.33456229535554843,-1.1818537247532883,0.650914913548729,-0.009999999999999787,2.1213636363636366
2015-07-01,4.37,2.899836365959861,12.74931284641301,0.3427635710758709,-1.140876920976211,0.6252859057415868,-0.019999999999999574,1.9500000000000002
2015-08-01,4.36,2.0266132868501474,14.247831752239426,0.3060114742943052,-1.3396387577130724,0.5863573996861032,-0.02999999999999936,1.6028571428571432
2015-09-01,4.385000000000001,1.385169259954842,14.397809195733718,0.3045602244332659,-1.3440365253539381,0.5952147648542598,-0.004999999999999005,1.477727272727273
2015-10-01,4.63,1.4464476242519577,16.58662107821385,0.2791406386006732,-1.4650859801425327,0.9097706598155118,0.25,1.8054545454545456
2015-11-01,5.1049999999999995,1.8585894840642023,16.567234352129887,0.3081383344676174,-1.294505856380208,1.536913922641843,0.7249999999999996,2.3011904761904756
2015-12-01,5.348709677419355,2.1136669141402704,15.862433232629094,0.33719351873563985,-1.1357939929074543,1.8190810823686294,0.9787096774193547,2.2113183730715287
2016-01-01,5.41,1.9746315777929215,15.976366634202996,0.3386251782941689,-1.1282887590976065,1.8405412314455736,1.04,1.7357142857142858
2016-02-01,5.688965517241379,2.1090055125540688,15.879810039864104,0.3582514843036538,-1.026275372025363,2.1421322673716667,1.3289655172413788,1.7570607553366169
2016-03-01,5.970645161290323,3.1052269738021137,17.938928842496015,0.33283175454413416,-1.1514659938525944,2.3859481576529484,1.585645161290322,2.8776016830294533
2016-04-01,6.13,3.276252376011439,18.2969903740218,0.3350277764097979,-1.1292678229005662,2.432141117241912,1.5,3.261904761904762
2016-05-01,6.621935483870968,3.8932878494101555,17.81896955166535,0.3716228070692273,-0.9225072810981789,2.808083299011269,1.5169354838709683,3.7096627565982403
2016-06-01,6.9366666666666665,4.37697574817773,17.513434752594584,0.396076884098307,-0.7786383477743232,2.897778132844828,1.5879569892473118,4.128939393939394
2016-07-01,7.11,4.504661042627536,16.70956333168418,0.42550483569598907,-0.6098189966127493,2.822037079795187,1.7000000000000002,4.611904761904762
2016-08-01,7.35,4.881988150668238,13.43780808362899,0.5469642038536296,0.03442166978960091,2.807980007700413,1.6610344827586205,5.0086956521739125
2016-09-01,7.35,5.382920781028218,13.285257863375705,0.5532448128283758,0.06934976236614633,2.595506254789947,1.379354838709677,5.035454545454545
2016-10-01,7.35,5.332090005874633,12.482442290554706,0.5888270763776448,0.25014017968279995,2.4192005562035845,1.2199999999999998,5.0580952380952375
2016-11-01,7.34,5.185534997940063,13.689419643703948,0.5361805095496375,-0.02628242294936206,2.2621955574482446,0.718064516129032,4.822272727272727
2016-12-01,7.105161290322581,5.243188351624841,11.364887754353898,0.6251853466481081,0.44153860988607485,1.9664635026838386,0.1684946236559144,4.828797653958945
2017-01-01,6.85,5.045877375659488,11.36415610245438,0.6027724309876883,0.3204289691791718,1.6912305819119902,-0.2600000000000007,4.736363636363636
2017-02-01,6.822142857142857,5.0764796826642264,10.7660276391227,0.633673169512574,0.4745823815682973,1.6085151143823073,-0.527857142857143,4.830642857142856
2017-03-01,6.419677419354839,5.063887317297063,9.253359889543592,0.6937671825137971,0.7753224285026193,1.2697026407847034,-0.9303225806451607,4.468807854137448
2017-04-01,6.1,4.848967241543774,8.539409441870756,0.7143351119914977,0.8702031682671962,1.0096432599536707,-1.25,4.133
2017-05-01,5.59,4.1007839725750355,8.753626571057964,0.6385924684612622,0.4741047068211847,0.6228209344680528,-1.75,3.6443478260869564
2017-06-01,5.21,3.694086372548883,8.85530327867431,0.5883480030036834,0.21606443528368,0.3396517635401284,-1.895161290322581,3.246363636363636
2017-07-01,4.6161290322580655,3.056716658200797,9.186722477994449,0.5024783368949457,-0.21977499139466639,-0.09453101205865881,-2.233870967741934,2.6151766513056844
2017-08-01,4.34,2.6562070472985813,9.470961978552177,0.45824278566721205,-0.43748005636356524,-0.29285137670072514,-2.4821428571428568,2.3330434782608696
2017-09-01,4.1,2.4350111729190456,9.626622106817214,0.4259022484217525,-0.5887727702716435,-0.4634143538683732,-2.3196774193548393,2.208095238095238
2017-10-01,4.083870967741936,2.448956697840476,9.70999942685673,0.4205840585784612,-0.5924807016818544,-0.46825419450724054,-2.016129032258064,2.230234604105572
2017-11-01,3.8066666666666666,2.254033326648532,7.658305653473548,0.497063820499263,-0.17500326860068754,-0.6612110925398985,-1.7833333333333332,1.9453030303030303
2017-12-01,3.45,1.8268649947643294,6.953480392065295,0.49615441555524326,-0.16392757414090772,-0.9075296547728066,-1.7599999999999998,1.7171428571428573
2018-01-01,3.323870967741935,1.848175721000049,7.831003811656358,0.42445017876180724,-0.5180152009044006,-0.983750454408587,-1.2922580645161306,1.7247405329593262
2018-02-01,3.08,1.6233789424896248,7.551344196010463,0.40787440223254956,-0.6010740462204603,-1.142658220302099,-1.2599999999999998,1.351
2018-03-01,2.99,1.7716556553374545,7.157982124574816,0.4177154885222078,-0.5269978616792272,-1.1934447192380928,-1.1099999999999994,1.2009090909090911
2018-04-01,2.8016666666666663,1.8399381133488237,7.393116433203796,0.3789561130247976,-0.7689590591730835,-1.318768074921563,-1.2822043010752693,1.0688095238095234
2018-05-01,2.55,1.3901422143292113,8.09458794544194,0.31502530050784167,-1.2286633657864783,-1.4775019278872255,-1.2566666666666668,0.650869565217391
2018-06-01,2.4299999999999997,1.1681513911799386,8.06616449681323,0.3012584234997986,-1.2933206974447322,-1.5362446701532686,-1.0200000000000005,0.4328571428571424
2018-07-01,2.34,1.029404769352504,7.451353878078057,0.3140368902467911,-1.1641917649421987,-1.5697143216865908,-0.983870967741935,0.532272727272727
2018-08-01,2.34,1.0758621025381618,7.739182540889746,0.3023575148456155,-1.2221814407963767,-1.5411934006615406,-0.7400000000000002,0.516086956521739
2018-09-01,2.3,0.8704736761795839,7.836561523842797,0.29349606877994033,-1.2616369880450213,-1.5390947455968762,-0.6900000000000004,0.5294999999999996
2018-10-01,2.06,0.5305272605202411,7.901457246078827,0.260711402446972,-1.4699324247954297,-1.6607425486326308,-0.7416666666666663,0.2691304347826089
2018-11-01,2.05,0.09628999733924815,8.360672697404361,0.24519558104893152,-1.5342356329568385,-1.628829078386825,-0.5,0.03227272727272723
2018-12-01,1.98,-0.06386023234205718,8.257942241071833,0.23976917520108587,-1.5310693290576638,-1.63449335205685,-0.44999999999999973,-0.13809523809523805
2019-01-01,1.85,-0.08671904246012296,6.9287006703935035,0.26700532870543714,-1.30163947042517,-1.672789870071733,-0.48999999999999977,-0.16434782608695642
2019-02-01,1.85,0.23509998843544344,7.2630065256487315,0.254715453368639,-1.3563190063670554,-1.630279375151006,-0.48999999999999977,-0.05999999999999983
2019-03-01,1.8399999999999999,0.4924047763007018,7.166300418038779,0.25675730748998626,-1.2934532053338872,-1.5959012247726276,-0.45999999999999996,-0.04142857142857159
2019-04-01,1.83,0.4659714243752622,5.932801902410601,0.3084545936476388,-0.851005032830947,-1.562660276888465,-0.22999999999999998,0.060454545454545316
2019-05-01,1.8599999999999999,0.23859545122493309,6.5365746802672975,0.2845527039742992,-1.0153634172632775,-1.5041319645634441,-0.18999999999999995,-0.04608695652173922
2019-06-01,1.87,0.28340722454918743,7.015230733486283,0.2665628645788941,-1.1213452190777848,-1.4554163890846696,-0.10999999999999988,-0.0259999999999998
2019-07-01,1.85,0.19133636062795545,7.439157990955553,0.248684058363757,-1.221391222263315,-1.4226031828643912,0.0,0.12521739130434795
2019-08-01,2.12,0.14012105408810105,9.042679647298693,0.23444378023867127,-1.2890271766891488,-1.2334942174716994,0.27,0.24636363636363634
2019-09-01,2.21,0.29165547109785583,9.035433226156679,0.24459258838881906,-1.16766034978257,-1.1491808948843343,0.3700000000000001,0.450952380952381
2019-10-01,2.42,0.2411284545163781,9.001807947163138,0.26883488452590765,-0.9446272188403261,-1.0055405729529983,0.5899999999999999,0.6339130434782609
2019-11-01,2.7,0.5140965944473228,8.694339270271119,0.3105468875860655,-0.5957377312274289,-0.8310702517340455,0.8400000000000003,0.8814285714285717
2019-12-01,2.7,0.49307142789023306,8.771958868962377,0.3077989808585798,-0.6116894867363513,-0.8111869578971449,0.8300000000000001,0.989545454545455
2020-01-01,2.7,0.6642253918117955,8.862048808832082,0.30466995366908045,-0.6299366052740561,-0.7916535457144239,0.8500000000000001,0.9991304347826089
2020-02-01,2.67,0.6847473650480578,8.937165147676236,0.2987524517989052,-0.66773615339621,-0.788220199891885,0.5499999999999998,0.9430000000000001
2020-03-01,3.567741935483871,0.2634360876916011,14.973583676827444,0.2382690752251363,-1.118015612124451,-0.29812995466477915,1.3577419354838711,0.11592375366568941
2020-04-01,3.7,0.9370593486111676,14.955165830767726,0.2474061499463868,-1.026547257530924,-0.22093864499799115,1.2800000000000002,-0.1886363636363635
2020-05-01,3.2483870967741937,1.6372434149907682,15.410395800302897,0.21079193155508344,-1.2762598726189691,-0.45262600202217057,0.5483870967741935,-0.10494623655913937
2020-06-01,2.67,1.5471834932217763,16.1688227273847,0.1651326163331541,-1.5683032511780026,-0.7441260188535774,-0.03000000000000025,-0.20318181818181813
2020-07-01,2.41,1.654536352591081,16.08768084763822,0.1498040657832794,-1.6211409424173882,-0.8601219825377244,-0.29000000000000004,-0.3117391304347823
2020-08-01,2.1661290322580644,1.2609082321785658,15.349783359771502,0.14111788951595403,-1.629078957668048,-0.9625594092223169,-0.5038709677419355,-0.24434715821812603
2020-09-01,1.885,0.758671421323504,15.405025783697724,0.12236266439714694,-1.7000895692211926,-1.0780270686019042,-1.682741935483871,-0.6540909090909091
2020-10-01,1.66,0.12661429110027456,15.467490822187703,0.10732186746274155,-1.7428999938597325,-1.1571662170340014,-2.04,-0.7440909090909094
2020-11-01,1.66,0.2252473535035795,16.138649810498997,0.10285866658560787,-1.7075651752029397,-1.1190276841449458,-1.5883870967741938,-0.5171428571428571
2020-12-01,1.66,0.3601645861402081,17.501866643203133,0.09484702596820795,-1.690939701033663,-1.0820594210221128,-1.01,-0.4395652173913043
2021-01-01,1.66,0.39452632402118915,17.337212418172978,0.09574780304704447,-1.6211955777978497,-1.0464682277105388,-0.7500000000000002,-0.5042857142857142
2021-02-01,1.67,0.528078953793174,17.189090601199247,0.0971546452773649,-1.5516732475060484,-1.0072404608010292,-0.4961290322580645,-0.46799999999999997
2021-03-01,1.68,0.4963004046278041,10.792454241232003,0.1556643153122344,-1.158770803836331,-0.9696280969958272,-0.20500000000000007,-0.5530434782608695
2021-04-01,1.68,0.6843772745132453,10.411793003266641,0.16135549366693225,-1.0949397113431174,-0.9384550201501001,0.020000000000000018,-0.5213636363636363
2021-05-01,1.69,0.468489995002745,10.478410354268481,0.16128400614808544,-1.0639538003038396,-0.9049493085985024,0.030000000000000027,-0.6785714285714288
2021-06-01,1.67,0.2482681951522836,9.69688501608513,0.17222025395060525,-0.9692746083426893,-0.8896869275495919,0.010000000000000009,-0.7654545454545456
2021-07-01,1.65,0.6260142993926983,10.329995722928736,0.15972901095569822,-1.010637380899146,-0.8772473892560642,-0.010000000000000009,-1.0231818181818184
2021-08-01,1.66,0.5064190431281081,9.881323246596388,0.16799369462706173,-0.9307983957914511,-0.8526343383656795,-0.010000000000000009,-1.1140909090909095
2021-09-01,1.67,0.17384719072482246,9.98515080207395,0.16724835038576835,-0.9051458535659188,-0.8302787133570076,-0.010000000000000009,-1.1477272727272725
2021-10-01,1.92,0.3011649913787844,9.810783225393688,0.19570302960423977,-0.7085871068707299,-0.6631123766899586,0.24,-0.9861904761904761
2021-11-01,2.4033333333333333,0.7798533233006797,9.432747359770888,0.2547861446584644,-0.32416083306124444,-0.32753129800421255,0.7133333333333334,-0.7784848484848483
2021-12-01,2.613548387096774,0.5642967235009082,6.088076448180964,0.42928967948122054,0.8014234899465953,-0.14485484806908222,0.943548387096774,-0.8516690042075741
2022-01-01,2.952258064516129,0.2989280674534438,6.077591596304435,0.48576117985803635,1.1981156681465275,0.16305635349175734,1.302258064516129,-0.5986943164362519
2022-02-01,3.92,0.8688473956459442,6.603044901644129,0.593665507109294,1.922716101245642,1.0597027757268278,2.26,0.20550000000000024
2022-03-01,3.8,0.8940940652251719,7.727311038067873,0.49176226779013504,1.3341904273244343,1.0856529573258829,2.13,0.15521739130434797
2022-04-01,4.67,1.9046610771982286,7.735530834948294,0.6037077609336703,2.1883947670790294,2.0598084445445735,2.75,1.2252380952380952
2022-05-01,5.1977419354838705,1.4313943314588942,9.333414132833045,0.5568961005597379,1.9060021167502244,2.6496886398564707,2.794408602150537,1.367287390029325
2022-06-01,4.79,1.275523812521071,9.5676699835019,0.5006443583714405,1.5384360738989453,2.278359724109963,2.176451612903226,0.9027272727272724
2022-07-01,5.82,1.6751765852225446,13.591770950979285,0.428200270663086,1.0228301923407417,3.1588251175564634,2.8677419354838714,1.4414285714285722
2022-08-01,6.67,2.9729774689957074,13.753055483105841,0.48498313761573797,1.4390153885770296,3.586401479055793,2.75,2.6673913043478263
2022-09-01,6.473333333333333,1.4664632040081607,13.566200062835257,0.47716628852224396,1.3637834712381,3.122093784918972,2.673333333333333,2.2351515151515144
2022-10-01,6.95225806451613,1.392373096235339,14.067901325685497,0.49419297900693526,1.4645759932344218,3.1950826373803034,2.28225806451613,2.2436866359447016
2022-11-01,7.220000000000001,1.941730016708374,14.236696327728465,0.5071401281446022,1.555304358998831,3.0851825902274532,2.02225806451613,3.0527272727272727
2022-12-01,7.319354838709678,2.201140555811004,15.02482811061529,0.4871506538925682,1.412407327082887,2.883106082373505,2.5293548387096783,3.501627565982406
2023-01-01,7.718387096774194,2.2681806531919335,15.340526195553563,0.5031370500844593,1.5019205562704088,2.8689964464826825,1.8983870967741936,4.016568914956013
2023-02-01,8.18,3.0275105373984896,14.993713035883358,0.5455619952458343,1.7543562009695859,2.868223654216054,1.5099999999999998,4.336499999999999
2023-03-01,8.108064516129032,3.1455317041160447,14.267576322256422,0.5682860447349434,1.852195230580625,2.6118702082705423,1.634731182795699,3.9919775596072924
2023-04-01,8.17,3.585713899665407,15.650077335088547,0.5220421487427604,1.490259666244023,2.458973099238119,1.21774193548387,4.1485
2023-05-01,8.18193548387097,3.7287551774074386,14.980738086884404,0.5461637094526225,1.5922483298487153,2.3068980524103924,0.9619354838709686,4.054544179523143
2023-06-01,8.17,4.218895241328649,17.050788785287956,0.4791567183712565,1.114684337563023,2.166047778492423,0.8506451612903216,4.504090909090909
2023-07-01,8.129999999999999,4.496409191834298,13.478445306365932,0.6031852943870435,1.842722154651809,2.031857778720582,0.4116129032258051,4.729999999999999
2023-08-01,7.92,4.3025449165399525,13.482088061076006,0.5874460961923064,1.6703102515274335,1.8463099673120271,-0.2599999999999998,4.682173913043478
2023-09-01,7.92,3.9388009472120373,13.0964096089957,0.6047458987965593,1.7020059764418471,1.7619778800046184,-0.18806451612903174,4.621428571428572
2023-10-01,7.92,3.4500761708759127,12.658432309139684,0.6256698939158188,1.7466535268453252,1.6853416159792969,-0.25,4.459090909090909
2023-11-01,7.92,4.079376168568928,11.625544133777263,0.6812584347763091,1.9680073329124181,1.6150345818296177,-0.2619354838709693,4.795454545454545
2023-12-01,7.823225806451612,4.046980238917907,11.57546424293324,0.675845533472029,1.843982177987495,1.5142337217543236,-0.3467741935483879,4.93084485407066
2024-01-01,7.67,4.367842861811321,11.601116340050515,0.6611432706282646,1.6853689963786802,1.400005210373426,-0.4599999999999991,4.64304347826087
2024-02-01,7.42,4.399316917941683,11.225801145354632,0.6609773239276097,1.6140564202867087,1.2571504661811779,-0.5,4.3290476190476195
2024-03-01,7.323225806451612,4.517582464115591,11.221497819002204,0.6526068021018232,1.5076689627881545,1.1783534153756121,-0.5967741935483879,4.3675115207373265
2024-04-01,6.92,4.077045462348245,10.7042578315549,0.6464717226448572,1.4216317679880426,0.9894583209190247,-1.0,4.005909090909091
2024-05-01,6.436129032258064,3.8797307710557014,10.715843769968943,0.6006180353520325,1.14683683864154,0.7759792231197856,-1.483870967741936,3.462650771388499
2024-06-01,6.42,3.7654245470281227,9.756697876323434,0.658009511146123,1.386750107131508,0.7432085932602502,-1.403225806451612,3.2895
2024-07-01,5.936129032258064,3.4396790324487987,9.173361724316418,0.647105086516188,1.284866544074731,0.5329330455137107,-1.733870967741936,2.8504768583450204
2024-08-01,5.42,2.912613627303729,9.205977660768662,0.5887478983462416,0.9619989609224157,0.3123772929816137,-2.0,2.1986363636363637
2024-09-01,5.62,3.2494133241971332,9.427384491957397,0.5961356519185658,0.9664164452094807,0.37106603165200785,-1.703225806451612,2.383809523809524
2024-10-01,5.42,3.147313643368808,7.917083220607399,0.6845955573502456,1.3532021395950207,0.2739281933911832,-1.5,2.2991304347826085
2024-11-01,5.11,2.7541052306325837,6.9946082655537385,0.7305627143074123,1.5158086985914885,0.13533237772574666,-1.3261290322580637,1.8704761904761908
2024-12-01,5.1974193548387095,2.383719368698778,6.370644583003637,0.8158388507035854,1.8333392949798668,0.15454242624498715,-1.2225806451612904,1.9674193548387096
2025-01-01,5.17,2.1574047411055792,6.70934069735288,0.7705675167218419,1.5563056296460753,0.12772240319653852,-0.7661290322580641,1.950869565217391
2025-02-01,5.17,2.322178958089728,8.411143382782829,0.6146607856647314,0.8153700691959364,0.11159459540202112,-0.25,1.9164999999999996
2025-03-01,5.17,2.258190489087787,8.308888598005709,0.6222252156853925,0.8217360935113495,0.1009560835870339,-0.4500000000000002,1.8052380952380953
2025-04-01,5.17,2.293563406831938,8.644086482317322,0.5980967463220032,0.6864777483255745,0.09113484451910986,-0.25,1.3168181818181819
2025-05-01,4.928064516129032,2.1150835836208355,9.021423480735496,0.5462624082166752,0.42656750193356624,-0.019474189927819345,-0.18193548387096836,1.3617008797653956
2025-06-01,4.92,1.8121655509206986,8.450762048720529,0.5821960163633886,0.5680903461702871,-0.03850855229709541,-0.2774193548387096,1.4495238095238094
2025-07-01,4.92,2.116749406577099,8.667596113849628,0.567631432680454,0.4749870808711239,-0.05641135014291307,-0.25,1.7321739130434781
2025-08-01,4.92,2.252889732848433,8.636783228462939,0.5696565341348271,0.4594915060335514,-0.07659211878886032,-0.25,1.9499999999999997
2025-09-01,5.03,2.4281783314907206,8.535398295573343,0.5893105190660729,0.5296356140292456,-0.053033979294487284,-0.13999999999999968,2.458636363636364
2025-10-01,5.16,2.009418201880022,8.22514784683567,0.6273443463979951,0.6944279270477727,-0.02259740260275525,-0.009999999999999787,2.537826086956522
2025-11-01,5.37,1.704850004514058,6.759723382061433,0.7944112053831373,1.5134139405138813,0.04345551440032697,0.44193548387096815,2.8225000000000002
2025-12-01,5.529999999999999,1.644602656998703,6.87224306880566,0.8046863221561034,1.535227384626272,0.08836811675728591,0.6099999999999994,2.7930434782608686
2026-01-01,5.609999999999999,1.2456649985313408,6.948351133939474,0.8073857943933993,1.522910921584706,0.09729809157549606,0.6899999999999995,2.9290909090909087
2026-02-01,6.574285714285713,1.9422015084574973,6.134923672991744,1.071616545651286,2.802754557140749,0.5262949870782972,1.654285714285713,3.949285714285713
2026-03-01,6.609999999999999,2.406441550378677,6.387639038842234,1.034811134412202,2.483672238362292,0.5180042534216647,1.5799999999999992,3.806818181818181
2026-04-01,7.609999999999999,3.608072736219924,4.592879436857313,1.6569126415404358,4.619658541833673,0.9899417218984076,2.4499999999999993,5.162272727272727
2026-05-01,7.62,3.2436644536570496,6.072203714645214,1.2548986098114168,2.706581060560508,0.9719597515459353,2.25,
2026-06-01,7.62,4.022095742309302,7.754746508744296,0.982623995691883,1.5347736619344452,0.9513260454859517,2.0900000000000007,
2026-07-01,8.370000000000001,4.73972924052895,9.526332440741314,0.8786172487749829,1.0745630290353847,1.3384121692448252,2.7600000000000016,
2026-08-01,,,9.620901704338317,,,,,
