fecha,desviacion_cf_pct,prob_turbulento,regimen,es_turbulento,senal_cf_markov,senal_cf_pura,senal_condicional
2006-01-01,-1.4542519962739364,0.8127481949698541,1,1.0,-1.1819406850029488,-1.4542519962739364,-1.4542519962739364
2006-02-01,-1.1746583887233708,0.8645523995625356,1,1.0,-1.015553728637052,-1.1746583887233708,-1.1746583887233708
2006-03-01,0.10130954553013716,0.9433136378298796,1,1.0,0.09556667594092551,0.10130954553013716,0.10130954553013716
2006-04-01,2.5735767042299074,0.9951856528876906,1,1.0,2.5611866126555913,2.5735767042299074,2.5735767042299074
2006-05-01,5.79665393213884,0.9999802717653047,1,1.0,5.7965395743896195,5.79665393213884,5.79665393213884
2006-06-01,8.654396873733816,0.9999998688081745,1,1.0,8.654395738347691,8.654396873733816,8.654396873733816
2006-07-01,9.850556707501745,0.9999999808173478,1,1.0,9.850556518541941,9.850556707501745,9.850556707501745
2006-08-01,8.719842097099795,0.9999998818841566,1,1.0,8.719841067148291,8.719842097099795,8.719842097099795
2006-09-01,5.799704410665862,0.9999908380100193,1,1.0,5.799651273832161,5.799704410665862,5.799704410665862
2006-10-01,2.6319863780308594,0.9991752181489709,1,1.0,2.629815563434104,2.6319863780308594,2.6319863780308594
2006-11-01,0.7804160461591714,0.9921472272553968,1,1.0,0.7742876163024417,0.7804160461591714,0.7804160461591714
2006-12-01,0.7062846233083953,0.9772626991843654,1,1.0,0.6902256173667751,0.7062846233083953,0.7062846233083953
2007-01-01,1.3791191735475383,0.9424347831490102,1,1.0,1.2997298792589165,1.3791191735475383,1.3791191735475383
2007-02-01,1.0229203668509879,0.7977608725054117,1,1.0,0.8160458443625999,1.0229203668509879,1.0229203668509879
2007-03-01,-1.4865330953516054,0.351551556746505,0,0.0,-0.5225930238260577,-1.4865330953516054,0.0
2007-04-01,-5.640574536097942,0.07460181461650782,0,0.0,-0.42079709587257325,-5.640574536097942,0.0
2007-05-01,-9.545635194223268,0.025767015839675438,0,0.0,-0.24596253324931425,-9.545635194223268,0.0
2007-06-01,-11.262155105747972,0.013278482393611245,0,0.0,-0.14954432828579345,-11.262155105747972,0.0
2007-07-01,-10.20672722275413,0.005076220625506549,0,0.0,-0.05181159924706369,-10.20672722275413,0.0
2007-08-01,-7.5197783439666654,0.0015410246872227073,0,0.0,-0.01158816407049532,-7.5197783439666654,0.0
2007-09-01,-5.141035472107081,0.00097307719609468,0,0.0,-0.005002624382221248,-5.141035472107081,0.0
2007-10-01,-4.391329267418886,0.001096117327881125,0,0.0,-0.004813412102449367,-4.391329267418886,0.0
2007-11-01,-5.230122802451209,0.0016852692179839686,0,0.0,-0.008814164965247073,-5.230122802451209,0.0
2007-12-01,-6.722113177902278,0.005464577318770307,0,0.0,-0.03673350720617178,-6.722113177902278,0.0
2008-01-01,-8.163669160368869,0.027805287823667146,0,0.0,-0.2269931707012515,-8.163669160368869,0.0
2008-02-01,-9.754155153307408,0.1401754796042895,0,0.0,-1.367293376749518,-9.754155153307408,0.0
2008-03-01,-12.159018996746873,0.5204829700464254,1,1.0,-6.328562320277721,-12.159018996746873,-12.159018996746873
2008-04-01,-15.387684255140355,0.9541282908928069,1,1.0,-14.681824879155222,-15.387684255140355,-15.387684255140355
2008-05-01,-18.116187239813343,0.9997016725766497,1,1.0,-18.110782684353158,-18.116187239813343,-18.116187239813343
2008-06-01,-18.250309870919786,0.9999553718843811,1,1.0,-18.249495393980787,-18.250309870919786,-18.250309870919786
2008-07-01,-14.413347665091486,0.9948894340890143,1,1.0,-14.339687301851084,-14.413347665091486,-14.413347665091486
2008-08-01,-7.142292124476493,0.9769812234467071,1,1.0,-6.977885297984826,-7.142292124476493,-7.142292124476493
2008-09-01,1.2765644337737192,0.9944564608847181,1,1.0,1.269487748901917,1.2765644337737192,1.2765644337737192
2008-10-01,8.28811501328867,0.9999992973888949,1,1.0,8.28810918996702,8.28811501328867,8.28811501328867
2008-11-01,12.695746966476337,0.999999999887627,1,1.0,12.695746965049677,12.695746966476337,12.695746966476337
2008-12-01,15.12498266473723,0.999999999999272,1,1.0,15.12498266472622,15.12498266473723,15.12498266473723
2009-01-01,17.001189865342937,0.9999999999999898,1,1.0,17.001189865342763,17.001189865342937,17.001189865342937
2009-02-01,18.987623311757183,0.9999999999999997,1,1.0,18.987623311757176,18.987623311757183,18.987623311757183
2009-03-01,20.273638130152875,0.9999999999999997,1,1.0,20.273638130152868,20.273638130152875,20.273638130152875
2009-04-01,19.3344336254552,0.9999999999999996,1,1.0,19.334433625455194,19.3344336254552,19.3344336254552
2009-05-01,15.477934654854009,0.9999999999996667,1,1.0,15.47793465484885,15.477934654854009,15.477934654854009
2009-06-01,9.794239000965954,0.9999999786821158,1,1.0,9.7942387921735,9.794239000965954,9.794239000965954
2009-07-01,4.63469927243092,0.9999674590306263,1,1.0,4.63454845482384,4.63469927243092,4.63469927243092
2009-08-01,2.0150598501851746,0.9995663127856362,1,1.0,2.0141859444919716,2.0150598501851746,2.0150598501851746
2009-09-01,2.2537210902873195,0.999635701937924,1,1.0,2.252900064061668,2.2537210902873195,2.2537210902873195
2009-10-01,3.940092307817511,0.9999315734391077,1,1.0,3.9398227008512885,3.940092307817511,3.940092307817511
2009-11-01,5.193119069971496,0.9999848789850662,1,1.0,5.193040544740486,5.193119069971496,5.193119069971496
2009-12-01,5.113641617915854,0.999983540398941,1,1.0,5.113557449414865,5.113641617915854,5.113641617915854
2010-01-01,4.249256646648691,0.9999555845702927,1,1.0,4.249067914088793,4.249256646648691,4.249256646648691
2010-02-01,3.799684915178292,0.9999282907396564,1,1.0,3.7994124425834856,3.799684915178292,3.799684915178292
2010-03-01,4.366119256812484,0.9999609961368392,1,1.0,4.365948961294447,4.366119256812484,4.366119256812484
2010-04-01,5.3657631457212585,0.9999878663912195,1,1.0,5.3656980396504395,5.3657631457212585,5.3657631457212585
2010-05-01,5.573555492059468,0.9999904605267672,1,1.0,5.57350232327604,5.573555492059468,5.573555492059468
2010-06-01,4.2487199193899094,0.9999302912773463,1,1.0,4.248423746551415,4.2487199193899094,4.2487199193899094
2010-07-01,1.8376989447151049,0.9983436949586453,1,1.0,1.834655154688481,1.8376989447151049,1.8376989447151049
2010-08-01,-0.3266514517998753,0.9917556900017416,1,1.0,-0.32395843596985596,-0.3266514517998753,-0.3266514517998753
2010-09-01,-1.0259544934733245,0.9884525725655556,1,1.0,-1.014107358408899,-1.0259544934733245,-1.0259544934733245
2010-10-01,-0.005694343723350315,0.9928874515801149,1,1.0,-0.005653842427898517,-0.005694343723350315,-0.005694343723350315
2010-11-01,1.9614047962643766,0.9986292040410255,1,1.0,1.9587161104957442,1.9614047962643766,1.9614047962643766
2010-12-01,3.7214082112427826,0.9998851339963238,1,1.0,3.7209807479535097,3.7214082112427826,3.7214082112427826
2011-01-01,4.478232198447318,0.9999640915319585,1,1.0,4.4780713919895385,4.478232198447318,4.478232198447318
2011-02-01,4.074954022653099,0.9999161401600131,1,1.0,4.0746122976608055,4.074954022653099,4.074954022653099
2011-03-01,2.7814837179910623,0.9983945060170135,1,1.0,2.777018062618053,2.7814837179910623,2.7814837179910623
2011-04-01,0.9789001779763218,0.9794483998036658,1,1.0,0.9587822128864321,0.9789001779763218,0.9789001779763218
2011-05-01,-0.913952453880218,0.9259019198276897,1,1.0,-0.8462303316789218,-0.913952453880218,-0.913952453880218
2011-06-01,-2.32351639503936,0.8859407925557702,1,1.0,-2.058497956537497,-2.32351639503936,-2.32351639503936
2011-07-01,-2.555575084136208,0.8840464425666589,1,1.0,-2.2592470618426046,-2.555575084136208,-2.555575084136208
2011-08-01,-1.1791041459684848,0.9232790363540472,1,1.0,-1.0886421396508443,-1.1791041459684848,-1.1791041459684848
2011-09-01,1.4769161987752688,0.9850178937306692,1,1.0,1.4547888833343217,1.4769161987752688,1.4769161987752688
2011-10-01,4.216746813019412,0.9997064214557619,1,1.0,4.215508866628626,4.216746813019412,4.216746813019412
2011-11-01,5.537722654013602,0.9999844933935934,1,1.0,5.5376367827280175,5.537722654013602,5.537722654013602
2011-12-01,4.566107072367037,0.9988158962074788,1,1.0,4.5607003276655895,4.566107072367037,4.566107072367037
2012-01-01,1.6797906850369138,0.8981361577659721,1,1.0,1.508680751710124,1.6797906850369138,1.6797906850369138
2012-02-01,-1.7040837820744712,0.37652226381282433,0,0.0,-0.6416254833533995,-1.7040837820744712,0.0
2012-03-01,-4.062551709714381,0.08645269228025405,0,0.0,-0.35121853283255733,-4.062551709714381,0.0
2012-04-01,-4.730499876891969,0.01879169888847575,0,0.0,-0.08889412927852548,-4.730499876891969,0.0
2012-05-01,-4.183363241568271,0.005274016825022801,0,0.0,-0.022063128121212985,-4.183363241568271,0.0
2012-06-01,-3.486681997575282,0.0024158156204039096,0,0.0,-0.008423180833123472,-3.486681997575282,0.0
2012-07-01,-3.4228413718637705,0.0015975334956935061,0,0.0,-0.005468103741997885,-3.4228413718637705,0.0
2012-08-01,-4.013125803628522,0.0011436819134413698,0,0.0,-0.004589739397974802,-4.013125803628522,0.0
2012-09-01,-4.752348250447557,0.0008818827656880196,0,0.0,-0.004191014018617313,-4.752348250447557,0.0
2012-10-01,-5.238164806937287,0.0007671689910917322,0,0.0,-0.004018557610110296,-5.238164806937287,0.0
2012-11-01,-5.569095138059343,0.0007159931448225922,0,0.0,-0.003987433941715318,-5.569095138059343,0.0
2012-12-01,-6.155530100538156,0.0006859669339641797,0,0.0,-0.004222490109990378,-6.155530100538156,0.0
2013-01-01,-7.16692319833597,0.0007079771082650625,0,0.0,-0.005074017561115693,-7.16692319833597,0.0
2013-02-01,-8.189832226864748,0.000805289694165696,0,0.0,-0.006595187489240274,-8.189832226864748,0.0
2013-03-01,-8.477420704941446,0.0008461194056878884,0,0.0,-0.007172910168631257,-8.477420704941446,0.0
2013-04-01,-7.611980480413438,0.0007477881723358963,0,0.0,-0.005692148971304883,-7.611980480413438,0.0
2013-05-01,-5.989231526074623,0.0007169906957200819,0,0.0,-0.0042942232787088926,-5.989231526074623,0.0
2013-06-01,-4.648272378559387,0.0008301755504157908,0,0.0,-0.003858882080353056,-4.648272378559387,0.0
2013-07-01,-4.525168634158816,0.0008477155466164335,0,0.0,-0.0038360558022374805,-4.525168634158816,0.0
2013-08-01,-5.719846119330263,0.000728852361109842,0,0.0,-0.00416892334925883,-5.719846119330263,0.0
2013-09-01,-7.385238074756212,0.0007300590914720224,0,0.0,-0.005391660199161108,-7.385238074756212,0.0
2013-10-01,-8.349968881100834,0.0008229316798338785,0,0.0,-0.00687145391788492,-8.349968881100834,0.0
2013-11-01,-7.99170369952939,0.0008023234480753885,0,0.0,-0.006411931268203259,-7.99170369952939,0.0
2013-12-01,-6.686261936150467,0.0008407606715258708,0,0.0,-0.005621546075435736,-6.686261936150467,0.0
2014-01-01,-5.5160981333850225,0.0015470517845327834,0,0.0,-0.008533689460911254,-5.5160981333850225,0.0
2014-02-01,-5.511915628575531,0.00535385601631544,0,0.0,-0.02951000264947221,-5.511915628575531,0.0
2014-03-01,-7.02527046313211,0.02636827368948414,0,0.0,-0.1852442543145165,-7.02527046313211,0.0
2014-04-01,-9.644275878130298,0.14686729819430278,0,0.0,-1.4164287412614838,-9.644275878130298,0.0
2014-05-01,-12.574949840945132,0.5694978401230979,1,1.0,-7.161406774074546,-12.574949840945132,-12.574949840945132
2014-06-01,-15.06779117530801,0.945337386473637,1,1.0,-14.244146329596205,-15.06779117530801,-15.06779117530801
2014-07-01,-16.555071368538805,0.9977580824272809,1,1.0,-16.51795626312006,-16.555071368538805,-16.555071368538805
2014-08-01,-16.547873491447934,0.9991128009262814,1,1.0,-16.533192233414308,-16.547873491447934,-16.547873491447934
2014-09-01,-14.61860937834133,0.9867306145339891,1,1.0,-14.424629415523077,-14.61860937834133,-14.61860937834133
2014-10-01,-10.678670941889818,0.928133867229794,1,1.0,-9.911236158170624,-10.678670941889818,-10.678670941889818
2014-11-01,-5.363633251729405,0.912669478476407,1,1.0,-4.8952243625945915,-5.363633251729405,-5.363633251729405
2014-12-01,-0.0716441765729714,0.9613937779270195,1,1.0,-0.06887826558195943,-0.0716441765729714,-0.0716441765729714
2015-01-01,3.6165001046723546,0.9987190488725656,1,1.0,3.6118675447859077,3.6165001046723546,3.6165001046723546
2015-02-01,4.874605804024062,0.9999679855463771,1,1.0,4.87444974618262,4.874605804024062,4.874605804024062
2015-03-01,4.248193115173127,0.9999546727260872,1,1.0,4.248000556160161,4.248193115173127,4.248193115173127
2015-04-01,3.3960817159537307,0.9998908176119986,1,1.0,3.395710923642135,3.3960817159537307,3.3960817159537307
2015-05-01,4.0359024422532945,0.9999436091139755,1,1.0,4.0356748541386676,4.0359024422532945,4.0359024422532945
2015-06-01,6.8226175785656205,0.9999981153045726,1,1.0,6.822604720009467,6.8226175785656205,6.8226175785656205
2015-07-01,10.991272518289577,0.999999997301731,1,1.0,10.991272488632166,10.991272518289577,10.991272518289577
2015-08-01,15.020923252693228,0.9999999999990862,1,1.0,15.020923252679502,15.020923252693228,15.020923252693228
2015-09-01,17.773892371492813,0.9999999999999986,1,1.0,17.77389237149279,17.773892371492813,17.773892371492813
2015-10-01,19.198362297699713,1.0,1,1.0,19.198362297699713,19.198362297699713,19.198362297699713
2015-11-01,20.06741377474045,1.0,1,1.0,20.06741377474045,20.06741377474045,20.06741377474045
2015-12-01,21.045261314578916,1.0,1,1.0,21.045261314578916,21.045261314578916,21.045261314578916
2016-01-01,21.930501527433037,1.0,1,1.0,21.930501527433037,21.930501527433037,21.930501527433037
2016-02-01,21.753135349805895,1.0,1,1.0,21.753135349805895,21.753135349805895,21.753135349805895
2016-03-01,19.65020136600733,1.0,1,1.0,19.65020136600733,19.65020136600733,19.65020136600733
2016-04-01,15.76270366169238,0.9999999999998247,1,1.0,15.762703661689615,15.76270366169238,15.76270366169238
2016-05-01,11.36740815876708,0.9999999986282674,1,1.0,11.367408143174035,11.36740815876708,11.36740815876708
2016-06-01,8.097715361897514,0.9999996976170232,1,1.0,8.097712913286237,8.097715361897514,8.097715361897514
2016-07-01,6.86303568284266,0.9999982521415997,1,1.0,6.86302368722809,6.86303568284266,6.86303568284266
2016-08-01,7.307962775791918,0.9999990542380572,1,1.0,7.307955864198846,7.307962775791918,7.307962775791918
2016-09-01,8.188561290005776,0.9999997359199981,1,1.0,8.188559127570494,8.188561290005776,8.188561290005776
2016-10-01,8.304674947382978,0.999999778094916,1,1.0,8.304673104533386,8.304674947382978,8.304674947382978
2016-11-01,7.24046242170586,0.9999989565894828,1,1.0,7.24045486693122,7.24046242170586,7.24046242170586
2016-12-01,5.415041926467576,0.9999882435243044,1,1.0,5.414978264658776,5.415041926467576,5.415041926467576
2017-01-01,3.556350936944086,0.9998754381481787,1,1.0,3.5559079512856537,3.556350936944086,3.556350936944086
2017-02-01,2.1329714248588787,0.9989407459380797,1,1.0,2.130712066213137,2.1329714248588787,2.1329714248588787
2017-03-01,1.1860651135000455,0.9940905738994508,1,1.0,1.1790561493613774,1.1860651135000455,1.1860651135000455
2017-04-01,0.5586385722248843,0.9793684157298277,1,1.0,0.5471129734454578,0.5586385722248843,0.5586385722248843
2017-05-01,0.1726816550907312,0.9494691734480603,1,1.0,0.16395590832863957,0.1726816550907312,0.1726816550907312
2017-06-01,0.05471973714732126,0.9017799706410545,1,1.0,0.04934516295819758,0.05471973714732126,0.05471973714732126
2017-07-01,0.14446055021730964,0.8297415856825637,1,1.0,0.11986492600588612,0.14446055021730964,0.14446055021730964
2017-08-01,0.1670283977966036,0.711674117707164,1,1.0,0.1188697876339391,0.1670283977966036,0.1670283977966036
2017-09-01,-0.23802944640579915,0.5142425544072073,1,1.0,-0.12240487054385162,-0.23802944640579915,-0.23802944640579915
2017-10-01,-1.2410577734808,0.26208689114688866,0,0.0,-0.3252649735852624,-1.2410577734808,0.0
2017-11-01,-2.691008975021006,0.08341183383482272,0,0.0,-0.22446199347246873,-2.691008975021006,0.0
2017-12-01,-4.278464712040664,0.01846873731695468,0,0.0,-0.07901784088653918,-4.278464712040664,0.0
2018-01-01,-5.8265725016107215,0.003936825007724084,0,0.0,-0.022938196333658564,-5.8265725016107215,0.0
2018-02-01,-7.392477340627041,0.001486194700148462,0,0.0,-0.010986660644607503,-7.392477340627041,0.0
2018-03-01,-9.052129153136224,0.0015980349121311375,0,0.0,-0.014465618415831754,-9.052129153136224,0.0
2018-04-01,-10.590425116095863,0.0028580442036699604,0,0.0,-0.03026790311745855,-10.590425116095863,0.0
2018-05-01,-11.460511687036915,0.0041160675039325295,0,0.0,-0.04717223973345162,-11.460511687036915,0.0
2018-06-01,-11.137358567544902,0.00349669602563791,0,0.0,-0.038943957439238584,-11.137358567544902,0.0
2018-07-01,-9.58633366200894,0.0017932360472808614,0,0.0,-0.017190559083976376,-9.58633366200894,0.0
2018-08-01,-7.404190063840666,0.0009130364006313466,0,0.0,-0.006760295045479462,-7.404190063840666,0.0
2018-09-01,-5.4586461640528,0.000795364513272719,0,0.0,-0.00434161344939985,-5.4586461640528,0.0
2018-10-01,-4.316890692275938,0.000941467480064219,0,0.0,-0.004064212201769709,-4.316890692275938,0.0
2018-11-01,-3.9608516442600497,0.0010492975809574111,0,0.0,-0.004156112048853255,-3.9608516442600497,0.0
2018-12-01,-4.016535217706396,0.0010439708028616348,0,0.0,-0.004193145495950978,-4.016535217706396,0.0
2019-01-01,-4.225094559678844,0.0009722190827301685,0,0.0,-0.004107717557259191,-4.225094559678844,0.0
2019-02-01,-4.650263703519605,0.0008596348246636729,0,0.0,-0.003997528623414918,-4.650263703519605,0.0
2019-03-01,-5.4030952578435345,0.0007459806491078405,0,0.0,-0.004030604507637615,-5.4030952578435345,0.0
2019-04-01,-6.203847984811533,0.0006979101387903846,0,0.0,-0.004329728408114265,-6.203847984811533,0.0
2019-05-01,-6.3397875122583685,0.0007544227494649177,0,0.0,-0.0047828799260213085,-6.3397875122583685,0.0
2019-06-01,-5.223668600382359,0.0011522396644659046,0,0.0,-0.00601891815538565,-5.223668600382359,0.0
2019-07-01,-3.10697999905607,0.0029907562555723886,0,0.0,-0.009292219868115235,-3.10697999905607,0.0
2019-08-01,-1.2008750964868073,0.007220753370183407,0,0.0,-0.008671222900126438,-1.2008750964868073,0.0
2019-09-01,-0.8832008761175556,0.009265424209657733,0,0.0,-0.00818323077957052,-0.8832008761175556,0.0
2019-10-01,-2.514970097044505,0.007594061368336722,0,0.0,-0.01909883725648773,-2.514970097044505,0.0
2019-11-01,-4.88327236105743,0.009501643870758155,0,0.0,-0.046399114898684035,-4.88327236105743,0.0
2019-12-01,-5.896206922756786,0.029477072896968427,0,0.0,-0.17380292127771166,-5.896206922756786,0.0
2020-01-01,-4.1249359360283115,0.14609220541292467,0,0.0,-0.6026209880814027,-4.1249359360283115,0.0
2020-02-01,0.007149873292011319,0.6538780798244069,1,1.0,0.004675145419168173,0.007149873292011319,0.007149873292011319
2020-03-01,4.403507670582171,0.9952888172995105,1,1.0,4.382761941423052,4.403507670582171,4.403507670582171
2020-04-01,6.7754406130041325,0.9999945333040592,1,1.0,6.775403573730436,6.7754406130041325,6.7754406130041325
2020-05-01,6.271984100456199,0.9999959375903852,1,1.0,6.271958621087685,6.271984100456199,6.271984100456199
2020-06-01,3.9577909279548456,0.9998451159087215,1,1.0,3.9571779291034987,3.9577909279548456,3.9577909279548456
2020-07-01,1.7852936379150177,0.995588687875159,1,1.0,1.7774181504436817,1.7852936379150177,1.7852936379150177
2020-08-01,0.9549308303073614,0.9741587169284219,1,1.0,0.9302541924076118,0.9549308303073614,0.9549308303073614
2020-09-01,1.0396652389757817,0.9136335469380866,1,1.0,0.9498730399136769,1.0396652389757817,1.0396652389757817
2020-10-01,0.5617799985677796,0.7247801712634805,1,1.0,0.40716700357435315,0.5617799985677796,0.5617799985677796
2020-11-01,-1.541178044500556,0.31149236454035006,0,0.0,-0.4800651932591511,-1.541178044500556,0.0
2020-12-01,-4.855995095111389,0.061769661279853415,0,0.0,-0.29995317220166007,-4.855995095111389,0.0
2021-01-01,-7.737324984186482,0.012398874445027108,0,0.0,-0.09593412101929955,-7.737324984186482,0.0
2021-02-01,-8.610426118954656,0.0033098364700024116,0,0.0,-0.028499102390777444,-8.610426118954656,0.0
2021-03-01,-7.205559359507396,0.0012412417875294693,0,0.0,-0.008943841379544659,-7.205559359507396,0.0
2021-04-01,-4.711039607252745,0.0011387715968904186,0,0.0,-0.005364798096565219,-4.711039607252745,0.0
2021-05-01,-2.7880010638236556,0.0019018612263962324,0,0.0,-0.005302391122437658,-2.7880010638236556,0.0
2021-06-01,-2.324139043021875,0.0023757399645305457,0,0.0,-0.005521550007632846,-2.324139043021875,0.0
2021-07-01,-2.9338948118224435,0.00206769265674983,0,0.0,-0.0060663927580816915,-2.9338948118224435,0.0
2021-08-01,-3.5030262467333455,0.0019427990965282132,0,0.0,-0.006805676227268161,-3.5030262467333455,0.0
2021-09-01,-3.203821655214573,0.0028687835319255017,0,0.0,-0.009191070803705868,-3.203821655214573,0.0
2021-10-01,-2.1151277460521505,0.005870004113230903,0,0.0,-0.012415808569334932,-2.1151277460521505,0.0
2021-11-01,-1.0323381128434255,0.010515213111653446,0,0.0,-0.010855255259830762,-1.0323381128434255,0.0
2021-12-01,-0.7612800602340764,0.012562609510777374,0,0.0,-0.00956366412506178,-0.7612800602340764,0.0
2022-01-01,-1.5277328814031932,0.010360854647146471,0,0.0,-0.01582861832388474,-1.5277328814031932,0.0
2022-02-01,-2.895140815268446,0.00831652189437639,0,0.0,-0.024077501977482742,-2.895140815268446,0.0
2022-03-01,-4.095016577390548,0.011847084697887637,0,0.0,-0.048514008231599764,-4.095016577390548,0.0
2022-04-01,-4.412555099976864,0.034225524672970464,0,0.0,-0.15102201344509983,-4.412555099976864,0.0
2022-05-01,-3.3950126190770535,0.14043966616340442,0,0.0,-0.4767944388437267,-3.3950126190770535,0.0
2022-06-01,-0.920017007955129,0.5177070658431554,1,1.0,-0.4762993057142488,-0.920017007955129,-0.920017007955129
2022-07-01,2.750899461238601,0.9664104468723761,1,1.0,2.658497977636575,2.750899461238601,2.750899461238601
2022-08-01,6.95279258555389,0.99997888820702,1,1.0,6.9526457996361914,6.95279258555389,6.95279258555389
2022-09-01,10.782825518428044,0.9999999960716136,1,1.0,10.78282547606894,10.782825518428044,10.782825518428044
2022-10-01,13.491986154466936,0.9999999999769947,1,1.0,13.49198615415655,13.491986154466936,13.491986154466936
2022-11-01,14.870110979871749,0.9999999999987306,1,1.0,14.870110979852871,14.870110979871749,14.870110979871749
2022-12-01,15.274853880900704,0.9999999999994776,1,1.0,15.274853880892724,15.274853880900704,15.274853880900704
2023-01-01,15.203847208274507,0.9999999999993888,1,1.0,15.203847208265215,15.203847208274507,15.203847208274507
2023-02-01,14.745051024234343,0.9999999999983357,1,1.0,14.745051024209802,14.745051024234343,14.745051024234343
2023-03-01,13.430294039608315,0.9999999999739271,1,1.0,13.430294039258149,13.430294039608315,13.430294039608315
2023-04-01,10.706974494706124,0.9999999954846678,1,1.0,10.706974446360578,10.706974494706124,10.706974494706124
2023-05-01,6.6597778603980275,0.9999620193741939,1,1.0,6.65952491786716,6.6597778603980275,6.6597778603980275
2023-06-01,2.3017950951310886,0.9587750750328735,1,1.0,2.2069037650446095,2.3017950951310886,2.3017950951310886
2023-07-01,-0.9390772209792453,0.5947343393439707,1,1.0,-0.5585014706120635,-0.9390772209792453,-0.9390772209792453
2023-08-01,-2.2060323713818955,0.29295522210037084,0,0.0,-0.6462687033187909,-2.2060323713818955,0.0
2023-09-01,-1.862979867992559,0.1613850935899132,0,0.0,-0.3006571803521033,-1.862979867992559,0.0
2023-10-01,-1.2221118092718488,0.09451919458682306,0,0.0,-0.11551302390742027,-1.2221118092718488,0.0
2023-11-01,-1.5313527043095596,0.04533913998783805,0,0.0,-0.06943021463144548,-1.5313527043095596,0.0
2023-12-01,-3.045869175299459,0.013848836186372435,0,0.0,-0.042181743253843516,-3.045869175299459,0.0
2024-01-01,-4.9395561333390905,0.00339551043520311,0,0.0,-0.016772314396024408,-4.9395561333390905,0.0
2024-02-01,-6.081351043859885,0.0014182785389153735,0,0.0,-0.00862504967311708,-6.081351043859885,0.0
2024-03-01,-5.960147049836208,0.001896708449098004,0,0.0,-0.011304661267290878,-5.960147049836208,0.0
2024-04-01,-4.956194012810668,0.00665909076640219,0,0.0,-0.03300374578720534,-4.956194012810668,0.0
2024-05-01,-3.790794346400533,0.031083308240413065,0,0.0,-0.11783042914518295,-3.790794346400533,0.0
2024-06-01,-2.7444704231646764,0.12782824403276094,0,0.0,-0.35082083499298894,-2.7444704231646764,0.0
2024-07-01,-1.4158015549479264,0.4008277233897033,0,0.0,-0.5674925140413792,-1.4158015549479264,0.0
2024-08-01,0.7558984970075122,0.8256620088338922,1,1.0,0.6241166715137424,0.7558984970075122,0.7558984970075122
2024-09-01,3.7311164691962038,0.9951445105489031,1,1.0,3.7130000725392076,3.7311164691962038,3.7311164691962038
2024-10-01,6.640845029326649,0.9999933324889255,1,1.0,6.6408007514188725,6.640845029326649,6.640845029326649
2024-11-01,8.359882684003965,0.9999997953905558,1,1.0,8.359880973493016,8.359882684003965,8.359882684003965
2024-12-01,8.395227408812369,0.9999998064551444,1,1.0,8.395225783959292,8.395227408812369,8.395227408812369
2025-01-01,7.291969184954708,0.9999990318799858,1,1.0,7.291962125453398,7.291969184954708,7.291969184954708
2025-02-01,6.187019586224099,0.9999957126567955,1,1.0,6.18699306034772,6.187019586224099,6.187019586224099
2025-03-01,5.904018565573511,0.9999938480057207,1,1.0,5.90398224408507,5.904018565573511,5.904018565573511
2025-04-01,6.374160060004074,0.999996636940812,1,1.0,6.374138623326519,6.374160060004074,6.374160060004074
2025-05-01,6.841597544704148,0.9999981973959429,1,1.0,6.841585212012657,6.841597544704148,6.841597544704148
2025-06-01,6.595488948469005,0.9999974853988122,1,1.0,6.595472363444661,6.595488948469005,6.595488948469005
2025-07-01,5.537304326854906,0.9999901067083835,1,1.0,5.5372495446884304,5.537304326854906,5.537304326854906
2025-08-01,4.1204424452879636,0.9999422817032314,1,1.0,4.120204620368089,4.1204424452879636,4.1204424452879636
2025-09-01,2.830077603644149,0.9995602907941508,1,1.0,2.828833192468559,2.830077603644149,2.830077603644149
2025-10-01,1.7796385327212256,0.9961429679320022,1,1.0,1.7727744098310754,1.7796385327212256,1.7796385327212256
2025-11-01,0.8082838301192163,0.978884462422982,1,1.0,0.791216482531438,0.8082838301192163,0.8082838301192163
2025-12-01,-0.10360862750776467,0.9360663835997964,1,1.0,-0.09698455326093167,-0.10360862750776467,-0.10360862750776467
2026-01-01,-0.6354445465176328,0.8799018729214677,1,1.0,-0.5591288466185979,-0.6354445465176328,-0.6354445465176328
2026-02-01,-0.4487028338966498,0.8281505193044663,1,1.0,-0.3715934849048962,-0.4487028338966498,-0.4487028338966498
2026-03-01,0.24979207259811786,0.7727940214730613,1,1.0,0.1930378203151904,0.24979207259811786,0.24979207259811786
2026-04-01,0.5254090045805904,0.670721162022547,1,1.0,0.35240293808940326,0.5254090045805904,0.5254090045805904
2026-05-01,-0.7470156563208874,0.4473287761159623,0,0.0,-0.33416159928148487,-0.7470156563208874,0.0
2026-06-01,-3.9669805777490934,0.23931748572309985,0,0.0,-0.949367817779283,-3.9669805777490934,0.0
2026-07-01,-8.290816530081955,0.19675217998571826,0,0.0,-1.6312362261552529,-8.290816530081955,0.0
2026-08-01,-12.036556263896065,0.22410754503855823,0,0.0,-2.6974830750202274,-12.036556263896065,0.0
