fecha,desviacion,r_forward,prob_regimen_1,prob_regimen_2,regimen_mas_probable
2009-12-01,-0.0534340278728207,-4.8574492938564084,0.979777156023483,0.02022284397651723,0
2010-01-01,-0.06927785258551467,-6.045205741519677,0.9917058930031184,0.008294106996881807,0
2010-02-01,-0.08368303050131587,-3.61806678297496,0.9968388765067598,0.0031611234932401467,0
2010-03-01,-0.10374584136445897,-1.4338669322883746,0.997939786589899,0.00206021341010081,0
2010-04-01,-0.08723844457263485,-6.813703095359003,0.9961427774580828,0.003857222541917206,0
2010-05-01,-0.06249874443309178,-9.684071906535419,0.9937026875376747,0.006297312462325252,0
2010-06-01,-0.08982934243666563,-7.749777188323925,0.9952899422086035,0.004710057791396327,0
2010-07-01,-0.11528428589653039,-6.20756238877016,0.9973748172227266,0.002625182777273174,0
2010-08-01,-0.14151002917231725,-1.9763887208833708,0.998900669282511,0.0010993307174888807,0
2010-09-01,-0.14738573402267185,1.5139963225896835,0.9992382759861455,0.0007617240138544388,0
2010-10-01,-0.1433030421143746,5.329365308990575,0.9990691678153759,0.0009308321846239186,0
2010-11-01,-0.1117484627005858,2.98668401464921,0.9992087576539677,0.0007912423460322435,0
2010-12-01,-0.07905475933961714,0.5716253750946976,0.9992662577776577,0.0007337422223421637,0
2011-01-01,-0.10493544881062444,-0.7415724786858036,0.9991855306229768,0.0008144693770230022,0
2011-02-01,-0.09376106023571218,-5.437255625778015,0.9986487106710465,0.0013512893289532033,0
2011-03-01,-0.09099050960691724,-6.333179011038315,0.9984713696312545,0.0015286303687453361,0
2011-04-01,-0.12574477020076102,-1.9857893560319084,0.9991306777784782,0.0008693222215217908,0
2011-05-01,-0.12599165668661172,-0.402469500660807,0.9993278976418641,0.0006721023581359603,0
2011-06-01,-0.12976335046720866,0.5250630169276072,0.9993747168668139,0.0006252831331862222,0
2011-07-01,-0.13600543808277976,1.2538305304896191,0.9993729514235447,0.0006270485764554992,0
2011-08-01,-0.11764008946104187,1.1118334051775314,0.9993187913295887,0.0006812086704113048,0
2011-09-01,-0.08676379551758906,-1.6817106114056735,0.9991216261106155,0.0008783738893843924,0
2011-10-01,-0.04348197061235215,-5.562197943587854,0.9985113125057693,0.0014886874942305842,0
2011-11-01,-0.03433604586634953,-5.265840539766842,0.9982185488539035,0.0017814511460965171,0
2011-12-01,-0.02452580659887449,-7.564650283245733,0.9976964842738447,0.0023035157261552873,0
2012-01-01,-0.06369211715667511,-4.616371382837237,0.9985736390953976,0.0014263609046022948,0
2012-02-01,-0.09877803188963608,0.4361814601056224,0.9991635877967838,0.0008364122032162504,0
2012-03-01,-0.10435225115487512,2.6490952974620896,0.9992119463032564,0.0007880536967436104,0
2012-04-01,-0.09671794372612741,3.1065135717242676,0.9991449666547774,0.0008550333452226003,0
2012-05-01,-0.08415397658803592,3.001683404120037,0.9989699590137363,0.0010300409862636964,0
2012-06-01,-0.08338574607209726,6.338702832019916,0.9983149701795503,0.0016850298204499517,0
2012-07-01,-0.08676547687834812,6.3908128279118515,0.9980869719782237,0.0019130280217767627,0
2012-08-01,-0.07250646224174773,5.211031809616884,0.9980801847470323,0.0019198152529682762,0
2012-09-01,-0.07139610444443001,6.27599178394167,0.9974671127790304,0.0025328872209699317,0
2012-10-01,-0.06875432720551711,4.376880563767127,0.9965393734079663,0.0034606265920339376,0
2012-11-01,-0.057645220440354805,5.38444845718562,0.9920989428811122,0.007901057118888137,0
2012-12-01,-0.07148957525087063,7.5442090069146595,0.9797729076012974,0.020227092398702854,0
2013-01-01,-0.08240495615705168,10.07648333568456,0.9582105477193235,0.04178945228067679,0
2013-02-01,-0.06964261845613873,12.968892562741097,0.9418057532076639,0.0581942467923363,0
2013-03-01,-0.05649733561468295,10.75597201077132,0.9551674206462845,0.04483257935371591,0
2013-04-01,-0.047773778374464726,5.740005617658639,0.982408798065536,0.017591201934464326,0
2013-05-01,-0.03882431842406309,3.5844719278432358,0.9930167556122004,0.006983244387799865,0
2013-06-01,-0.007487713709537047,-1.2015245332594127,0.9951673018444613,0.004832698155538972,0
2013-07-01,-0.01293771293043644,-2.335631897410906,0.9914913822223914,0.008508617777608939,0
2013-08-01,-0.013128070454297536,-0.20941018768194652,0.9739638825732082,0.0260361174267921,0
2013-09-01,-0.002790424750925169,2.78472373967249,0.8971869905034199,0.10281300949658043,0
2013-10-01,-0.01762985757872393,8.31432605219904,0.6174984319410184,0.38250156805898206,0
2013-11-01,0.004847134282981891,10.226600148941767,0.2503362409923463,0.749663759007654,1
2013-12-01,0.013202360491165521,19.20630166203683,0.0019484811450377676,0.9980515188549626,1
2014-01-01,0.028060034840012626,20.276623097088553,1.4262454742388002e-05,0.999985737545258,1
2014-02-01,0.07219464764864103,17.183483003105415,4.073275814642923e-05,0.9999592672418538,1
2014-03-01,0.0662915302533289,24.69101027459253,2.0950173135640705e-07,0.9999997904982688,1
2014-04-01,0.028561586441955278,25.65453049342672,1.1481757949251824e-07,0.9999998851824208,1
2014-05-01,0.019140125441823308,24.108124915648954,4.371153611990746e-07,0.9999995628846392,1
2014-06-01,0.0059414146836118675,30.59655184364347,1.332592900108131e-09,0.9999999986674073,1
2014-07-01,-0.00812257829526164,38.57379255889164,1.680336283921023e-13,0.9999999999998321,1
2014-08-01,0.01445245777880011,46.19326754773381,3.2887798170789968e-18,1.0000000000000002,1
2014-09-01,0.053540622747604516,44.058844588416065,5.361327225003714e-17,1.0000000000000002,1
2014-10-01,0.08952045195616165,35.76815610694668,2.3420199450102633e-12,0.9999999999976581,1
2014-11-01,0.12665044332150277,34.35671694270921,9.178130027917629e-12,0.9999999999908219,1
2014-12-01,0.21977683289397287,32.5755763002844,3.444277049219547e-11,0.9999999999655574,1
2015-01-01,0.23983059707532206,31.05240543643104,1.57891790317191e-10,0.9999999998421086,1
2015-02-01,0.24596150764900315,32.63935286899553,2.6541536761624333e-11,0.9999999999734589,1
2015-03-01,0.3067269115749891,19.078040238002636,4.160859179090434e-06,0.9999958391408212,1
2015-04-01,0.2709654136773869,17.946660319452867,1.0454327921103464e-05,0.9999895456720792,1
2015-05-01,0.2401304078354265,20.545872421819933,7.69963908672326e-06,0.9999923003609137,1
2015-06-01,0.2853661852224132,15.525437748207782,0.005635537479814914,0.9943644625201854,1
2015-07-01,0.3431593972418048,8.04798922390031,0.2650209629119489,0.7349790370880513,1
2015-08-01,0.43252327759755094,-2.005669690344991,0.7389822678017417,0.2610177321982585,0
2015-09-01,0.4414054966949603,-4.746356295865706,0.8909330980066216,0.10906690199337853,0
2015-10-01,0.38768318778140376,-0.0028520351502692165,0.940726318901419,0.05927368109858117,0
2015-11-01,0.40398375741250536,3.5634934054588285,0.9555293898260877,0.044470610173912496,0
2015-12-01,0.47305990296170464,-7.4974431652954365,0.9631198250739921,0.036880174926008195,0
2016-01-01,0.47169902330819546,-10.596422633413916,0.9598911196557777,0.04010888034422236,0
2016-02-01,0.48765650493219237,-15.279906160914525,0.956151236262267,0.04384876373773308,0
2016-03-01,0.40939013135320046,-6.1459164948953315,0.9831229141830035,0.016877085816996523,0
2016-04-01,0.35818810703429804,-4.082069260876153,0.9935922345909609,0.0064077654090390805,0
2016-05-01,0.34830689816128224,-2.362592606272962,0.9969981380242579,0.0030018619757421886,0
2016-06-01,0.33945912632272535,-1.2020511719517124,0.9979109725812492,0.0020890274187507427,0
2016-07-01,0.32010192783026437,2.5206216732279074,0.9978203234620483,0.002179676537951628,0
2016-08-01,0.3089340992051346,0.6897820944121946,0.9982313309010116,0.0017686690989883276,0
2016-09-01,0.2914528443504114,-0.2458451056716271,0.998472845612377,0.0015271543876229001,0
2016-10-01,0.2860542809347004,0.8283745553863575,0.9984925571482572,0.0015074428517427064,0
2016-11-01,0.3379221700734245,-3.161476274944519,0.998628405330932,0.0013715946690679244,0
2016-12-01,0.2977337946718128,-0.6032362216778608,0.99867730417569,0.001322695824309817,0
2017-01-01,0.2670255953629068,-2.50710042117932,0.99874444502498,0.0012555549750197885,0
2017-02-01,0.23778868346775361,-0.6729828694304274,0.9987517574781571,0.0012482425218428026,0
2017-03-01,0.25083099612959714,-3.2594232956355995,0.9986959399863974,0.0013040600136024938,0
2017-04-01,0.2206168241350266,-3.9528377407241244,0.9985706404493314,0.001429359550668691,0
2017-05-01,0.22825706899231246,-2.136033207675858,0.9983137754220083,0.001686224577992018,0
2017-06-01,0.2313025638617816,-2.305961086499586,0.9971770237503051,0.002822976249695217,0
2017-07-01,0.2489609619639932,-5.109667375167337,0.9932387446624086,0.006761255337591693,0
2017-08-01,0.21955507943583363,-0.4901688564125095,0.9826443132093416,0.01735568679065849,0
2017-09-01,0.19247824166265026,3.922058130405137,0.9462949287334578,0.053705071266542406,0
2017-10-01,0.19675677944102343,4.341934889361276,0.8680097610760783,0.13199023892392178,0
2017-11-01,0.20837543289896843,5.819366651201108,0.7113158663346635,0.28868413366533663,0
2017-12-01,0.1926092223530942,7.306875832420445,0.48879087780573005,0.5112091221942702,1
2018-01-01,0.14251083588889735,9.83980389650343,0.2673689579070179,0.7326310420929822,1
2018-02-01,0.13179996023282214,8.55882878092773,0.157278093858795,0.842721906141205,1
2018-03-01,0.11996262173146377,9.40198895846489,0.0678686774844792,0.932131322515521,1
2018-04-01,0.08399086383808285,13.172567405678404,0.010354511731975135,0.9896454882680248,1
2018-05-01,0.11065544012781725,14.382370140160639,0.001210239245149823,0.9987897607548502,1
2018-06-01,0.11344243352880312,12.073688788481451,0.0010082964084915547,0.9989917035915084,1
2018-07-01,0.10498051544484976,10.557480321465018,0.0013936538943227419,0.9986063461056774,1
2018-08-01,0.12271981821524491,14.218730815086555,0.0006720305697564964,0.9993279694302437,1
2018-09-01,0.14015757258582706,11.381030169342132,0.003630387151710357,0.9963696128482901,1
2018-10-01,0.14864070223282777,10.702841600814494,0.012535895530285153,0.9874641044697154,1
2018-11-01,0.17496118694350127,6.292377404022709,0.03642223855859229,0.9635777614414084,1
2018-12-01,0.1741096237389046,4.836756266674769,0.04897405416218598,0.9510259458378146,1
2019-01-01,0.14937996448873392,4.50949726528016,0.0450596777089529,0.9549403222910476,1
2019-02-01,0.12659434830720517,9.052265019595396,0.019744792733126817,0.980255207266874,1
2019-03-01,0.12341427542326766,21.4461608444525,2.0525002188089652e-05,0.9999794749978125,1
2019-04-01,0.12390954170401969,23.1395724487248,5.485442349830861e-07,0.9999994514557655,1
2019-05-01,0.1608724956365224,15.491506322169535,0.00010079509714764445,0.9998992049028526,1
2019-06-01,0.1383601399670935,12.68805575131342,0.0008213585474164365,0.9991786414525837,1
2019-07-01,0.11258728517649619,13.16688425384509,0.003452487876418577,0.9965475121235816,1
2019-08-01,0.16453440271597763,10.359810642106382,0.022133933633093236,0.977866066366907,1
2019-09-01,0.15216243289083753,9.819754757052834,0.0684748726969239,0.9315251273030764,1
2019-10-01,0.15346559092779355,11.03281691244753,0.16162346598425573,0.8383765340157446,1
2019-11-01,0.13633713746137044,8.023199688294724,0.46619311848074585,0.5338068815192543,1
2019-12-01,0.12332428711585308,2.5739049283824755,0.7932658106052632,0.2067341893947368,0
2020-01-01,0.09794989215703787,5.29729036247204,0.9013602464407784,0.09863975355922187,0
2020-02-01,0.12194715651591359,4.119464158443442,0.9546336769699382,0.04536632303006217,0
2020-03-01,0.24324685011890423,-7.059979447713793,0.9763363270508224,0.02366367294917773,0
2020-04-01,0.2610953921164949,-8.568691561765363,0.9860982353523841,0.013901764647616078,0
2020-05-01,0.22301378788235837,-3.2272429150079773,0.9932283409513467,0.006771659048653428,0
2020-06-01,0.17545167585308974,-0.4484225229356653,0.9940619956617525,0.0059380043382476514,0
2020-07-01,0.1587015908053182,4.583272135868022,0.9893861653311607,0.01061383466883939,0
2020-08-01,0.1885502150450158,2.5615978047387244,0.9803656896682701,0.019634310331729927,0
2020-09-01,0.17648420134123555,1.8839611609863027,0.9546541136661039,0.04534588633389635,0
2020-10-01,0.19404053746455396,-1.5881186461410124,0.8766189226891585,0.12338107731084158,0
2020-11-01,0.15120483129900641,5.727955279314401,0.6006182243868744,0.39938177561312566,0
2020-12-01,0.08869931191634883,13.399715224731779,0.1461057827907715,0.8538942172092285,1
2021-01-01,0.09485129047742369,13.591803859610962,0.0853273832033206,0.9146726167966795,1
2021-02-01,0.11182360758110477,10.190762696045752,0.09508423810332127,0.9049157618966788,1
2021-03-01,0.1256852017368093,5.2412040491404355,0.12539959625883926,0.8746004037411611,1
2021-04-01,0.1328658479074214,3.821276937416407,0.12998828074785368,0.8700117192521466,1
2021-05-01,0.152160916030331,7.312670971093205,0.10171374738815728,0.8982862526118429,1
2021-06-01,0.13504931796697406,6.455238338663882,0.06636279275283458,0.9336372072471658,1
2021-07-01,0.16919363235524543,13.154792895567269,0.009146669623944666,0.9908533303760556,1
2021-08-01,0.17806430203446943,10.768670350109488,0.0029440594587721008,0.9970559405412283,1
2021-09-01,0.15811686898368826,14.85705259620893,0.00024651985645251953,0.9997534801435478,1
2021-10-01,0.1412166181375678,22.210417319017317,1.086736526729118e-06,0.9999989132634736,1
2021-11-01,0.1711809075809292,23.294128621621724,3.525335912372178e-07,0.9999996474664092,1
2021-12-01,0.18191012792077643,18.91802439211041,8.405904482875468e-06,0.9999915940955176,1
2022-01-01,0.18595162174847069,16.45937651833531,3.78149779244409e-05,0.9999621850220761,1
2022-02-01,0.16466841574033886,19.914090620686586,4.649143954014497e-06,0.9999953508560465,1
2022-03-01,0.1271365700029854,22.468515561544855,9.025549608911072e-07,0.9999990974450398,1
2022-04-01,0.11880072068997372,18.0363381719447,0.00010193063455349376,0.9998980693654471,1
2022-05-01,0.17139718522009062,12.189376229706461,0.008501096470629688,0.9914989035293708,1
2022-06-01,0.1444350459140047,6.845427341069232,0.05343765611913452,0.9465623438808659,1
2022-07-01,0.2438025440009195,-7.080611485340782,0.08455894508249029,0.9154410549175102,1
2022-08-01,0.22713217351628323,-6.000569297476055,0.08893034247757571,0.9110696575224247,1
2022-09-01,0.2455514133095189,-10.179950849891917,0.06388938168613152,0.936110618313869,1
2022-10-01,0.298621135897541,-10.96648803872533,0.032656373311690544,0.9673436266883099,1
2022-11-01,0.3350132708841862,-19.87126353831492,0.0007460586473288797,0.9992539413526715,1
2022-12-01,0.29872790549328876,-19.295376175684886,7.531167534058925e-05,0.9999246883246599,1
2023-01-01,0.27502184109331296,-18.592606981736992,7.754350264483893e-05,0.9999224564973557,1
2023-02-01,0.2848545971936751,-20.02587251278012,3.782573617436141e-05,0.9999621742638262,1
2023-03-01,0.2685790110553743,-20.076390183865023,0.00016912245283398937,0.9998308775471665,1
2023-04-01,0.21225652519425076,-16.07846983716037,0.008801644607545156,0.9911983553924552,1
2023-05-01,0.20399580206242085,-15.992453388707517,0.08295028098716141,0.9170497190128387,1
2023-06-01,0.12206894246536848,-4.035198168474352,0.7212331269249891,0.27876687307501097,0
2023-07-01,0.08250454297321141,-0.7972159946504576,0.9181347947481524,0.08186520525184776,0
2023-08-01,0.07755299444073316,-0.1272993484768392,0.9683472878235317,0.03165271217646836,0
2023-09-01,0.0565287535398582,4.3488213040092205,0.979546769981356,0.020453230018644037,0
2023-10-01,0.10428450806089629,0.6382713602960166,0.9806800810163148,0.01931991898368536,0
2023-11-01,0.055910659749896396,8.762027580106313,0.967256761124855,0.032743238875145,0
2023-12-01,0.02981787665331659,10.496204390094022,0.9589559761771551,0.04104402382284487,0
2024-01-01,0.017878239339193414,9.550725677911487,0.9646090550875919,0.03539094491240806,0
2024-02-01,0.018142457011409263,4.877644726140851,0.9779441729328061,0.022055827067193598,0
2024-03-01,0.0062747573526475975,5.932869679896058,0.9802499462037828,0.019750053796217,0
2024-04-01,-0.0051933521676232886,10.128208769137537,0.9763242793237121,0.023675720676287527,0
2024-05-01,-0.007531440226779651,8.286618425478665,0.9806807140412142,0.019319285958785636,0
2024-06-01,0.032799066871325167,1.733382193234334,0.9855674641565149,0.014432535843484922,0
2024-07-01,0.02750693850342678,0.09721623084946174,0.9791432409097172,0.020856759090282628,0
2024-08-01,0.031645561459946236,-0.44705935293496424,0.9452688057601298,0.05473119423986978,0
2024-09-01,0.05655456189481889,-6.425632230173406,0.8044424029898649,0.1955575970101347,0
2024-10-01,0.06888224535214427,-9.15147239048597,0.47708820155285925,0.5229117984471405,1
2024-11-01,0.10133435087656828,-15.221057377410219,0.06906488534740753,0.9309351146525922,1
2024-12-01,0.09164009452596211,-14.546922134100448,0.013457688610882639,0.9865423113891172,1
2025-01-01,0.06940546535457592,-15.123030032638951,0.0033898882207699195,0.9966101117792298,1
2025-02-01,0.02363464355799394,-11.605421158116336,0.003661633548959339,0.9963383664510402,1
2025-03-01,0.02490474196421033,-10.706949082857875,0.003255198630957263,0.9967448013690423,1
2025-04-01,0.057558583949619546,-16.822494853920134,0.00041142364254923914,0.9995885763574502,1
2025-05-01,0.03800540710332179,-12.377316434806751,0.0010220507993934083,0.9989779492006061,1
2025-06-01,0.014629330805329133,-16.122681488523938,0.0002219118057787388,0.999778088194221,1
2025-07-01,-0.0048461791825840095,-21.19849461837351,7.716920262691297e-06,0.9999922830797372,1
2025-08-01,-0.004349167064736648,-25.800335715304,5.199053638801599e-06,0.9999948009463611,1
