fecha,moneda,desviacion_cf_pct,retorno_forward_pct
2006-01-01,COP,-1.4542519962739364,-1.6634277726058855
2006-02-01,COP,-1.1746583887233708,-1.25808664749405
2006-03-01,COP,0.10130954553013716,-2.6463952596160745
2006-04-01,COP,2.5735767042299074,-8.49776052087714
2006-05-01,COP,5.79665393213884,-18.536539079262315
2006-06-01,COP,8.654396873733816,-27.887342259174375
2006-07-01,COP,9.850556707501745,-25.298079427302156
2006-08-01,COP,8.719842097099795,-15.006342986922405
2006-09-01,COP,5.799704410665862,-12.664686493225119
2006-10-01,COP,2.6319863780308594,-16.573244010606025
2006-11-01,COP,0.7804160461591714,-11.268192654071107
2006-12-01,COP,0.7062846233083953,-11.563630142454873
2007-01-01,COP,1.3791191735475383,-12.007527497635007
2007-02-01,COP,1.0229203668509879,-15.627474513221706
2007-03-01,COP,-1.4865330953516054,-17.808722303751967
2007-04-01,COP,-5.640574536097942,-17.803084015178605
2007-05-01,COP,-9.545635194223268,-12.395549665769767
2007-06-01,COP,-11.262155105747972,-10.472217650437265
2007-07-01,COP,-10.20672722275413,-9.157397413511426
2007-08-01,COP,-7.5197783439666654,-10.698340055455091
2007-09-01,COP,-5.141035472107081,-2.2578792392140556
2007-10-01,COP,-4.391329267418886,13.436293373975783
2007-11-01,COP,-5.230122802451209,13.1376854313352
2007-12-01,COP,-6.722113177902278,11.156062135370526
2008-01-01,COP,-8.163669160368869,12.7783551396627
2008-02-01,COP,-9.754155153307408,27.657989585636766
2008-03-01,COP,-12.159018996746873,29.2408037083427
2008-04-01,COP,-15.387684255140355,27.976982894870606
2008-05-01,COP,-18.116187239813343,22.690967613569235
2008-06-01,COP,-18.250309870919786,18.746370296470438
2008-07-01,COP,-14.413347665091486,14.026847403843057
2008-08-01,COP,-7.142292124476493,8.809648816118187
2008-09-01,COP,1.2765644337737192,-4.360196309006081
2008-10-01,COP,8.28811501328867,-18.54624048126059
2008-11-01,COP,12.695746966476337,-16.591848633807693
2008-12-01,COP,15.12498266473723,-10.948808937946097
2009-01-01,COP,17.001189865342937,-12.766124011002145
2009-02-01,COP,18.987623311757183,-25.250324767590104
2009-03-01,COP,20.273638130152875,-25.749498086843925
2009-04-01,COP,19.3344336254552,-20.34600715400101
2009-05-01,COP,15.477934654854009,-11.588809468657768
2009-06-01,COP,9.794239000965954,-8.102134964839358
2009-07-01,COP,4.63469927243092,-8.91742036640446
2009-08-01,COP,2.0150598501851746,-10.242166092690486
2009-09-01,COP,2.2537210902873195,-9.111453080887877
2009-10-01,COP,3.940092307817511,-5.003363737572819
2009-11-01,COP,5.193119069971496,-5.933463608482814
2009-12-01,COP,5.113641617915854,-4.8574492938564084
2010-01-01,COP,4.249256646648691,-6.045205741519677
2010-02-01,COP,3.799684915178292,-3.61806678297496
2010-03-01,COP,4.366119256812484,-1.4338669322883746
2010-04-01,COP,5.3657631457212585,-6.813703095359003
2010-05-01,COP,5.573555492059468,-9.684071906535419
2010-06-01,COP,4.2487199193899094,-7.749777188323925
2010-07-01,COP,1.8376989447151049,-6.20756238877016
2010-08-01,COP,-0.3266514517998753,-1.9763887208833708
2010-09-01,COP,-1.0259544934733245,1.5139963225896835
2010-10-01,COP,-0.005694343723350315,5.329365308990575
2010-11-01,COP,1.9614047962643766,2.98668401464921
2010-12-01,COP,3.7214082112427826,0.5716253750946976
2011-01-01,COP,4.478232198447318,-0.7415724786858036
2011-02-01,COP,4.074954022653099,-5.437255625778015
2011-03-01,COP,2.7814837179910623,-6.333179011038315
2011-04-01,COP,0.9789001779763218,-1.9857893560319084
2011-05-01,COP,-0.913952453880218,-0.402469500660807
2011-06-01,COP,-2.32351639503936,0.5250630169276072
2011-07-01,COP,-2.555575084136208,1.2538305304896191
2011-08-01,COP,-1.1791041459684848,1.1118334051775314
2011-09-01,COP,1.4769161987752688,-1.6817106114056735
2011-10-01,COP,4.216746813019412,-5.562197943587854
2011-11-01,COP,5.537722654013602,-5.265840539766842
2011-12-01,COP,4.566107072367037,-7.564650283245733
2012-01-01,COP,1.6797906850369138,-4.616371382837237
2012-02-01,COP,-1.7040837820744712,0.4361814601056224
2012-03-01,COP,-4.062551709714381,2.6490952974620896
2012-04-01,COP,-4.730499876891969,3.1065135717242676
2012-05-01,COP,-4.183363241568271,3.001683404120037
2012-06-01,COP,-3.486681997575282,6.338702832019916
2012-07-01,COP,-3.4228413718637705,6.3908128279118515
2012-08-01,COP,-4.013125803628522,5.211031809616884
2012-09-01,COP,-4.752348250447557,6.27599178394167
2012-10-01,COP,-5.238164806937287,4.376880563767127
2012-11-01,COP,-5.569095138059343,5.38444845718562
2012-12-01,COP,-6.155530100538156,7.5442090069146595
2013-01-01,COP,-7.16692319833597,10.07648333568456
2013-02-01,COP,-8.189832226864748,12.968892562741097
2013-03-01,COP,-8.477420704941446,10.75597201077132
2013-04-01,COP,-7.611980480413438,5.740005617658639
2013-05-01,COP,-5.989231526074623,3.5844719278432358
2013-06-01,COP,-4.648272378559387,-1.2015245332594127
2013-07-01,COP,-4.525168634158816,-2.335631897410906
2013-08-01,COP,-5.719846119330263,-0.20941018768194652
2013-09-01,COP,-7.385238074756212,2.78472373967249
2013-10-01,COP,-8.349968881100834,8.31432605219904
2013-11-01,COP,-7.99170369952939,10.226600148941767
2013-12-01,COP,-6.686261936150467,19.20630166203683
2014-01-01,COP,-5.5160981333850225,20.276623097088553
2014-02-01,COP,-5.511915628575531,17.183483003105415
2014-03-01,COP,-7.02527046313211,24.69101027459253
2014-04-01,COP,-9.644275878130298,25.65453049342672
2014-05-01,COP,-12.574949840945132,24.108124915648954
2014-06-01,COP,-15.06779117530801,30.59655184364347
2014-07-01,COP,-16.555071368538805,38.57379255889164
2014-08-01,COP,-16.547873491447934,46.19326754773381
2014-09-01,COP,-14.61860937834133,44.058844588416065
2014-10-01,COP,-10.678670941889818,35.76815610694668
2014-11-01,COP,-5.363633251729405,34.35671694270921
2014-12-01,COP,-0.0716441765729714,32.5755763002844
2015-01-01,COP,3.6165001046723546,31.05240543643104
2015-02-01,COP,4.874605804024062,32.63935286899553
2015-03-01,COP,4.248193115173127,19.078040238002636
2015-04-01,COP,3.3960817159537307,17.946660319452867
2015-05-01,COP,4.0359024422532945,20.545872421819933
2015-06-01,COP,6.8226175785656205,15.525437748207782
2015-07-01,COP,10.991272518289577,8.04798922390031
2015-08-01,COP,15.020923252693228,-2.005669690344991
2015-09-01,COP,17.773892371492813,-4.746356295865706
2015-10-01,COP,19.198362297699713,-0.0028520351502692165
2015-11-01,COP,20.06741377474045,3.5634934054588285
2015-12-01,COP,21.045261314578916,-7.4974431652954365
2016-01-01,COP,21.930501527433037,-10.596422633413916
2016-02-01,COP,21.753135349805895,-15.279906160914525
2016-03-01,COP,19.65020136600733,-6.1459164948953315
2016-04-01,COP,15.76270366169238,-4.082069260876153
2016-05-01,COP,11.36740815876708,-2.362592606272962
2016-06-01,COP,8.097715361897514,-1.2020511719517124
2016-07-01,COP,6.86303568284266,2.5206216732279074
2016-08-01,COP,7.307962775791918,0.6897820944121946
2016-09-01,COP,8.188561290005776,-0.2458451056716271
2016-10-01,COP,8.304674947382978,0.8283745553863575
2016-11-01,COP,7.24046242170586,-3.161476274944519
2016-12-01,COP,5.415041926467576,-0.6032362216778608
2017-01-01,COP,3.556350936944086,-2.50710042117932
2017-02-01,COP,2.1329714248588787,-0.6729828694304274
2017-03-01,COP,1.1860651135000455,-3.2594232956355995
2017-04-01,COP,0.5586385722248843,-3.9528377407241244
2017-05-01,COP,0.1726816550907312,-2.136033207675858
2017-06-01,COP,0.05471973714732126,-2.305961086499586
2017-07-01,COP,0.14446055021730964,-5.109667375167337
2017-08-01,COP,0.1670283977966036,-0.4901688564125095
2017-09-01,COP,-0.23802944640579915,3.922058130405137
2017-10-01,COP,-1.2410577734808,4.341934889361276
2017-11-01,COP,-2.691008975021006,5.819366651201108
2017-12-01,COP,-4.278464712040664,7.306875832420445
2018-01-01,COP,-5.8265725016107215,9.83980389650343
2018-02-01,COP,-7.392477340627041,8.55882878092773
2018-03-01,COP,-9.052129153136224,9.40198895846489
2018-04-01,COP,-10.590425116095863,13.172567405678404
2018-05-01,COP,-11.460511687036915,14.382370140160639
2018-06-01,COP,-11.137358567544902,12.073688788481451
2018-07-01,COP,-9.58633366200894,10.557480321465018
2018-08-01,COP,-7.404190063840666,14.218730815086555
2018-09-01,COP,-5.4586461640528,11.381030169342132
2018-10-01,COP,-4.316890692275938,10.702841600814494
2018-11-01,COP,-3.9608516442600497,6.292377404022709
2018-12-01,COP,-4.016535217706396,4.836756266674769
2019-01-01,COP,-4.225094559678844,4.50949726528016
2019-02-01,COP,-4.650263703519605,9.052265019595396
2019-03-01,COP,-5.4030952578435345,21.4461608444525
2019-04-01,COP,-6.203847984811533,23.1395724487248
2019-05-01,COP,-6.3397875122583685,15.491506322169535
2019-06-01,COP,-5.223668600382359,12.68805575131342
2019-07-01,COP,-3.10697999905607,13.16688425384509
2019-08-01,COP,-1.2008750964868073,10.359810642106382
2019-09-01,COP,-0.8832008761175556,9.819754757052834
2019-10-01,COP,-2.514970097044505,11.03281691244753
2019-11-01,COP,-4.88327236105743,8.023199688294724
2019-12-01,COP,-5.896206922756786,2.5739049283824755
2020-01-01,COP,-4.1249359360283115,5.29729036247204
2020-02-01,COP,0.007149873292011319,4.119464158443442
2020-03-01,COP,4.403507670582171,-7.059979447713793
2020-04-01,COP,6.7754406130041325,-8.568691561765363
2020-05-01,COP,6.271984100456199,-3.2272429150079773
2020-06-01,COP,3.9577909279548456,-0.4484225229356653
2020-07-01,COP,1.7852936379150177,4.583272135868022
2020-08-01,COP,0.9549308303073614,2.5615978047387244
2020-09-01,COP,1.0396652389757817,1.8839611609863027
2020-10-01,COP,0.5617799985677796,-1.5881186461410124
2020-11-01,COP,-1.541178044500556,5.727955279314401
2020-12-01,COP,-4.855995095111389,13.399715224731779
2021-01-01,COP,-7.737324984186482,13.591803859610962
2021-02-01,COP,-8.610426118954656,10.190762696045752
2021-03-01,COP,-7.205559359507396,5.2412040491404355
2021-04-01,COP,-4.711039607252745,3.821276937416407
2021-05-01,COP,-2.7880010638236556,7.312670971093205
2021-06-01,COP,-2.324139043021875,6.455238338663882
2021-07-01,COP,-2.9338948118224435,13.154792895567269
2021-08-01,COP,-3.5030262467333455,10.768670350109488
2021-09-01,COP,-3.203821655214573,14.85705259620893
2021-10-01,COP,-2.1151277460521505,22.210417319017317
2021-11-01,COP,-1.0323381128434255,23.294128621621724
2021-12-01,COP,-0.7612800602340764,18.91802439211041
2022-01-01,COP,-1.5277328814031932,16.45937651833531
2022-02-01,COP,-2.895140815268446,19.914090620686586
2022-03-01,COP,-4.095016577390548,22.468515561544855
2022-04-01,COP,-4.412555099976864,18.0363381719447
2022-05-01,COP,-3.3950126190770535,12.189376229706461
2022-06-01,COP,-0.920017007955129,6.845427341069232
2022-07-01,COP,2.750899461238601,-7.080611485340782
2022-08-01,COP,6.95279258555389,-6.000569297476055
2022-09-01,COP,10.782825518428044,-10.179950849891917
2022-10-01,COP,13.491986154466936,-10.96648803872533
2022-11-01,COP,14.870110979871749,-19.87126353831492
2022-12-01,COP,15.274853880900704,-19.295376175684886
2023-01-01,COP,15.203847208274507,-18.592606981736992
2023-02-01,COP,14.745051024234343,-20.02587251278012
2023-03-01,COP,13.430294039608315,-20.076390183865023
2023-04-01,COP,10.706974494706124,-16.07846983716037
2023-05-01,COP,6.6597778603980275,-15.992453388707517
2023-06-01,COP,2.3017950951310886,-4.035198168474352
2023-07-01,COP,-0.9390772209792453,-0.7972159946504576
2023-08-01,COP,-2.2060323713818955,-0.1272993484768392
2023-09-01,COP,-1.862979867992559,4.3488213040092205
2023-10-01,COP,-1.2221118092718488,0.6382713602960166
2023-11-01,COP,-1.5313527043095596,8.762027580106313
2023-12-01,COP,-3.045869175299459,10.496204390094022
2024-01-01,COP,-4.9395561333390905,9.550725677911487
2024-02-01,COP,-6.081351043859885,4.877644726140851
2024-03-01,COP,-5.960147049836208,5.932869679896058
2024-04-01,COP,-4.956194012810668,10.128208769137537
2024-05-01,COP,-3.790794346400533,8.286618425478665
2024-06-01,COP,-2.7444704231646764,1.733382193234334
2024-07-01,COP,-1.4158015549479264,0.09721623084946174
2024-08-01,COP,0.7558984970075122,-0.44705935293496424
2024-09-01,COP,3.7311164691962038,-6.425632230173406
2024-10-01,COP,6.640845029326649,-9.15147239048597
2024-11-01,COP,8.359882684003965,-15.221057377410219
2024-12-01,COP,8.395227408812369,-14.546922134100448
2025-01-01,COP,7.291969184954708,-15.123030032638951
2025-02-01,COP,6.187019586224099,-11.605421158116336
2025-03-01,COP,5.904018565573511,-10.706949082857875
2025-04-01,COP,6.374160060004074,-16.822494853920134
2025-05-01,COP,6.841597544704148,-12.377316434806751
2025-06-01,COP,6.595488948469005,-16.122681488523938
2025-07-01,COP,5.537304326854906,-21.19849461837351
2025-08-01,COP,4.1204424452879636,-25.800335715304
2006-01-01,BRL,2.582804764101465,-6.0971062626936305
2006-02-01,BRL,1.1035209689429892,-2.86372246481591
2006-03-01,BRL,0.20356853900910798,-3.093505395853924
2006-04-01,BRL,0.34828599413950223,-4.728840158096981
2006-05-01,BRL,1.3919536357887952,-9.130714693750585
2006-06-01,BRL,2.67692238550995,-15.172888670083784
2006-07-01,BRL,3.4640868652783596,-15.061968768685208
2006-08-01,BRL,3.412924471290629,-9.465308131635975
2006-09-01,BRL,2.7863357565489855,-13.061392530151828
2006-10-01,BRL,2.229973545230468,-17.621626415360147
2006-11-01,BRL,2.26570614480619,-19.91008108585337
2006-12-01,BRL,2.8549583584249945,-18.611004397943464
2007-01-01,BRL,3.367354986449475,-18.70428717548428
2007-02-01,BRL,3.01694404299318,-19.11445392600242
2007-03-01,BRL,1.4730132336653878,-19.992394742123466
2007-04-01,BRL,-0.8203128039000779,-18.582601641341125
2007-05-01,BRL,-2.905624163425874,-17.850003817128446
2007-06-01,BRL,-4.009059410353072,-17.724944685721294
2007-07-01,BRL,-4.150980594933018,-16.825441296351194
2007-08-01,BRL,-4.1571494062451535,-19.585360382803767
2007-09-01,BRL,-4.998568429978767,-5.826030927495696
2007-10-01,BRL,-6.949036963957339,18.93460514124271
2007-11-01,BRL,-9.265369954388643,24.925878261656244
2007-12-01,BRL,-10.732461816152162,29.630822911743916
2008-01-01,BRL,-10.708416925663093,26.62958538308753
2008-02-01,BRL,-9.817675254893537,29.283952112592072
2008-03-01,BRL,-9.620085275633162,30.302450756669774
2008-04-01,BRL,-11.362149387461626,26.699961217382885
2008-05-01,BRL,-14.707521773259046,21.952151853539114
2008-06-01,BRL,-17.48880533124938,19.023405475556448
2008-07-01,BRL,-16.83797148434586,19.470709726630066
2008-08-01,BRL,-11.020601304769405,13.45643507731778
2008-09-01,BRL,-0.7152896557564153,1.3834612223084575
2008-10-01,BRL,11.178912848478136,-22.429946915403974
2008-11-01,BRL,21.094626687428924,-27.15259425525336
2008-12-01,BRL,26.654039001842538,-31.4416173663593
2009-01-01,BRL,27.62727180111007,-26.194765162787427
2009-02-01,BRL,25.501978430149496,-23.15056420202264
2009-03-01,BRL,22.17250717460625,-25.968881205700413
2009-04-01,BRL,18.776571676382638,-22.46253114120268
2009-05-01,BRL,15.41824473624118,-13.060624524999653
2009-06-01,BRL,11.737570007154485,-8.124704737254639
2009-07-01,BRL,7.6747855356903845,-8.8748813945964
2009-08-01,BRL,3.770442403010103,-4.786306170094234
2009-09-01,BRL,0.8445495271412264,-5.760963807530173
2009-10-01,BRL,-0.5744838677383888,-3.2273285798618656
2009-11-01,BRL,-0.5702268673613189,-0.8812336599515747
2009-12-01,BRL,0.2966587057061196,-3.378085983529777
2010-01-01,BRL,1.384790108667619,-6.136692067840377
2010-02-01,BRL,2.282206683899679,-9.95476045229491
2010-03-01,BRL,2.8456558147250925,-7.449580200744343
2010-04-01,BRL,3.053255058543895,-10.495613751083766
2010-05-01,BRL,2.8743755066062167,-11.722468004437381
2010-06-01,BRL,2.267283852574313,-12.957905300245114
2010-07-01,BRL,1.2531792538924156,-12.447478878140327
2010-08-01,BRL,-0.043892049453872484,-9.725338308712288
2010-09-01,BRL,-1.432130270185339,1.8587746288770024
2010-10-01,BRL,-2.717942294290775,5.11547228404784
2010-11-01,BRL,-3.7589202566695192,4.151677302842305
2010-12-01,BRL,-4.517360575284397,8.190008082742262
2011-01-01,BRL,-5.133877843483475,6.552232846549533
2011-02-01,BRL,-5.958530865574605,2.8958354343634696
2011-03-01,BRL,-7.412379142493111,7.96109282230354
2011-04-01,BRL,-9.643827636583593,15.670671318437767
2011-05-01,BRL,-12.176437366148301,20.562517671581094
2011-06-01,BRL,-13.902383634886931,25.614758524812846
2011-07-01,BRL,-13.627186467067903,26.07961190585082
2011-08-01,BRL,-10.93436775363543,23.967017307731957
2011-09-01,BRL,-6.748028451511375,14.672036285791313
2011-10-01,BRL,-3.0271398050517964,13.542295666348615
2011-11-01,BRL,-1.6083472733794457,14.602145279759071
2011-12-01,BRL,-2.927650969571739,12.189219700796183
2012-01-01,BRL,-5.591230289355344,12.631428572149716
2012-02-01,BRL,-7.2364685636731405,13.962919286824615
2012-03-01,BRL,-6.157254948636105,10.088980087990496
2012-04-01,BRL,-2.518437533569533,7.707121702232278
2012-05-01,BRL,1.7743359961784797,2.879892258324268
2012-06-01,BRL,4.4752380328374874,5.864452899463723
2012-07-01,BRL,4.598114464165392,10.483746175100572
2012-08-01,BRL,2.977065742955655,14.3951483240628
2012-09-01,BRL,1.3812996832470499,11.355775739829033
2012-10-01,BRL,0.9519050145093757,7.545379394734275
2012-11-01,BRL,1.278606587869488,10.536384478575489
2012-12-01,BRL,0.890579835223218,12.214606679967254
2013-01-01,BRL,-1.265495512946716,15.961089566122489
2013-02-01,BRL,-4.643619943807338,18.911438505129
2013-03-01,BRL,-7.2767175698878095,15.868580991025926
2013-04-01,BRL,-7.245482964637231,10.988525828948347
2013-05-01,BRL,-4.260460754501852,8.550203047148353
2013-06-01,BRL,-0.03450535255579562,2.8747161510097374
2013-07-01,BRL,2.915862989642587,-1.2297112623143258
2013-08-01,BRL,3.1161299135789617,-3.2182087393564096
2013-09-01,BRL,1.1580078492930794,2.7096104591960213
2013-10-01,BRL,-0.9101768745071972,11.210142657417476
2013-11-01,BRL,-1.3170353016583216,10.388430909133195
2013-12-01,BRL,-0.013908980882048477,11.85930633204867
2014-01-01,BRL,1.3235266537767827,10.167675281941058
2014-02-01,BRL,0.7039277967683971,16.765178933801018
2014-03-01,BRL,-2.531904862384855,29.96037035279243
2014-04-01,BRL,-7.151616642633337,31.07161019168143
2014-05-01,BRL,-10.96205492505397,31.97264256571396
2014-06-01,BRL,-12.41549460335544,33.048089064393224
2014-07-01,BRL,-11.577376647963487,37.07999970235252
2014-08-01,BRL,-9.741806398376987,43.797704144315
2014-09-01,BRL,-8.13731545327129,51.432249792240945
2014-10-01,BRL,-6.890138907788234,45.887736862988646
2014-11-01,BRL,-5.115247447467358,39.44083897645031
2014-12-01,BRL,-1.9788282970074411,38.32355047545571
2015-01-01,BRL,2.277723354145845,42.86294179557121
2015-02-01,BRL,6.3126971021873715,34.16283141584056
2015-03-01,BRL,8.725697147219444,16.52444255123755
2015-04-01,BRL,9.281430025720741,15.665512123476265
2015-05-01,BRL,9.242601219789785,14.656338557168858
2015-06-01,BRL,10.474498822434155,9.568326108732794
2015-07-01,BRL,14.013300743359647,1.614334521977212
2015-08-01,BRL,19.240730792863776,-9.068318996554737
2015-09-01,BRL,24.3079071434809,-18.09211072484267
2015-10-01,BRL,27.434659302284437,-19.508743263272166
2015-11-01,BRL,28.032317344891066,-12.370894385387743
2015-12-01,BRL,26.80529983868045,-14.482404146386664
2016-01-01,BRL,24.870408357953426,-23.548908653755205
2016-02-01,BRL,22.728867581755434,-24.529937600060016
2016-03-01,BRL,19.977969263183436,-16.892516138677195
2016-04-01,BRL,15.952692854198936,-12.820289194892997
2016-05-01,BRL,10.666622348324934,-9.852525917780298
2016-06-01,BRL,5.175567936411659,-3.859716827893389
2016-07-01,BRL,1.001290187848999,-2.142573241426593
2016-08-01,BRL,-0.9348782338525916,-1.847339719674257
2016-09-01,BRL,-0.9994448043918155,-3.822547191446346
2016-10-01,BRL,-0.5946825269097319,0.08843980815391728
2016-11-01,BRL,-1.1624183803537051,-2.405271540305076
2016-12-01,BRL,-3.211611633691706,-1.7751578509482613
2017-01-01,BRL,-6.081349923159488,0.568747399347802
2017-02-01,BRL,-8.551304825381145,4.469719195799526
2017-03-01,BRL,-9.775210785361658,4.785457352969691
2017-04-01,BRL,-9.829412838411484,8.29843823161356
2017-05-01,BRL,-9.53023338820222,12.43284016288644
2017-06-01,BRL,-9.748210359920762,13.557230304679102
2017-07-01,BRL,-10.78235308514382,17.74864691780089
2017-08-01,BRL,-12.238779094147464,22.09040758051277
2017-09-01,BRL,-13.433221915553908,27.31596592279835
2017-10-01,BRL,-13.95283394645144,16.38486057316626
2017-11-01,BRL,-13.93597516597233,14.842361020938345
2017-12-01,BRL,-13.874449478555082,16.525700434240864
2018-01-01,BRL,-14.107705267881126,15.331619121912476
2018-02-01,BRL,-14.407499830130133,13.742161605970594
2018-03-01,BRL,-13.999536268551694,15.738304459479412
2018-04-01,BRL,-12.071415327434359,13.450069211404925
2018-05-01,BRL,-8.45949864427949,9.581655011887724
2018-06-01,BRL,-4.0254814388216325,2.2623544419586583
2018-07-01,BRL,-0.3766856954152069,-1.299369405961004
2018-08-01,BRL,0.9947696942508445,2.2701623107944213
2018-09-01,BRL,-0.3621782677632388,0.08447709668146786
2018-10-01,BRL,-3.513766584265597,8.396234373269884
2018-11-01,BRL,-6.688375652561759,9.424422353675933
2018-12-01,BRL,-8.397811809092122,5.586879201829786
2019-01-01,BRL,-8.355750159780225,10.066537377038088
2019-02-01,BRL,-7.513750130048622,15.460428046988506
2019-03-01,BRL,-7.181697637107078,24.035540294905644
2019-04-01,BRL,-7.923227357780556,30.960138154665586
2019-05-01,BRL,-9.12250703503984,34.26264702976418
2019-06-01,BRL,-9.588218864255788,29.479520482018206
2019-07-01,BRL,-8.68734143030219,33.44400071960312
2019-08-01,BRL,-7.012828640432119,30.641696552673526
2019-09-01,BRL,-5.940055158351362,26.913694280123824
2019-10-01,BRL,-6.372511162980583,31.887630950035106
2019-11-01,BRL,-7.7304546111500425,26.810836256678506
2019-12-01,BRL,-8.120074041111254,22.54414279640631
2020-01-01,BRL,-5.674882587835136,25.512259058310693
2020-02-01,BRL,-0.05510323334808809,21.95257536507409
2020-03-01,BRL,7.108999958839495,14.505168562027615
2020-04-01,BRL,13.228995386651823,4.664921432511715
2020-05-01,BRL,16.454828591739883,-6.265379991097397
2020-06-01,BRL,16.74388170314266,-2.8768464941605565
2020-07-01,BRL,15.535634720453142,-2.3674725251529916
2020-08-01,BRL,14.42505799634675,-3.912154532398926
2020-09-01,BRL,14.004867208515284,-2.23526262344107
2020-10-01,BRL,13.789599780552631,-1.487840833216869
2020-11-01,BRL,13.108528492509716,2.2032061522333057
2020-12-01,BRL,11.997466623077486,9.346841567975206
2021-01-01,BRL,11.196830489648526,3.4091505459556304
2021-02-01,BRL,11.279190562006008,-4.1354680696385815
2021-03-01,BRL,11.817820091219275,-12.639101349546355
2021-04-01,BRL,11.524244681261361,-15.848107448364178
2021-05-01,BRL,9.384165264513863,-6.56137503577181
2021-06-01,BRL,5.820167597458391,0.3249869477007339
2021-07-01,BRL,2.7471894457501924,4.018120896685984
2021-08-01,BRL,2.2715118429090193,-2.08624485898814
2021-09-01,BRL,4.978685547770248,-0.7368247263816352
2021-10-01,BRL,9.21149289062682,-5.3898003064430045
2021-11-01,BRL,12.020102409479167,-5.276890340208973
2021-12-01,BRL,11.144567781458106,-7.510436722891445
2022-01-01,BRL,6.558558070692075,-6.2143551534635355
2022-02-01,BRL,0.44386689570849874,-0.36806449107538164
2022-03-01,BRL,-4.320851650633046,4.62732831458228
2022-04-01,BRL,-5.98575546393678,5.593937698878548
2022-05-01,BRL,-4.779509445703392,0.5748227195152777
2022-06-01,BRL,-2.3498838620762643,-3.9931537293991903
2022-07-01,BRL,-0.42918074086402414,-11.168579553978875
2022-08-01,BRL,0.20885956461950927,-4.773968765653436
2022-09-01,BRL,-0.13341237858270105,-5.848724019926732
2022-10-01,BRL,-0.7084935778760869,-3.570637737189575
2022-11-01,BRL,-1.0367310924704793,-7.233293117550987
2022-12-01,BRL,-1.1731174328135714,-6.84596049288857
2023-01-01,BRL,-1.4973419658318772,-5.7271283705280895
2023-02-01,BRL,-2.355140066750995,-4.1341657478024985
2023-03-01,BRL,-3.8486940313058438,-4.525228089415867
2023-04-01,BRL,-5.817363650879099,2.0770908651422726
2023-05-01,BRL,-7.890962175822777,3.0417476038355096
2023-06-01,BRL,-9.562064824203741,10.449362105329474
2023-07-01,BRL,-10.346357674895813,14.358292022291842
2023-08-01,BRL,-10.060732526305442,12.431867855972477
2023-09-01,BRL,-9.054511274890977,11.514990262502733
2023-10-01,BRL,-8.123658756560609,10.488207467065447
2023-11-01,BRL,-8.024031737603917,16.892389006946274
2023-12-01,BRL,-8.874643250493264,21.990399566859843
2024-01-01,BRL,-9.94746789937507,20.51016436166291
2024-02-01,BRL,-10.110533602296211,14.949485850787747
2024-03-01,BRL,-8.656198405474457,14.473130538436173
2024-04-01,BRL,-5.86697434387104,12.125292974166646
2024-05-01,BRL,-2.8263367839582494,9.810976250384297
2024-06-01,BRL,-0.5909590990494132,2.8406494517105862
2024-07-01,BRL,0.6069677429158187,-0.2449250778407075
2024-08-01,BRL,1.4612448186130778,-1.9218780084157006
2024-09-01,BRL,2.912719036289217,-3.1933695593341582
2024-10-01,BRL,5.27180009413241,-4.334984391497776
2024-11-01,BRL,7.89121605226769,-8.333088762090291
2024-12-01,BRL,9.65661602942035,-11.139290198131647
2025-01-01,BRL,9.8582337723983,-12.036514821449584
2025-02-01,BRL,8.698434077916387,-10.26036672751176
2025-03-01,BRL,7.036955982110185,-9.562533352545511
2025-04-01,BRL,5.651543414948788,-13.939522959317973
2025-05-01,BRL,4.6882914518203185,-12.846296813417712
2025-06-01,BRL,3.7552432869614156,-7.889479936950927
2025-07-01,BRL,2.5012280948261822,-7.794768246754358
2006-01-01,CLP,-1.1768239761354105,3.0432006660125133
2006-02-01,CLP,-1.6487813045391708,3.0241717917713906
2006-03-01,CLP,-1.9218612975086202,1.839348540319552
2006-04-01,CLP,-1.6957959969219782,2.845651488810219
2006-05-01,CLP,-0.9472838412738938,0.30472598679551766
2006-06-01,CLP,0.022734480104036336,-2.97604394475961
2006-07-01,CLP,0.7450359330316125,-3.9553701145975673
2006-08-01,CLP,0.8542224221704142,-2.98511291309449
2006-09-01,CLP,0.3189863784264446,-4.289465279341975
2006-10-01,CLP,-0.5125547051994417,-5.902379189519991
2006-11-01,CLP,-1.1005281060108008,-3.97771996007803
2006-12-01,CLP,-1.0462416393572038,-5.638855426945888
2007-01-01,CLP,-0.3745988302497061,-11.718144890687476
2007-02-01,CLP,0.4332638707192915,-14.855582265551437
2007-03-01,CLP,0.7208393498856047,-19.525327328413855
2007-04-01,CLP,0.09907299158202765,-17.513609441132072
2007-05-01,CLP,-1.2501843609338925,-10.500363613528663
2007-06-01,CLP,-2.6589329894506353,-5.821241438312708
2007-07-01,CLP,-3.4356666179640616,-3.885873243522653
2007-08-01,CLP,-3.399369568798394,-1.237042243318065
2007-09-01,CLP,-3.0816457019471333,3.325540573425645
2007-10-01,CLP,-3.4067392876648173,22.606199998086396
2007-11-01,CLP,-5.047263693364101,24.982666737142
2007-12-01,CLP,-7.917208063416981,26.47051506141036
2008-01-01,CLP,-11.176899814427538,25.707124070614107
2008-02-01,CLP,-13.736384512357114,25.87607274396886
2008-03-01,CLP,-14.860464226294868,29.043628138880884
2008-04-01,CLP,-14.418090612664164,26.596819426924068
2008-05-01,CLP,-12.636648763604294,18.457958500652794
2008-06-01,CLP,-9.651283121292662,10.192807152920835
2008-07-01,CLP,-5.310894052908845,7.774309591069084
2008-08-01,CLP,0.5386742842607997,5.7876346188844074
2008-09-01,CLP,7.525213220035173,2.855347696732924
2008-10-01,CLP,14.475252235231295,-14.027438085094435
2008-11-01,CLP,19.737061735614308,-25.25717586493066
2008-12-01,CLP,21.976247427088264,-25.708300953580565
2009-01-01,CLP,20.92101930285893,-21.39664031473192
2009-02-01,CLP,17.534119764453944,-12.88925648823751
2009-03-01,CLP,13.48562788906255,-12.484247790405156
2009-04-01,CLP,10.279031342241646,-11.386292714516255
2009-05-01,CLP,8.581054302164349,-5.831590542989318
2009-06-01,CLP,8.1081739122147,-2.3664031825447296
2009-07-01,CLP,8.024337416039772,-1.8832457381575018
2009-08-01,CLP,7.517108335884792,-7.447165273663892
2009-09-01,CLP,6.211796650085033,-10.640694127560124
2009-10-01,CLP,4.27911436622389,-11.789945416467429
2009-11-01,CLP,2.290327144268778,-4.636459169222817
2009-12-01,CLP,0.945657315942694,-5.977385857055761
2010-01-01,CLP,0.7749298395749893,-2.3923724912951805
2010-02-01,CLP,1.8858570234812522,-11.37370316716071
2010-03-01,CLP,3.853168924872097,-8.666964914380149
2010-04-01,CLP,5.838440862343708,-10.128155643518433
2010-05-01,CLP,6.93637040706917,-13.09836639156714
2010-06-01,CLP,6.59142851254666,-13.521940163466262
2010-07-01,CLP,4.847989778674055,-13.78903586819451
2010-08-01,CLP,2.284615785515842,-8.4947782596406
2010-09-01,CLP,-0.30946745382690044,-1.4447350503105305
2010-10-01,CLP,-2.2974437393029348,4.947355163671308
2010-11-01,CLP,-3.396790596060595,5.25910828584264
2010-12-01,CLP,-3.6801587873074357,8.761623975652988
2011-01-01,CLP,-3.474874491029828,1.9256882980129397
2011-02-01,CLP,-3.252981185309667,1.2669728280822135
2011-03-01,CLP,-3.494470666263677,1.3059690702611704
2011-04-01,CLP,-4.461747321043374,3.295201731481523
2011-05-01,CLP,-5.938625247150592,6.282851018391611
2011-06-01,CLP,-7.154279861337204,7.168266437428983
2011-07-01,CLP,-7.106612466779572,6.09202302583931
2011-08-01,CLP,-5.222815553327948,3.0098746911352947
2011-09-01,CLP,-1.9351941720983645,-2.6595474747549197
2011-10-01,CLP,1.341150086802928,-6.860169428097773
2011-11-01,CLP,2.980031680858318,-5.794401731742305
2011-12-01,CLP,2.216304705098118,-8.098923131320479
2012-01-01,CLP,-0.2722266245791652,-5.752355690805189
2012-02-01,CLP,-2.7884759477808205,-1.8577862315046545
2012-03-01,CLP,-3.809158044378374,-2.832768116900386
2012-04-01,CLP,-3.070125305783956,-2.836585244862544
2012-05-01,CLP,-1.6971610317695314,-3.467301521081634
2012-06-01,CLP,-1.2685364891885695,-0.25871089412383697
2012-07-01,CLP,-2.5568316071134016,2.860749897094106
2012-08-01,CLP,-4.96466314264026,6.273290984931812
2012-09-01,CLP,-7.094664207594612,6.138556139375773
2012-10-01,CLP,-7.945330528345532,5.325621326253227
2012-11-01,CLP,-7.704554613428713,8.03504176086971
2012-12-01,CLP,-7.472351039394201,10.401902293913157
2013-01-01,CLP,-8.179369439301526,13.221578456694516
2013-02-01,CLP,-9.670079676075444,16.09640199102831
2013-03-01,CLP,-10.775398907958108,17.693204408503416
2013-04-01,CLP,-10.329777159514276,16.26020440476985
2013-05-01,CLP,-8.249221626138203,14.243522888864302
2013-06-01,CLP,-5.714311228640895,9.48275015308857
2013-07-01,CLP,-4.265290503985353,10.161137541145226
2013-08-01,CLP,-4.555767490622154,12.4333861092631
2013-09-01,CLP,-5.814270014325023,16.567282281832885
2013-10-01,CLP,-6.469117136183228,15.97714129234653
2013-11-01,CLP,-5.416033616265853,13.298888501467854
2013-12-01,CLP,-2.8843736286206454,14.628749952590958
2014-01-01,CLP,-0.2181895929684985,14.357714821112122
2014-02-01,CLP,1.1987426714704486,11.632402506459805
2014-03-01,CLP,0.9662700432032323,10.970361946838914
2014-04-01,CLP,-0.15893882395194847,10.07572686536884
2014-05-01,CLP,-0.982939172191194,9.113098425151911
2014-06-01,CLP,-0.8052400687138861,13.288457962891265
2014-07-01,CLP,0.20856519247746674,15.262833959639455
2014-08-01,CLP,1.4158881389787104,17.230214179528502
2014-09-01,CLP,2.377944883884797,15.129579924185776
2014-10-01,CLP,3.1754315537528277,15.087211180008708
2014-11-01,CLP,4.1222180990243995,17.083047946456098
2014-12-01,CLP,5.238585790057451,14.022104807222302
2015-01-01,CLP,6.062148942439177,14.904699219504014
2015-02-01,CLP,6.028048035497621,12.127370946609073
2015-03-01,CLP,5.082585098824374,7.882096172430142
2015-04-01,CLP,3.9400803637786614,8.666980457465723
2015-05-01,CLP,3.6865571261683936,11.708880649846698
2015-06-01,CLP,5.009055010222477,7.305032232135655
2015-07-01,CLP,7.670048394029432,0.848255442147039
2015-08-01,CLP,10.653413314876047,-4.374874130753348
2015-09-01,CLP,12.856374207818272,-3.4562068939028023
2015-10-01,CLP,13.770651158436173,-3.0821245356928983
2015-11-01,CLP,13.642967117615148,-5.545740350461159
2015-12-01,CLP,13.064262503026535,-5.53517855147323
2016-01-01,CLP,12.39891608122649,-8.829288835448335
2016-02-01,CLP,11.54594296894493,-8.893833269100693
2016-03-01,CLP,10.188069236733034,-2.7333843867467067
2016-04-01,CLP,8.249059395417344,-2.157343774549325
2016-05-01,CLP,6.119913240243547,-1.7657763950664318
2016-06-01,CLP,4.443406690675031,-2.2423357701001123
2016-07-01,CLP,3.6414547308141185,0.10406728752192507
2016-08-01,CLP,3.5873105556721976,-2.4418539543349382
2016-09-01,CLP,3.6956955858767584,-6.472372606322274
2016-10-01,CLP,3.3577519413487105,-5.192200643354727
2016-11-01,CLP,2.378578753387227,-4.948348848248241
2016-12-01,CLP,1.0897701828862572,-4.770526587727275
2017-01-01,CLP,0.0725981132907505,-8.68065497175472
2017-02-01,CLP,-0.28290202314754653,-7.602763737833929
2017-03-01,CLP,-0.058381660623155196,-9.146499450750945
2017-04-01,CLP,0.2559124204530694,-8.66812182622203
2017-05-01,CLP,0.0968671444411845,-6.800302666021718
2017-06-01,CLP,-0.8120275496218105,-4.1508092105384975
2017-07-01,CLP,-2.318613083334728,-0.8485342809383845
2017-08-01,CLP,-3.992855763669212,2.2810644843898054
2017-09-01,CLP,-5.446240789620341,8.297915408992829
2017-10-01,CLP,-6.590841098868233,7.503569796568499
2017-11-01,CLP,-7.658281089628871,6.505779856936922
2017-12-01,CLP,-8.965098982146765,7.413602234840333
2018-01-01,CLP,-10.588263945513987,10.872948180083597
2018-02-01,CLP,-12.187472788518525,9.564486874693845
2018-03-01,CLP,-13.123895036005418,10.291835223233115
2018-04-01,CLP,-12.825310628751405,10.482674545275295
2018-05-01,CLP,-11.166494324258089,9.986041551989722
2018-06-01,CLP,-8.60421979948309,8.055565267475284
2018-07-01,CLP,-5.963056361326438,5.1962906244490625
2018-08-01,CLP,-4.007867822600386,8.19281874172395
2018-09-01,CLP,-3.0859154071278816,5.51625441222745
2018-10-01,CLP,-3.061269858233995,6.220663708449958
2018-11-01,CLP,-3.540924495551534,14.055939846319632
2018-12-01,CLP,-4.181334274984899,11.177790535806409
2019-01-01,CLP,-4.8335675700749645,13.676647523857355
2019-02-01,CLP,-5.453215756988874,19.549173685919374
2019-03-01,CLP,-5.918047666099088,22.712433881677185
2019-04-01,CLP,-5.971029058611961,24.438444632976886
2019-05-01,CLP,-5.373358805026594,16.809311957179318
2019-06-01,CLP,-4.132992119592855,14.131166250490779
2019-07-01,CLP,-2.5729620453105397,12.840279757830686
2019-08-01,CLP,-1.1253108337815274,9.47623916792022
2019-09-01,CLP,0.014635295692082273,7.309612642146668
2019-10-01,CLP,1.0823289712566395,8.65830686409641
2019-11-01,CLP,2.5842005076689842,-2.2083990868577708
2019-12-01,CLP,4.86235425701773,-4.66879145078769
2020-01-01,CLP,7.70747457533828,-6.729345303598588
2020-02-01,CLP,10.341843438190521,-9.923420775294378
2020-03-01,CLP,11.829666287398188,-14.610356382483669
2020-04-01,CLP,11.645205270965723,-18.554236044574157
2020-05-01,CLP,9.997846172763799,-13.927710833118567
2020-06-01,CLP,7.682942746117439,-8.8271130158744
2020-07-01,CLP,5.568275324023373,-3.7804724375473775
2020-08-01,CLP,4.078898018595665,-0.5993372215285397
2020-09-01,CLP,3.0243415809144762,1.5542598207462177
2020-10-01,CLP,1.8505544467539756,3.300628292628094
2020-11-01,CLP,0.10123069550927177,6.478085838161007
2020-12-01,CLP,-2.2444897984086567,15.149732843928998
2021-01-01,CLP,-4.7638686553597225,12.458403315736977
2021-02-01,CLP,-6.865037742654691,11.067451524808813
2021-03-01,CLP,-8.113750304369912,9.49308914532283
2021-04-01,CLP,-8.388573686576873,14.584770567868865
2021-05-01,CLP,-7.805330554721487,17.313423776099857
2021-06-01,CLP,-6.532895507642775,17.424920572846148
2021-07-01,CLP,-4.684479944055112,23.51651026856496
2021-08-01,CLP,-2.3772792693530747,14.455764295125118
2021-09-01,CLP,0.10980547958829301,16.325482870869656
2021-10-01,CLP,2.2560842908109837,15.771184131234861
2021-11-01,CLP,3.4357485669734955,11.795485390969151
2021-12-01,CLP,3.2504780099581994,2.6271131919322954
2022-01-01,CLP,1.8638855544531956,0.6377179923050313
2022-02-01,CLP,0.08664051512415338,-0.6902307664918617
2022-03-01,CLP,-0.9191895026830238,1.1194755195616857
2022-04-01,CLP,-0.21039643039919287,-1.7177914339720601
2022-05-01,CLP,2.402091766752706,-5.938559588132097
2022-06-01,CLP,6.182363177368153,-8.143123249826
2022-07-01,CLP,9.791732032415892,-15.47122274455317
2022-08-01,CLP,11.929024740986756,-5.201132417062571
2022-09-01,CLP,11.912352744261584,-4.200936273740918
2022-10-01,CLP,9.873602156464534,-3.002776083578418
2022-11-01,CLP,6.506801862242723,-3.345224658320145
2022-12-01,CLP,2.609060055573298,0.3793000221402387
2023-01-01,CLP,-1.2426462831060803,9.812893598662598
2023-02-01,CLP,-4.697386992945754,18.667051553336922
2023-03-01,CLP,-7.427560940646669,18.315763466372648
2023-04-01,CLP,-9.00110152528026,17.475144824512245
2023-05-01,CLP,-9.02311215305865,13.718084175883138
2023-06-01,CLP,-7.464219044811306,14.891822303168123
2023-07-01,CLP,-4.871821687572517,13.835485852182394
2023-08-01,CLP,-2.203585150724982,7.986720420328375
2023-09-01,CLP,-0.3172162875635723,4.334485475046446
2023-10-01,CLP,0.5402181221643771,1.4453783981061008
2023-11-01,CLP,0.8464143984712471,9.313547816949708
2023-12-01,CLP,1.3978085149268935,11.71362472877533
2024-01-01,CLP,2.659872985854419,9.432458200061777
2024-02-01,CLP,4.3577910110157125,-1.14741823919422
2024-03-01,CLP,5.62915689245722,-3.9290914673062893
2024-04-01,CLP,5.642743920640781,0.4333395459178213
2024-05-01,CLP,4.234974135285918,2.5391426928103478
2024-06-01,CLP,2.0994791825149495,1.0187503135957954
2024-07-01,CLP,0.3926137325724409,1.9300720893868473
2024-08-01,CLP,0.03371575535630056,3.9627886173875027
2024-09-01,CLP,1.1738311723874066,3.589480335731565
2024-10-01,CLP,3.15713316638827,1.4914666749945127
2024-11-01,CLP,4.946396961894031,-3.866175664718785
2024-12-01,CLP,5.69944337659721,-7.445327766315479
2025-01-01,CLP,5.150054949023325,-12.495785066334442
2025-02-01,CLP,3.6358805901442803,-10.1397728888581
2025-03-01,CLP,1.847972096259788,-2.1227982056529093
2025-04-01,CLP,0.48922454073035276,-6.939272775348293
2025-05-01,CLP,-0.00410485353274509,-4.724846502122393
2025-06-01,CLP,0.38817155434004297,-3.468552338458508
2025-07-01,CLP,1.2647910714888508,-2.4261267549484877
2006-01-01,MXN,-1.5050103056895303,3.693405926266191
2006-02-01,MXN,-0.87024151581368,4.73927018694682
2006-03-01,MXN,0.49448123903033103,3.301098565557492
2006-04-01,MXN,2.025399451698373,-0.6420966078597434
2006-05-01,MXN,3.0058082104553963,-2.4165360609529785
2006-06-01,MXN,2.986087315013919,-4.996014735190979
2006-07-01,MXN,2.0160111052325735,-1.6219323840291455
2006-08-01,MXN,0.5626488497021631,1.5744171368008875
2006-09-01,MXN,-0.7863375436172215,0.44836503916085846
2006-10-01,MXN,-1.6207750130265097,-0.6474924121912196
2006-11-01,MXN,-1.8509913157690794,-0.3236505233802589
2006-12-01,MXN,-1.676331190264846,-0.08812019321213782
2007-01-01,MXN,-1.4501525328073361,-0.3548458832634882
2007-02-01,MXN,-1.5141214427628613,-2.07497914451662
2007-03-01,MXN,-2.0447565313681526,-3.497159132151584
2007-04-01,MXN,-2.9572620894677493,-4.332037313522363
2007-05-01,MXN,-3.9316119130488882,-3.6051336007818957
2007-06-01,MXN,-4.592893966501399,-4.823432133235661
2007-07-01,MXN,-4.767735166745457,-5.639740538853655
2007-08-01,MXN,-4.635263961505181,-8.877362765405694
2007-09-01,MXN,-4.621060243766218,-3.542463453862199
2007-10-01,MXN,-5.072825082989957,15.520576572540001
2007-11-01,MXN,-5.966878503202405,18.624072694489293
2007-12-01,MXN,-6.919838919596696,21.27152245848083
2008-01-01,MXN,-7.548015589393656,24.297094880336
2008-02-01,MXN,-7.894012786185929,30.498098083971882
2008-03-01,MXN,-8.51488159020262,31.038735729428033
2008-04-01,MXN,-10.054667454199011,24.31103457403512
2008-05-01,MXN,-12.559612304991907,23.36084759703119
2008-06-01,MXN,-15.0790180178295,25.52980843989512
2008-07-01,MXN,-15.957999337014597,26.832205873480852
2008-08-01,MXN,-13.73541604029184,25.21421246588207
2008-09-01,MXN,-8.084325168249848,23.030440522524074
2008-10-01,MXN,-0.15549730572566103,4.4548041063321
2008-11-01,MXN,7.920641432984193,0.009735343956007725
2008-12-01,MXN,14.052056945212271,-4.2540157452577
2009-01-01,MXN,17.08888818388439,-8.179687073340602
2009-02-01,MXN,17.125642262141866,-12.215986060076123
2009-03-01,MXN,15.16161427117285,-15.245744888324397
2009-04-01,MXN,12.463772804026965,-9.04224500054358
2009-05-01,MXN,10.042459127760722,-3.4666484103155426
2009-06-01,MXN,8.433547240362424,-4.72308888329267
2009-07-01,MXN,7.7240135919774,-4.134662783567977
2009-08-01,MXN,7.667391429726345,-1.8543386393635952
2009-09-01,MXN,7.813970476138504,-4.594147147086591
2009-10-01,MXN,7.675008796096422,-6.04781137251913
2009-11-01,MXN,6.927562789880376,-6.091301723450915
2009-12-01,MXN,5.577252464880081,-3.7177363806951913
2010-01-01,MXN,3.960578637514778,-5.569879071868256
2010-02-01,MXN,2.558553832612759,-6.911138470152078
2010-03-01,MXN,1.7370089843205094,-4.663201789613947
2010-04-01,MXN,1.584381969056059,-4.579273881986934
2010-05-01,MXN,1.9274236284244046,-8.904468591189652
2010-06-01,MXN,2.4596526014915243,-7.451662717564789
2010-07-01,MXN,2.859910458796988,-9.410969946807501
2010-08-01,MXN,2.8514008165242326,-4.301816747059961
2010-09-01,MXN,2.2519716452425924,1.9435973768578751
2010-10-01,MXN,1.063397179310005,7.687954428700161
2010-11-01,MXN,-0.4612453281838097,10.47611431010993
2010-12-01,MXN,-1.9036472106380042,10.565671403573607
2011-01-01,MXN,-2.9517289924344103,10.030931596815229
2011-02-01,MXN,-3.671482222395961,5.718514160085464
2011-03-01,MXN,-4.48709124172326,6.023148761338026
2011-04-01,MXN,-5.76087005332037,10.955874726360593
2011-05-01,MXN,-7.247982203479708,15.641926558609054
2011-06-01,MXN,-7.940725789369285,16.445536157328313
2011-07-01,MXN,-6.615419066331575,13.508101753380242
2011-08-01,MXN,-2.821258655868,7.45750599864019
2011-09-01,MXN,2.4386199655713385,-0.926372079833726
2011-10-01,MXN,7.006875667051757,-4.17308492806292
2011-11-01,MXN,8.83168649844393,-4.72361316421348
2011-12-01,MXN,7.358966672795525,-6.817346652113088
2012-01-01,MXN,3.996092824109313,-5.401019157984743
2012-02-01,MXN,1.2027580717439104,-0.4650434825809402
2012-03-01,MXN,0.8054387378244604,-1.9372530960101386
2012-04-01,MXN,2.7693529084044677,-6.675383639149324
2012-05-01,MXN,5.345963601047839,-10.126929935186402
2012-06-01,MXN,6.460271757399015,-7.122660429396133
2012-07-01,MXN,5.246131576086439,-4.555413380187767
2012-08-01,MXN,2.5542611924379557,-1.9109321971176652
2012-09-01,MXN,0.10992473261125721,1.0794696593690034
2012-10-01,MXN,-0.9213535400368754,0.8301534846359537
2012-11-01,MXN,-0.7763759609681606,0.06945790325580958
2012-12-01,MXN,-0.7151496902597989,1.1111555483767965
2013-01-01,MXN,-1.8258978596568733,3.976273988700463
2013-02-01,MXN,-4.061147452665789,4.327301367846337
2013-03-01,MXN,-6.289532804971593,5.481090351371076
2013-04-01,MXN,-7.253262879482783,6.717400644969285
2013-05-01,MXN,-6.579179994625083,4.884887289734463
2013-06-01,MXN,-5.0112840440510436,0.2785510489371035
2013-07-01,MXN,-3.742895246246128,1.5917369435588302
2013-08-01,MXN,-3.4784162937169127,1.6531364509807744
2013-09-01,MXN,-4.012817470501864,1.2474199195144475
2013-10-01,MXN,-4.601142132637177,3.6485441002299446
2013-11-01,MXN,-4.701228711434921,4.104421754458798
2013-12-01,MXN,-4.414434073620939,11.117317820416694
2014-01-01,MXN,-4.297272601553686,10.64131763113454
2014-02-01,MXN,-4.803467182609711,11.63963864523283
2014-03-01,MXN,-5.900639667079717,14.370299313804136
2014-04-01,MXN,-7.170481908799049,15.34637170655162
2014-05-01,MXN,-8.216324061103917,16.60983886391736
2014-06-01,MXN,-8.939877651483199,17.670690821764445
2014-07-01,MXN,-9.434186934153143,20.65163371467782
2014-08-01,MXN,-9.658698508907248,23.004807796140003
2014-09-01,MXN,-9.290796884259153,24.131253270205953
2014-10-01,MXN,-7.964815865654,20.694866822199074
2014-11-01,MXN,-5.700164131481676,20.00155815707707
2014-12-01,MXN,-3.0902162999140352,16.1335657739087
2015-01-01,MXN,-1.0071336888516815,20.547693199917116
2015-02-01,MXN,-0.01476552822787941,21.316933717759312
2015-03-01,MXN,0.031675873627491635,14.50866632742116
2015-04-01,MXN,-0.1446887672837252,13.721395903545242
2015-05-01,MXN,0.19628975158505618,16.93083937790125
2015-06-01,MXN,1.2789875467420782,18.040835918948915
2015-07-01,MXN,2.728816666315443,15.010755363972006
2015-08-01,MXN,3.9660232168498775,10.736930031194847
2015-09-01,MXN,4.707512328304861,12.260426627641419
2015-10-01,MXN,5.1490570407436715,12.724205143543
2015-11-01,MXN,5.708796491640655,18.386481815708677
2015-12-01,MXN,6.598023092618188,18.040656977847114
2016-01-01,MXN,7.609520929650829,16.428394243317214
2016-02-01,MXN,8.291481050619174,9.089349840437366
2016-03-01,MXN,8.329120092899156,8.716632897357801
2016-04-01,MXN,7.797951224893475,7.116568689757319
2016-05-01,MXN,7.100053922232977,3.677525490081912
2016-06-01,MXN,6.684368071434549,-2.509745327274926
2016-07-01,MXN,6.811069325699437,-4.086040989078965
2016-08-01,MXN,7.522679482951089,-3.47428933655749
2016-09-01,MXN,8.754316304303128,-6.8241337017666215
2016-10-01,MXN,10.389847693567624,-0.520078180199901
2016-11-01,MXN,12.168050477064495,-5.758361210904939
2016-12-01,MXN,13.55441054475327,-6.65488824133651
2017-01-01,MXN,13.796161970617193,-11.860382647184675
2017-02-01,MXN,12.250574718403579,-8.283501583929098
2017-03-01,MXN,8.82061965617575,-3.341783815897248
2017-04-01,MXN,4.179595517457184,-2.342520730503228
2017-05-01,MXN,-0.4318958694315436,3.7312935416853765
2017-06-01,MXN,-3.7633418419343383,11.008610509354533
2017-07-01,MXN,-5.140771877611868,6.385078392542987
2017-08-01,MXN,-4.735481319569636,5.462890712089985
2017-09-01,MXN,-3.3823668467838117,6.348030283577222
2017-10-01,MXN,-2.0945571130877916,2.027200710138022
2017-11-01,MXN,-1.5711032253777208,6.701824121877964
2017-12-01,MXN,-1.9447069399402563,4.507321507244999
2018-01-01,MXN,-2.844286482776025,1.3241839608537198
2018-02-01,MXN,-3.6834087636936825,2.8599463468673036
2018-03-01,MXN,-4.006978933045163,3.167905470709087
2018-04-01,MXN,-3.7318961036987632,3.300878468060242
2018-05-01,MXN,-3.1709979201095333,-2.0227504065634783
2018-06-01,MXN,-2.8214225961318977,-5.098570130120539
2018-07-01,MXN,-3.021726958677923,0.33078140317961413
2018-08-01,MXN,-3.6877762768873903,4.492826800193539
2018-09-01,MXN,-4.334394351133608,3.03586430936833
2018-10-01,MXN,-4.424344232514247,0.9580727525992483
2018-11-01,MXN,-3.832574870315627,-4.557268246018964
2018-12-01,MXN,-3.063493709939062,-4.822428207057028
2019-01-01,MXN,-2.9783035046803485,-1.9467412687769414
2019-02-01,MXN,-4.148771669958287,-1.841951109499096
2019-03-01,MXN,-6.298217341377965,14.285486171043038
2019-04-01,MXN,-8.316364192168804,24.11384461042596
2019-05-01,MXN,-8.953165223746867,20.108564051645097
2019-06-01,MXN,-7.755736470195722,14.342940015327832
2019-07-01,MXN,-5.540021536874136,16.089952989247358
2019-08-01,MXN,-3.952161442435394,11.90673444770991
2019-09-01,MXN,-4.33112087460895,9.773850561864661
2019-10-01,MXN,-6.6509753829766565,9.452492417654268
2019-11-01,MXN,-9.339188063203665,5.386768973790179
2019-12-01,MXN,-10.177819775816092,4.163244213851769
2020-01-01,MXN,-7.715383605310241,5.516446749378812
2020-02-01,MXN,-2.233039725182047,7.349047117377783
2020-03-01,MXN,4.383672276277217,-6.823124634826794
2020-04-01,MXN,9.747027438535994,-18.52600806740572
2020-05-01,MXN,12.268831264671428,-15.830971512721081
2020-06-01,MXN,11.821488235752534,-10.582848072148865
2020-07-01,MXN,9.44767704655712,-11.420013284858888
2020-08-01,MXN,6.491717699099126,-10.04596271472824
2020-09-01,MXN,3.844696916273102,-7.455487909487113
2020-10-01,MXN,1.7609364634511058,-3.6363741956335627
2020-11-01,MXN,0.17499977631501226,2.142838259260804
2020-12-01,MXN,-0.9166817718648433,4.6261223923981465
2021-01-01,MXN,-1.3810499441620807,3.0348340124545015
2021-02-01,MXN,-1.1796317179602611,0.8664793953392813
2021-03-01,MXN,-0.5910869619283103,-0.9165907391910366
2021-04-01,MXN,-0.13098450315474422,-0.06344862894671621
2021-05-01,MXN,-0.18439020179048526,0.288681937591484
2021-06-01,MXN,-0.6643515779013349,0.02197001958976763
2021-07-01,MXN,-1.019195713078422,2.6960127452204663
2021-08-01,MXN,-0.6254899625368862,0.263799468410042
2021-09-01,MXN,0.7249412684423535,0.06939037423818739
2021-10-01,MXN,2.623149588240343,-2.46890442070824
2021-11-01,MXN,4.283527582995681,-6.795429378158557
2021-12-01,MXN,5.044171412281974,-6.392246336193219
2022-01-01,MXN,4.763504475784073,-7.671965775228662
2022-02-01,MXN,3.85401007315882,-9.543469397189908
2022-03-01,MXN,2.9744059027458456,-11.154684504801482
2022-04-01,MXN,2.6265611547578263,-10.277331122967404
2022-05-01,MXN,2.9188870584057676,-12.077202773027818
2022-06-01,MXN,3.5947995932368886,-14.838733877552635
2022-07-01,MXN,4.239608223354824,-19.391460044931108
2022-08-01,MXN,4.504681136209649,-16.98948318466451
2022-09-01,MXN,4.236206493919852,-14.812527883544924
2022-10-01,MXN,3.485599887328857,-10.322704384980685
2022-11-01,MXN,2.4329804838138416,-11.373457388943331
2022-12-01,MXN,1.2665587071056152,-13.142224938325375
2023-01-01,MXN,0.06644924222968321,-10.578493363836694
2023-02-01,MXN,-1.2438564741973288,-8.33195614551121
2023-03-01,MXN,-2.824418400168036,-9.090116624703315
2023-04-01,MXN,-4.738033310884042,-7.433061017328901
2023-05-01,MXN,-6.774995645862152,-5.416924117732913
2023-06-01,MXN,-8.440259655043391,5.2767396795835975
2023-07-01,MXN,-9.177559134705046,6.874767636982293
2023-08-01,MXN,-8.728735114486692,11.860949511253116
2023-09-01,MXN,-7.38758658204402,12.342162415457292
2023-10-01,MXN,-5.934647249956771,8.741865328016729
2023-11-01,MXN,-5.240133882299511,15.547058231433075
2023-12-01,MXN,-5.759815662787571,16.464041479415048
2024-01-01,MXN,-7.242425270228966,18.440661428912897
2024-02-01,MXN,-8.839511823803232,17.853379490371026
2024-03-01,MXN,-9.548985866409984,18.66542321213016
2024-04-01,MXN,-8.718396569080486,17.474454910297645
2024-05-01,MXN,-6.32052850637572,14.582820301919108
2024-06-01,MXN,-2.8820106016845712,4.616882039090786
2024-07-01,MXN,0.8386031658340485,3.239747858918074
2024-08-01,MXN,4.207286137668169,-2.121558722517758
2024-09-01,MXN,6.9182035409675215,-5.6307449849813285
2024-10-01,MXN,8.980603929810915,-6.558438309582826
2024-11-01,MXN,10.549145908273964,-9.687863461995683
2024-12-01,MXN,11.721373410210866,-11.306398399933615
2025-01-01,MXN,12.420891180161911,-15.056791547515225
2025-02-01,MXN,12.430851622453536,-17.168278492871856
2025-03-01,MXN,11.56118710894271,-13.109767716412168
2025-04-01,MXN,9.850384329379908,-13.601299281191936
2025-05-01,MXN,7.660913227398644,-11.553933117619275
2025-06-01,MXN,5.57037729076262,-9.035204934092222
2025-07-01,MXN,4.087587159289229,-6.765266082154353
