fecha,D5 (32-64m),D4 (16-32m),D3 (8-16m),D2 (4-8m),D1 (2-4m),A5 (>32m)
2006-01-01,0.03730072192074495,-0.016475877066537453,-0.017891760757907056,0.00750430139341542,-0.000713450013126447,7.719444627739758
2006-02-01,0.04269960341380914,-0.0088708749459882,-0.02142455358330541,-0.01078034545431833,0.003889065485355509,7.7157343954468764
2006-03-01,0.04847518580484642,-0.0012143443247991863,-0.01998974729435661,-0.011154155857730204,-0.0041326351336490146,7.71198441546969
2006-04-01,0.0546402672991695,0.00631524527426899,-0.015049381699600793,0.002586189036142023,-0.0008761247386233474,7.70820993108092
2006-05-01,0.06113797696012018,0.017025128131112496,-0.003182795551210765,0.010646334594590894,0.0011201828061059786,7.70421771856904
2006-06-01,0.06799653814234728,0.030157100952848934,0.016402419302038035,0.018397374380195033,0.00777859001098711,7.700060971242847
2006-07-01,0.07165766329928176,0.036375699674208464,0.022350884386762762,0.008438364650638696,-0.005659420470053309,7.696347217101236
2006-08-01,0.07175581234779704,0.03520783102633984,0.013809442236182117,-0.023690112391379414,-0.011575496568301443,7.693115784250084
2006-09-01,0.06998071938134626,0.030583442919884626,0.0018701530085537667,-0.02270475044878065,0.012837170896242787,7.690119080219405
2006-10-01,0.06530019253072722,0.019981556993898617,-0.018770605642276193,0.009903499523216942,0.003236121750411077,7.687527051602129
2006-11-01,0.05974710727379472,0.009705578901126716,-0.02421401835044352,0.013949839622216346,-0.00763351586045688,7.684943353048518
2006-12-01,0.0533995708100184,4.804378369106116e-05,-0.011950286183070478,-0.0022961295966864408,0.0018745903407625512,7.682356415404364
2007-01-01,0.04429951043454471,-0.01434816125832137,0.002201317592384494,-0.0007171254280082149,0.0009809041962766433,7.680117839953417
2007-02-01,0.03281314519362715,-0.03221398526079004,0.024509190097147564,0.010362156897121846,-0.0049578516809197625,7.678153768641306
2007-03-01,0.02152611071411701,-0.04192702424037364,0.030690220241015337,0.009320505540539176,0.0017989561156011912,7.676095997696942
2007-04-01,0.010367309645831194,-0.04305766008068854,0.01749440524115365,0.0002658434362836843,0.011815944366558704,7.673962678434366
2007-05-01,-0.0017145705226625737,-0.04028881634954025,0.0016664655679636308,-0.014096852757853074,-0.01185597651643596,7.671888905295663
2007-06-01,-0.014125566443824112,-0.030536290773271496,-0.023452406605049107,-0.037599049093077944,-0.0021592863649602476,7.669792170719703
2007-07-01,-0.028973068170825338,-0.021986188312962094,-0.02939994467494705,-0.019906165876688257,0.008801451177800897,7.667993530226674
2007-08-01,-0.0464336467759756,-0.0150169947920365,-0.012492886892180253,0.04292594620108645,-0.006940321224806479,7.666517734515407
2007-09-01,-0.06500599702970461,-0.002863311351181515,0.008117200175972707,0.04249979152183883,0.008148256603567716,7.665143011123905
2007-10-01,-0.08520058836352275,0.012799115437933615,0.040243764122598884,-0.016138214166483793,-0.014205685508571679,7.6639469851300905
2007-11-01,-0.0990273099510661,0.021317507052919328,0.05029092818671074,-0.024314943007953674,0.013106298301132229,7.6624439375123
2007-12-01,-0.1055415180638074,0.022521500490812873,0.034049792585892295,0.0017840413419076798,-0.005584936996539289,7.660567023776264
2008-01-01,-0.10888201546590931,0.020358791664742505,0.014130861930431966,0.007110753590767036,0.0011353582124921558,7.658605260581418
2008-02-01,-0.10671642816319742,0.012070862160487753,-0.018611139214579547,0.007508396223050382,0.0017225023095510082,7.656417485439962
2008-03-01,-0.1033220376650621,0.005651455831210242,-0.04110850497754178,0.004940823624105133,-0.000982587434778674,7.654238393652387
2008-04-01,-0.09892733602733987,0.0014505280309812438,-0.05004873408891301,-0.007552378862140507,-0.004194093659913894,7.65208969549904
2008-05-01,-0.08927846788318262,-0.006890868658221413,-0.0642524941480556,-0.014280922661382733,0.006617574093289516,7.649728837316986
2008-06-01,-0.07516138921407496,-0.01771044397275759,-0.077712556704928,-0.01631942468289494,-0.003101419076848462,7.647202628586649
2008-07-01,-0.06293159693017966,-0.021572415145404526,-0.06990518776060185,-0.010703414419850336,0.005119452934694114,7.644948801555279
2008-08-01,-0.052507831079879004,-0.018326568010466678,-0.04042298143902269,0.006343996354377464,-0.016482200257293998,7.64297201490923
2008-09-01,-0.04126106621248492,-0.01131537941410001,0.005966819649117025,0.025070127149386806,0.013908614563911566,7.641091042916429
2008-10-01,-0.030694714881529524,0.0019282007778793325,0.07504394575212196,0.04740800342685148,0.0027079463748950656,7.6394149289415845
2008-11-01,-0.01584130201318203,0.014259791561401162,0.10827191043509626,0.021820316091238728,-0.010941335987845958,7.637623892320685
2008-12-01,0.0036948348119126037,0.02541960938410229,0.1016022436802377,-0.05845946432751016,0.011402754543729347,7.635696546395763
2009-01-01,0.024262098532002847,0.041118503330170086,0.08839147173087064,-0.05585801374520972,-0.011553605536684249,7.633882107599419
2009-02-01,0.04703567334318015,0.05990394004836499,0.05359665725898772,0.02554668976738081,0.010779341321031529,7.6321092728726985
2009-03-01,0.0631474871313657,0.06789875306583304,0.02447079513056987,0.035729164465585474,-0.009291487972373858,7.6298708682927705
2009-04-01,0.07134805015547709,0.06443740501706512,0.004417722478063913,-0.004768293970694329,0.010009622855374264,7.627143003305141
2009-05-01,0.07668342575334558,0.05510328900739876,-0.032524841169065254,-0.009547382996222436,-0.00527358707172607,7.624112430671398
2009-06-01,0.07652486397052115,0.03612890495363313,-0.08012900639848622,-0.000304105497366169,-0.008198645045645988,7.620639085917193
2009-07-01,0.07517664542567139,0.01707648315979881,-0.09799562051062753,0.002652869754564271,0.011240133687612218,7.617073602755347
2009-08-01,0.07294168550071231,-0.001681609793292499,-0.08554632340823026,0.010059208578817239,0.0004764395626486377,7.613423518197469
2009-09-01,0.06528601751679737,-0.028250685628691506,-0.05757220600233462,0.001199460393473814,-0.00019139974224811917,7.6093870090252
2009-10-01,0.05300315754281359,-0.060741511613062044,-0.0036379219539698533,-0.026635123997100486,-0.016671993462547954,7.605029299063063
2009-11-01,0.04391827265076954,-0.07900308103419194,0.025581401665940535,-0.017336067001591945,0.015490267312728383,7.6006239924756605
2009-12-01,0.038030476297150756,-0.0821420484653535,0.02669554205720441,0.02800535187116856,0.0031270480755189395,7.596152065273083
2010-01-01,0.032007015117147854,-0.07849146252061588,0.033319231297682134,0.02479051405963101,-0.010563006456157861,7.5915190303028615
2010-02-01,0.02773764177531384,-0.06265554527378063,0.03323265064455859,-0.020683799157997968,0.012053256406352934,7.586784122541295
2010-03-01,0.01934297811300638,-0.04854842030925426,0.030368177980736405,-0.02254007071272422,-0.005987454985934729,7.581695389159479
2010-04-01,0.006359976494939744,-0.036823187060350315,0.02744210927125871,0.007852432377055974,-0.0119371717233841,7.576233278940894
2010-05-01,-0.00677684654942606,-0.01582748081594877,0.012770252995811311,0.018010039493545554,0.013923004402563745,7.570566269982002
2010-06-01,-0.021438751994890346,0.011607628181296226,-0.012759023887640338,0.020444775723318615,0.0011525742231418548,7.564632546006227
2010-07-01,-0.03146522368066303,0.028006666853694958,-0.024469961698664777,0.010162178924733794,-0.005054254812606142,7.558870505021824
2010-08-01,-0.03578060016005423,0.03319739518375849,-0.022471199639737677,-0.021472831612154426,0.00044207939836889707,7.553336414541038
2010-09-01,-0.03829165160956121,0.0336340452011236,-0.018416280582473105,-0.028637630229320064,0.002680293015542361,7.547774888958006
2010-10-01,-0.037120625410814366,0.024846512289011316,-0.006598456286595587,-0.012367065425642804,-0.010760059536528858,7.542311962574035
2010-11-01,-0.034819248506105224,0.020129984718298598,0.0016817762753874536,0.00042859284039703624,0.00579128664113108,7.536727758015377
2010-12-01,-0.031626518019436736,0.020107516520651188,0.005239426955346091,0.01885604274564768,0.017715056952265974,7.53100241701573
2011-01-01,-0.024556376292912498,0.014342385930807118,0.014206359138655977,0.021852275202211086,-0.019072444141941647,7.525357064548528
2011-02-01,-0.014067755301749028,0.005642479226657143,0.026039682591911972,0.004840824025217517,-0.001914777166374961,7.5197472057303285
2011-03-01,-0.006333232444291405,0.0013803512666290998,0.026150130025904217,-0.004931799231885153,0.009936993958710666,7.51378948634736
2011-04-01,-0.0014226060001667306,0.001015003072204493,0.014375575800870786,-0.012765404375244451,-0.007692395567104651,7.507480234416264
2011-05-01,0.003400540316588629,0.0029529534967232232,-0.004163071786803788,-0.011063369153438283,0.0037222318832658497,7.500975235686862
2011-06-01,0.006624089485971957,0.008920534081813246,-0.033243873220370194,0.005372125298496856,0.004290337440882622,7.494178763281423
2011-07-01,0.012708896477787227,0.011904402704458928,-0.04104815918657227,0.008370933585737645,-0.005334213011183618,7.4873724261503956
2011-08-01,0.0220167118272598,0.011695016807025184,-0.0250253766010123,-0.00011320237884662549,-0.0016599593480386215,7.480574180195998
2011-09-01,0.031109660143247175,0.013213858462535267,-0.0036664359780763105,-0.002308626273652064,0.001970725949834631,7.473564445675324
2011-10-01,0.04102295662051227,0.014958511827339979,0.03133886733319443,-0.0029410496869110635,0.0028211192696794866,7.466405515929556
2011-11-01,0.047933427228702453,0.015077863720302112,0.043131452421024716,-0.0012702057497947607,-0.006268705214083228,7.4612031577248255
2011-12-01,0.05108947144276847,0.01389649447418121,0.02758321484214692,0.0051638792453969,0.011128305049531197,7.458148830867131
2012-01-01,0.05304324596997705,0.01121848819275472,0.009277355289894922,0.003405459890302937,-0.00853285532681689,7.45630184558238
2012-02-01,0.05260310508000176,0.006620013478859449,-0.021575515069023516,-0.006485577860425182,-0.0015155227581022768,7.4562685999769025
2012-03-01,0.05119031979951249,0.0024451793168194084,-0.03414688736576416,-0.005235200751906243,0.00561647393541528,7.4567902548779665
2012-04-01,0.04895345595294402,-0.0013465265034413765,-0.024135266160109397,0.005650673159869229,-0.005817629809570051,7.457827807146816
2012-05-01,0.044087452640255785,-0.006300825709141845,-0.014431039310669021,0.004955989129856867,0.002923529794263446,7.4605647188920265
2012-06-01,0.03683542957894917,-0.011961348999582998,0.0032672784413137258,-0.0049482686209306485,0.0034244616856472405,7.464775054452098
2012-07-01,0.031310854258073215,-0.015677803757096234,0.012294423090856871,-0.005307493072969975,-0.00513430052275269,7.469026912029408
2012-08-01,0.0275758806647028,-0.01735291139961736,0.009441351122480556,0.001135634964787743,0.004431258306842484,7.473374490894968
2012-09-01,0.023759384414118023,-0.0179296918569122,0.009552188513860823,0.004806238877939238,-0.0015099370318943208,7.478388338948049
2012-10-01,0.02087019600195023,-0.016684706289283095,0.008027978757164923,0.008528669459189715,-0.00650391258968676,7.48374571651816
2012-11-01,0.015978930791797578,-0.015613882154975941,0.005436734529519451,0.004421648582045154,0.006276652466419582,7.490648500518507
2012-12-01,0.008837000329429768,-0.014770326498115764,0.003233641607659217,-0.009529405821029959,0.004393784434100866,7.499198999036656
2013-01-01,0.001712713083424445,-0.012510544481078356,-0.002605730609071151,-0.010525634918908558,-0.006078696629963523,7.508557719325717
2013-02-01,-0.006078204565201184,-0.00922270675516296,-0.011717773463858279,0.000548065437151633,-0.002271627418733697,7.519019164215068
2013-03-01,-0.013208483379504489,-0.006279854984199548,-0.01334052394744042,0.003587413179633499,0.003334598115746875,7.529057943802424
2013-04-01,-0.01930640988908735,-0.0035857605906369516,-0.007221720821981853,0.002326136117568837,0.0015313617586596932,7.538454042929223
2013-05-01,-0.025500493722291684,-0.0007204030411610649,0.0017299209799850346,0.002772643381951591,-0.00462246373041501,7.548157455609717
2013-06-01,-0.03135375874046541,0.002011015988115034,0.01619100350469418,0.001990167757271082,0.008215405957105857,7.557725800390966
2013-07-01,-0.03712712896214676,0.005889670094898017,0.019652026838513286,-0.00030686422396982295,-0.005561138050012775,7.567874154607349
2013-08-01,-0.04289795357512052,0.01099570697455259,0.010573751825668906,-0.003964257019949153,-0.0026716193255086314,7.578680393770684
2013-09-01,-0.04813504977663906,0.016459285484907146,-0.0009176186704340508,-0.003829566963544972,0.006851206739338299,7.589398182890945
2013-10-01,-0.05288100659863524,0.022582213986624577,-0.019169336177104493,0.0005002352593569106,-0.009454872507213169,7.600175513532134
2013-11-01,-0.05901407088445966,0.024473804918265365,-0.0240810885932564,0.0005097701530847836,0.00664154667180144,7.61246310703973
2013-12-01,-0.06660629953353744,0.021562275368025244,-0.013291322953649072,-0.0029940354829600738,0.0018464133749664397,7.6262887523849985
2014-01-01,-0.07476822881508399,0.016370491896087077,-1.7302738969582755e-05,0.0015656194658427533,-0.004888796463709103,7.641052875782796
2014-02-01,-0.0839786508871204,0.007472924140724902,0.021170267002862855,0.013468539871683272,0.004709075246242091,7.657123687702284
2014-03-01,-0.0930009611606423,-0.0025140276190051937,0.026470836989523357,0.008566683469329239,-0.0022786176734701778,7.673466898888639
2014-04-01,-0.10173455567593434,-0.01345212440152188,0.012929164640884226,-0.012749157564308486,-0.0054146289879300055,7.690019007669144
2014-05-01,-0.11119189616393864,-0.0279422044359059,-0.003554644990342578,-0.012520110647307892,0.005265970813378554,7.707604264180335
2014-06-01,-0.12109468481031882,-0.0455041918645466,-0.029461352366236447,0.006571528699811683,0.0062552211836658395,7.72599786868272
2014-07-01,-0.12620421366306822,-0.05423699901126851,-0.03718256824378535,0.009524251380877482,-0.006940519682406551,7.742104450550176
2014-08-01,-0.12610213840682488,-0.053365614606678165,-0.02324492993942576,0.0018798757847698516,-0.006250935181342621,7.755705663123012
2014-09-01,-0.12304309407658441,-0.04824460434381075,-0.006261408606365747,-0.008928924339115463,0.006055863274870763,7.768095845192305
2014-10-01,-0.11553706533431488,-0.03561996650815395,0.02128564597457603,-0.02892596101087273,0.005288981270875094,7.778404373625048
2014-11-01,-0.10682358201090986,-0.023115622859392164,0.03351624245442901,-0.01901225773870236,-0.009917916409921177,7.788612207359083
2014-12-01,-0.09700000092495695,-0.011128016277948172,0.02698853304785614,0.02374266171280342,0.017485595057855893,7.798780027162605
2015-01-01,-0.0830917218313817,0.007009322119606765,0.020405754280578853,0.03929964386748273,-0.00867233550659119,7.807130227168157
2015-02-01,-0.06568900049683447,0.02976585679018475,0.006810440642599124,0.03384948915376892,-0.02696663362008779,7.8140305206380996
2015-03-01,-0.04815006817898123,0.04419749224286143,-0.0017897428249498157,0.014375013269004056,0.027572683530160184,7.8214155376022045
2015-04-01,-0.030326637650377263,0.04995223627590104,-0.0030345653056643358,-0.03159453059805062,0.011948622135520242,7.829197885757272
2015-05-01,-0.01092259096129775,0.05219706486709305,-0.008486067206167097,-0.049116653088027304,-0.021583444524739624,7.836654318825849
2015-06-01,0.0093101299745903,0.047558798631168527,-0.01493729600720678,-0.03740341901278392,-1.8888966257781144e-05,7.844220583342023
2015-07-01,0.03324411081446732,0.04535830956598691,-0.016367231712128078,-0.006212216938941453,0.006549043309254697,7.850230311880804
2015-08-01,0.06111686126988127,0.04606553504247929,-0.013464394678131833,0.05875264446830606,0.0035305076806423073,7.854553442467672
2015-09-01,0.09093810027611274,0.04213767804717909,-0.00656895221297296,0.04887847823399403,-0.005470954455843489,7.858347773096991
2015-10-01,0.12341027206687667,0.035527900587254066,0.005729229724069351,-0.04156407639621083,-0.0017362918878971968,7.861210534992532
2015-11-01,0.14676894917247166,0.029278619069809744,0.011489045540216668,-0.047087747359565196,0.0008185147049770741,7.865558859093769
2015-12-01,0.1596560117411324,0.022721033354906862,0.010158456415929978,0.016239845384267322,0.004118331852763429,7.871730884032056
2016-01-01,0.16813599522032105,0.015688774197403447,0.008750081821257355,0.032045889084116805,-0.010291677134845467,7.878275881273908
2016-02-01,0.16878817148648623,0.008727237943365409,0.004383469912861145,0.025382654859731874,0.025015243889987257,7.885897423705256
2016-03-01,0.167968215193591,-0.001949146944972338,0.0005031125606513026,0.00886461702847225,-0.0204242754053365,7.893438795587921
2016-04-01,0.16601942771472433,-0.01649644806433701,-0.002235963261022161,-0.035330746470972514,-0.0071371448746612295,7.900790488765397
2016-05-01,0.15666875059322377,-0.03267178822229087,-0.007846396816807629,-0.03461124272829715,0.013507205983072734,7.909154823322004
2016-06-01,0.14109319399635398,-0.05137097104409343,-0.015533141664968424,0.013024115400104548,-0.001529644299642564,7.918300733055852
2016-07-01,0.12856078715535557,-0.0616048246088561,-0.016078603384630977,0.020409387312320032,-0.004030265437085049,7.926025738121337
2016-08-01,0.11895151186531405,-0.062130647477066245,-0.009176918832287304,-0.0007269542728412131,0.011277062270122604,7.932303845794156
2016-09-01,0.10845882900380785,-0.058820392372334274,0.0013290724895684265,-0.004133045546753098,-0.0040853003633616256,7.938049396815872
2016-10-01,0.09927848235878917,-0.04852587153093954,0.017842542886512644,-0.002737501869654287,-0.026021341020827544,7.942712737911235
2016-11-01,0.0841576083783838,-0.0370908681705523,0.022175450173400193,-0.0025782333437134337,0.02790027200456614,7.94789694523418
2016-12-01,0.06252781284145185,-0.02491267713490791,0.01276152904849573,0.0018737015672981323,0.0036907322154094546,7.95370903259035
2017-01-01,0.03972567170446897,-0.006262760529857353,0.00035945547168514906,0.0034855566058285014,-0.009563762987567677,7.9588965578634605
2017-02-01,0.014041181271720457,0.017726198095076046,-0.01981213869052855,0.002386712364653715,-0.01276320786723397,7.963816395014848
2017-03-01,-0.005546358947482862,0.032022337951166525,-0.026693177758925705,-0.00025142103603721037,0.018262091285917662,7.96914868157673
2017-04-01,-0.017615947994386056,0.036022328503696,-0.01789459548473394,-0.005982561412282271,-0.004560582271809123,7.97482027985988
2017-05-01,-0.027671106926063338,0.03619072953880874,-0.007493452466570371,-0.0023501018412270813,0.001135028744026814,7.980764329019201
2017-06-01,-0.033025730364679685,0.028576768879881084,0.010116208031007134,0.011376806086718911,-0.012219867988394488,7.987139589079557
2017-07-01,-0.03768280504985202,0.023479220134041936,0.020176705547311144,0.008418139332957769,0.010845166356118957,7.993252009570146
2017-08-01,-0.042002057109437343,0.02149197349721642,0.0205242395574675,-0.010140242848214484,0.008423244821910229,7.999098562372575
2017-09-01,-0.041557131287682916,0.01409184227623975,0.022918107182173627,-0.011705353719686238,-0.010568957463789263,8.005161601982829
2017-10-01,-0.03709779907389035,0.003449732210486334,0.023449494175079078,0.00021247013045728877,-0.010482612394797801,8.011301509241648
2017-11-01,-0.037187133306276064,-0.002929750696647328,0.019453706142506265,0.0032470967948996063,0.010780538606836528,8.0174819539855
2017-12-01,-0.04190807584213619,-0.005401448636217663,0.011628852898431349,0.002294242508174898,0.013249355988588948,8.023754841994483
2018-01-01,-0.04755882484367737,-0.006083594055724352,-0.0019894683615142364,0.0033033030284908434,-0.016146828668336083,8.03004512681699
2018-02-01,-0.0562441004148986,-0.0031899272202354665,-0.02213318147969625,0.0032384051818467085,0.0006360496982998785,8.03635806572892
2018-03-01,-0.061724658262041626,-0.003301884097879687,-0.03255856962427955,0.0005798945469841472,0.008497728681534774,8.042855408870698
2018-04-01,-0.0635232633420765,-0.0066891245367642375,-0.03253044755799925,-0.004664698081545696,-0.01687004598314357,8.049538123294658
2018-05-01,-0.0664515756790756,-0.008602604430566917,-0.03062100368773974,-0.004306863591071463,0.012861378126225557,8.056335763253651
2018-06-01,-0.0690779240369688,-0.010472767724662532,-0.022766767277864232,0.0019342771735878553,0.00600006468870086,8.063287280036304
2018-07-01,-0.07043579427329429,-0.011143751459842897,-0.013555759192709424,0.0031780472127399405,-0.01012346270196232,8.069472482554122
2018-08-01,-0.0709380229751336,-0.00999158968426463,-0.003515398379861478,0.0007638280548250067,0.0013760774697479077,8.074799137242087
2018-09-01,-0.06999044927319929,-0.008571049835509824,0.013065501998606028,-0.00046419406818514006,0.0037888388725838143,8.079732042579845
2018-10-01,-0.06743017783578018,-0.006427606940576882,0.03537289845945255,-0.002285177604405909,-0.008987691529989718,8.084009898633898
2018-11-01,-0.0649094024256588,-0.003016457665686133,0.04276206753541165,-0.0003735145611939603,0.00642938640806497,8.088147998747894
2018-12-01,-0.06235746973181947,0.0015699301584217384,0.03422281255595169,0.006122870025342102,0.00495178671178123,8.09217659751585
2019-01-01,-0.058810140464677085,0.00749343792405959,0.01917969596088142,0.002919723206939386,-0.006419915776268216,8.095604952030328
2019-02-01,-0.05458420427189938,0.01489184466745347,-0.007806498134793757,-0.00983477794025684,0.0030547891138924077,8.09853244586912
2019-03-01,-0.048509355951334106,0.018177447141084577,-0.01978072135744622,-0.006743498380388692,0.0035942014386077777,8.101629736809144
2019-04-01,-0.04037186363079299,0.016894866989943105,-0.014471275162226124,0.010921336484351759,-0.02087300800263249,8.104886161171267
2019-05-01,-0.030931329736554193,0.013818341976627463,-0.009543981109742472,0.004938683730405099,0.01671876507813953,8.10803831545415
2019-06-01,-0.019830069147752507,0.0074113827371834395,0.0017954490642226937,-0.022214505415142437,0.01123293914821107,8.111245854357184
2019-07-01,-0.007424900419534799,0.0009496478528241383,0.003687826046822635,-0.018280967943085993,-0.019943305535550664,8.113978265352221
2019-08-01,0.0062480325682408204,-0.005348125409951521,-0.006479177289492522,0.012742377004654673,0.011320671896870606,8.116197561107937
2019-09-01,0.021696605948473235,-0.014460377523504967,-0.015602357150776678,0.02810764443946145,-0.006665280976322097,8.118294757230226
2019-10-01,0.03886876405542497,-0.025720015918448455,-0.027962576192496664,0.03591956202893509,2.7978645546241363e-05,8.12014684657178
2019-11-01,0.05081598215778692,-0.031269348553617834,-0.028823538214124006,0.018690184580896056,-0.0003736895953460593,8.122924261703462
2019-12-01,0.0569342654260503,-0.030745198485712714,-0.015551565095967272,-0.03294285965077126,0.020574101234574295,8.126785346474103
2020-01-01,0.06047656713578318,-0.02743699165531929,0.001436380287669522,-0.048464566977632226,-0.012039258250713177,8.131090594994276
2020-02-01,0.05948014871174674,-0.019239562811527604,0.026510218465277496,-0.0304930603837479,-0.037668908736661476,8.13618741425438
2020-03-01,0.05809403924152523,-0.011485536976274774,0.038194292118695884,-0.003872802973449156,0.04040665925349682,8.1414927674802
2020-04-01,0.056511325372717115,-0.004429916271355092,0.033967128493601305,0.04671111652812068,0.008649756856567,8.146972531357509
2020-05-01,0.05089881121891259,0.006425975311175265,0.027878360275591797,0.042734809891442176,-0.02321920829854744,8.153235110216148
2020-06-01,0.042046557260067605,0.01999953802668421,0.014108096612550119,-0.02224485966530914,0.002436307987274993,8.160175968035773
2020-07-01,0.03475033323889966,0.028294000603556965,0.0041786936544028624,-0.03230230437246587,0.0029069707468194327,8.166807714020935
2020-08-01,0.028887140472329972,0.031120008829517345,-0.00021486919323455018,-0.000519815598212981,0.00586865657645584,8.173138325212465
2020-09-01,0.022614097669195712,0.03156492715767807,-0.009592200621044168,0.014518714443131318,-0.009126168235451877,8.179589169124574
2020-10-01,0.017054049507609734,0.027543770843970014,-0.021102378742169046,0.0315699326020707,0.010617191050227199,8.185926163053505
2020-11-01,0.008295365833528818,0.024907826806764694,-0.027317328460038315,0.019098486055872957,-0.005696060495726506,8.1929075592216
2020-12-01,-0.003947207953336376,0.023928263457731552,-0.02872174997189061,-0.032492433190385035,-0.008570293467281057,8.20059656031126
2021-01-01,-0.01684690098135046,0.019891100860624268,-0.02669734418393961,-0.03798877129757079,0.011245021610602075,8.208432523150417
2021-02-01,-0.03132192188189577,0.014012532456559342,-0.01944630550753176,-0.002082978760497633,-0.0017863221459746411,8.216595886923242
2021-03-01,-0.04106540939794225,0.0098288771248523,-0.011939123789656097,0.011133830844157441,-0.00018092513342825794,8.22445237401907
2021-04-01,-0.04517142056271468,0.00708686118369659,-0.004072259793286699,0.015869555598323894,-0.00290283234577935,8.231885122639266
2021-05-01,-0.04729109394797942,0.004909049178351337,0.008242681123508015,0.014472831816170257,0.006018546142626462,8.239329415151964
2021-06-01,-0.045555235733273705,0.0041093900976423015,0.024172881909426985,-0.0029198592949462934,-0.014363435647073486,8.24659364169591
2021-07-01,-0.04296719675070921,0.001369996649474735,0.03319639017225702,-0.00639148962627818,0.011336265364056035,8.25392416344203
2021-08-01,-0.039753384022249476,-0.0034444021291302747,0.03490770277892852,0.002824765092931345,0.008006861803442527,8.261353880822789
2021-09-01,-0.03272223098166374,-0.008025527838993924,0.03386863736804155,-0.004082731793260777,-0.00921845592190849,8.268588460315735
2021-10-01,-0.02243151625393951,-0.013106942265356969,0.027325282188021396,-0.02283787838070114,-0.008898121609599123,8.275676718175381
2021-11-01,-0.014492399282090148,-0.01720941023421835,0.018972229179866983,-0.013931590827750601,0.01283253588557287,8.283304037033767
2021-12-01,-0.008914993485430315,-0.019957253270330454,0.00888113219976097,0.020996487767387297,-0.007702771213114686,8.291487689435142
2022-01-01,-0.003306782433771735,-0.022579418871281072,-0.007249988427928037,0.02652985208124553,0.0006321989241428443,8.299927806482486
2022-02-01,0.0009718219355585946,-0.024606612780590682,-0.028912552616228375,0.007317557533243588,0.01431027389821498,8.308798030074158
2022-03-01,0.008110192393450703,-0.026320369501302465,-0.04195114011001858,-0.003999901331579491,-0.008819517482416371,8.317622400190322
2022-04-01,0.01843485845199082,-0.027809741679585193,-0.04582307455251901,-0.017044081102288975,-0.013217734995180521,8.326367569971252
2022-05-01,0.028770669057319644,-0.02851042683841127,-0.04715538769300387,-0.016247596057912914,0.026535775898978493,8.335415104808606
2022-06-01,0.04009055807334737,-0.028472579277578357,-0.04232338065285418,0.003881637573048606,-0.04124609898108478,8.34465962967945
2022-07-01,0.04755763516364469,-0.02651421717583816,-0.032037597033369725,0.007344841390286612,0.03333735223209047,8.352328043629694
2022-08-01,0.050352571243002034,-0.02238795876478047,-0.016139368360246622,-0.0025033515144887476,0.003976910381428878,8.358283324862894
2022-09-01,0.05146063189034293,-0.016640858044891377,0.009007025218741766,0.002629602199761354,-0.012759146943510533,8.3632814227896
2022-10-01,0.04940867304221821,-0.008858617031865045,0.04383356934234457,0.01771565738793386,-0.011086948513931718,8.366819380817281
2022-11-01,0.04625982621188716,0.0004478581944308282,0.061371504205539544,0.010315541662648656,0.014016291877191136,8.370005665819669
2022-12-01,0.042186650585040376,0.011320069253706705,0.06011924512693621,-0.01768039435277684,0.0051515247575547145,8.372873439984062
2023-01-01,0.034811285469693275,0.024438589640457403,0.05371466629104019,-0.019685918131727886,-0.009142887733253955,8.374411697402042
2023-02-01,0.02449881969092852,0.03977276984182461,0.035153915794654766,0.0008341457505008851,0.0019364360665180117,8.374823337106804
2023-03-01,0.01596509592795561,0.047819172588810424,0.017701065748379517,0.006485658420398353,0.006116237017131876,8.375239590071232
2023-04-01,0.009244133040046726,0.04777508471360457,0.0024864406857911065,0.004608844737316265,-0.018453641227522913,8.37561031586388
2023-05-01,0.0022463781797022976,0.04415079143982216,-0.023040761566729354,0.004189065044566432,0.017654070925778045,8.375502357449498
2023-06-01,-0.003883149059371544,0.03428336780360179,-0.056126235104097026,-0.00031967421366036223,-0.004079712192126869,8.375169442590673
2023-07-01,-0.01259419665551286,0.023919678720037082,-0.06562650585140528,-0.003463638044378486,-0.0046676129076990685,8.373642218092057
2023-08-01,-0.024173856530743894,0.013361775641858914,-0.05023651820960255,-0.004984368256024583,0.006767694924706266,8.37084170730285
2023-09-01,-0.03599125251321405,-0.002629277573685475,-0.02292343791806275,-0.00029973949322896937,-0.010417210282393386,8.367440086391705
2023-10-01,-0.04885511810742283,-0.02292960865447329,0.024592096898987174,0.012485240901010958,0.019673183451603578,8.363201040167025
2023-11-01,-0.057284338494502374,-0.03441167983013077,0.04518461547568852,0.007719974073810555,-0.016959442260437003,8.359454923623792
2023-12-01,-0.06045060784247743,-0.03654013336741201,0.03514510587547112,-0.014856763341181774,0.0013302077019097637,8.356388964571364
2024-01-01,-0.061522140275601295,-0.034848547796936455,0.024362940881080614,-0.01279768787844287,0.004235259556514056,8.353191538634263
2024-02-01,-0.058851093284651435,-0.025864107070352593,0.0009503678589412208,0.011003515783337608,-0.0007264777416200513,8.350248493577768
2024-03-01,-0.05500176661064272,-0.018647250584744833,-0.01294875419215002,0.010482000032926696,-0.002247875499363397,8.346926564789229
2024-04-01,-0.05014961635444941,-0.013678766419003872,-0.013614710960329221,-0.008849681589465747,0.003617862888938,8.343161391875823
2024-05-01,-0.04150736374441207,-0.0034411925321520325,-0.02144778474278275,-0.007206694684440978,-0.005229511686177575,8.33960991497553
2024-06-01,-0.02953226733858111,0.010181208742932825,-0.030756602927798873,0.009584918846137408,0.00907178454474944,8.336143016272834
2024-07-01,-0.019222626091431112,0.018003473402549257,-0.02919348537320498,0.00858329800615085,-0.0064602397370837564,8.33152736319961
2024-08-01,-0.01057929503765054,0.020093824233725636,-0.017797464564275525,-0.005502504689613483,-0.0016549512030666746,8.325743832649161
2024-09-01,-0.0014288451122730973,0.01956263683535463,0.00197990830277315,-0.0072611244684026395,0.006512922642828139,8.319301883450933
2024-10-01,0.0070277167137812535,0.014103755323783738,0.033124863540260056,-0.000907150230413255,-0.010690505914090046,8.311890868826366
2024-11-01,0.018534079591829008,0.011032620050155564,0.045326183330460144,0.002933008692076448,0.009098942876716885,8.304399493848042
2024-12-01,0.03340073236416107,0.010663274331349304,0.03671173714673117,0.008112328736835055,0.00020653928728926046,8.296884205632248
2025-01-01,0.048813550447642476,0.007396587182131684,0.02445579110981373,0.0013537923135246775,-0.002534498963649958,8.288643397810528
2025-02-01,0.06565569363073295,0.002782960969028428,0.000886313957034974,-0.019688825416634973,-0.003971244632573385,8.279872247877245
2025-03-01,0.07699217051274013,-2.6569195908248875e-05,-0.011006032742649701,-0.013490297243670821,0.0034598751896373074,8.271962468214067
2025-04-01,0.08183710528597853,-0.001380845474380936,-0.008495091468268308,0.01933540867541556,0.005497733309087503,8.264974256805054
2025-05-01,0.08410175585188268,-0.0017124424929013304,-0.009012426403017573,0.01959937302658104,-0.007724403208540746,8.258391695066347
2025-06-01,0.0817201638809654,-0.00030891609745806897,-0.006696097484642271,-0.007591297481929323,0.002306334455796988,8.252595692799888
2025-07-01,0.07805965311967053,-0.0004641578400267543,-0.007649594274604653,-0.010683650613088631,-0.0016669452872536607,8.246614640610394
2025-08-01,0.07334122137111669,-0.0022483682794709713,-0.013926154649253222,0.0018968170112290473,0.006345625203274249,8.240423707202035
2025-09-01,0.06400042693339698,-0.0034356127241471934,-0.01792759769499589,0.004613862272204745,-0.007690145855486034,8.234850126418507
2025-10-01,0.05064671169397602,-0.004728749699804925,-0.021486676651003723,0.0047413313472701194,0.0041525664069762495,8.229709641257413
2025-11-01,0.03939885874805844,-0.005815554468097841,-0.018679237062367737,0.003665516708016148,-0.00370670542821389,8.224250876117784
2025-12-01,0.030243769143707324,-0.006443083142682496,-0.007902146989909032,-0.0018788763010798915,0.007967438883589367,8.218522494563983
2026-01-01,0.02055720232719665,-0.007259216959554658,0.0066691750918429,-0.011256902690558897,-0.004589056040638317,8.212777117845313
2026-02-01,0.01180736421170312,-0.008131060068332922,0.027098079451803387,-0.025541732788774144,-0.0025988054798205132,8.206849089477089
2026-03-01,-0.000627066532195881,-0.008651621757360341,0.03434341835116511,-0.015555441902775182,0.009888406695300738,8.201424429051501
2026-04-01,-0.01712172300982401,-0.008873462763301207,0.02652361113868794,0.02112128037275751,-0.02465851563973049,8.196552428495096
2026-05-01,-0.0342135328853204,-0.008878990153760931,0.01460434724624664,0.03640325543436828,0.020187175885804813,8.191768131964942
2026-06-01,-0.05299010399142467,-0.008586293393060636,-0.006609396807605449,0.03486272852299263,0.006885367381645208,8.187236763474827
2026-07-01,-0.06624157708337064,-0.00788320221936587,-0.016416375901486428,0.014041863525290108,-0.013025427143370051,8.18174971835365
2026-08-01,-0.07289120126827384,-0.006737006884837045,-0.012656768553091283,-0.03709255135492246,0.0020584550869000126,8.17514856368011
