fecha_fin_ventana,observaciones,r_cuadrado_ajustado,coef_const,coef_D.ln_terminos_intercambio.L0,coef_D.ln_remesas_12m.L1,coef_D.diferencial_tasas_pp.L1,coef_D.deficit_fiscal_12m_pct_pib.L1,coef_D.ln_dolar_amplio.L0,coef_D.ln_vix.L0,coef_D.embig_colombia_pp.L0,coef_D.ln_reservas_netas_sin_flar.L1,coef_D.asinh_balanza_comercial.L1,coef_D.asinh_flujos_capital.L1,coef_D.diferencial_bei_5y_pp.L1,coef_factor_monedas_regionales_4.L0,coef_dummy_pandemia_2020
2016-04-01,120,0.5709214883569942,0.0042211948472095084,-0.08623031433662522,0.07561397109606831,-0.003990646977663536,-0.004932065668125845,0.3198811188788102,0.01004740207571073,0.012991762990128632,-0.3012506775510434,0.04917854057889238,-0.005046789637093591,-0.011588931047263443,0.01609678565076248,0.0
2016-05-01,120,0.5767087828077364,0.0033676531232496106,-0.08514190148416262,0.055494005140004646,-0.003318895309537921,-0.006587911284023337,0.4414857158368198,0.006158784568326636,0.013132578519093597,-0.2685953785145395,0.0476465748576614,-0.004554300821620309,-0.01195888846425659,0.014942906528252293,0.0
2016-06-01,120,0.571918515678646,0.0029337527138995952,-0.08911738736297391,0.031155940673100915,-0.003280674946095049,-0.0062700233592035675,0.43426642632086343,0.00405911853654841,0.0133271099386011,-0.23650532550321182,0.04800941796531778,-0.004443867082138727,-0.012295062809931156,0.015165062474697108,0.0
2016-07-01,120,0.5719111828868709,0.002899019836449157,-0.08938097966908864,0.028942408087557464,-0.003287077534679016,-0.006293553350040275,0.4319180223791108,0.004004707503476951,0.013298438969189244,-0.2336225212488905,0.047845904990725975,-0.004579837222133195,-0.012298806486470212,0.015224020913512671,0.0
2016-08-01,120,0.5717314874687396,0.0032378573060770272,-0.09699715992927674,0.05440918385873031,-0.0033965690313413114,-0.006489784349854812,0.4082292352326295,0.003843603067079286,0.011604024415956048,-0.243296529315493,0.047444865131557046,-0.003031047877019125,-0.012599862309855256,0.01591124134342031,0.0
2016-09-01,120,0.5701339697204957,0.0030289224353702965,-0.09990126907666315,0.06432394401820361,-0.003962047274015069,-0.006766684828501342,0.40451792984686813,0.0016991799206179728,0.012924646784933807,-0.23323248598827828,0.04980163316913409,-0.0031689592213151353,-0.012352580323176196,0.015565786524284416,0.0
2016-10-01,120,0.5693802188407325,0.0030333630061955665,-0.10091403168657889,0.06866827428448434,-0.00402987839430453,-0.006858001260427533,0.40098675032358894,0.0017834095629398403,0.012666000815399881,-0.23272686117866587,0.04945338531458714,-0.0033012111149915437,-0.012131611182965706,0.015624778422874446,0.0
2016-11-01,120,0.5755155138970568,0.003430977464460716,-0.10177699421194912,0.08160760243505105,-0.0037638663309363905,-0.006496795403429027,0.4046571986696413,0.0010600556708450504,0.01302943274993713,-0.2468369048914154,0.050712653016272605,-0.0027612006507299193,-0.012128087823545308,0.015634434635064257,0.0
2016-12-01,120,0.571385060768189,0.003315590273853226,-0.11606642151373178,0.052816669918915024,-0.003205567857245329,-0.007261298060325102,0.2994306784970744,0.00048228214438311885,0.014620332892655338,-0.23520353265455055,0.05137437439311232,-0.0030925287702157655,-0.01300054901925972,0.016438882628254204,0.0
2017-01-01,120,0.5739191490284907,0.00332352767872701,-0.11985052041971608,0.06151621479060376,-0.002984858483193556,-0.006933841352356264,0.3079186587967125,0.0012810911930234148,0.013744871380288886,-0.23347102067855272,0.050223942937714205,-0.0034391155637137037,-0.012927527542470495,0.01640200344775549,0.0
2017-02-01,120,0.5752856530984634,0.0034248280007058087,-0.12101739099806849,0.06251135301787687,-0.0030929875127840814,-0.0068091839216616505,0.3087934999603551,0.0017059297774371807,0.013845630941402516,-0.2433035537100717,0.0499917573573106,-0.003400272809042133,-0.012869267697154506,0.016208383713138957,0.0
2017-03-01,120,0.576539772613916,0.0038657402391739206,-0.12577544903553214,0.049070018978387225,-0.0029957741490444514,-0.007007445897321467,0.28029696891568967,-0.0006334376461791177,0.014837904569159354,-0.29302422997201083,0.05266229208042583,-0.0028309456689293937,-0.01325506077211314,0.016448880450600174,0.0
2017-04-01,120,0.5766745172181018,0.0043983332791279195,-0.12791029215861868,0.030591313701230194,-0.0024901971673808804,-0.007504491008673453,0.2886625900437609,-0.00013127833463168204,0.015194983257328286,-0.4022998739772842,0.0567551591116298,-0.000581570482266214,-0.012980685727725979,0.01634045978831381,0.0
2017-05-01,120,0.5801609260499188,0.003285615112109704,-0.11835024439820266,0.04703454864576505,-0.002293809254022296,-0.0075489737219732005,0.3094114904001109,0.00030510623114632027,0.014806058567152815,-0.21549292314134286,0.05191997534875777,-0.005536056734948208,-0.012779745577872181,0.01571717997580844,0.0
2017-06-01,120,0.5802285973717535,0.003263252205274819,-0.1184395410843131,0.04471139076331479,-0.0028661544523409404,-0.008605485485788133,0.2835940496493348,0.0031005325349556852,0.012767609498243737,-0.13174267392113345,0.04785241065335157,-0.007312513985359112,-0.012115094980438612,0.016211423634736846,0.0
2017-07-01,120,0.5735075237846528,0.0036819094596321792,-0.1214484829029342,0.07397559259752698,-0.004142668886776554,-0.008363132281833899,0.23582948363252476,0.0025611728440642634,0.014286362832597984,-0.15350027657735654,0.04939037248673019,-0.007732637549203447,-0.011936295468980439,0.016114724968076602,0.0
2017-08-01,120,0.5830626235407026,0.002783022751406231,-0.11946989143235091,0.04100038857261941,-0.004719144077481041,-0.009314591635284104,0.21631973059870108,-0.00489422140419544,0.014680201769227977,-0.07355716436693746,0.04750799431925855,-0.01227645478317748,-0.011829510064248509,0.016682180375911473,0.0
2017-09-01,120,0.593370830689025,0.0021294471853502426,-0.12391109058425485,0.013189797323653649,-0.005593385405749152,-0.00858027500397472,0.30091482508483275,-0.0019905231215091024,0.01247536128458919,-0.048172756038291464,0.04732560014474561,-0.0098816591029626,-0.012336801235958792,0.016478298266242065,0.0
2017-10-01,120,0.5837801593837874,0.0020854981323939386,-0.12581467551800893,0.010041011542043565,-0.005389213831105759,-0.008499411616087381,0.2881800688189084,-0.0021595682786766934,0.012738512389819812,-0.046906800709331925,0.04727593407565501,-0.009989759978268366,-0.012426411593406517,0.01651402869418008,0.0
2017-11-01,120,0.5880375560351039,0.0017744751966996823,-0.12350309264848347,-0.011424730689592016,-0.005843954603259463,-0.00881333649409241,0.3515841066941129,-0.004357695185048929,0.011625953789749538,-0.03732271278223742,0.049198417400278506,-0.008827336327117921,-0.012155679986109764,0.016447272687146137,0.0
2017-12-01,120,0.5904292470835697,0.0017020550178899329,-0.12040578073633586,0.021355385827349554,-0.005417023815100206,-0.008491972170286247,0.3975843790430573,-0.005490962958015143,0.01152560467397568,-0.021419280413852243,0.05051494188403188,-0.00872672744928498,-0.012167150430841883,0.01580913246411289,0.0
2018-01-01,120,0.5948534355493531,0.0015329905301619223,-0.11960411254532036,0.014247631146482045,-0.005350623081868047,-0.008641964816929519,0.4088978767057646,-0.006383376587746882,0.011322295945075167,-0.010616922098567738,0.05068962189050431,-0.008889586199488313,-0.012233326881623596,0.01593334182237361,0.0
2018-02-01,120,0.5912211819304527,0.001452282317729411,-0.11524316731034108,0.022498770432016417,-0.004998170623569212,-0.008570015666049481,0.43300553965858996,-0.008336001345591131,0.012662603250772224,0.009968923861393947,0.052090192514857234,-0.008770398414168493,-0.011783460498060436,0.01523385584554953,0.0
2018-03-01,120,0.5817810101219361,0.001088225739807983,-0.11627989848359832,0.001629309940337366,-0.00544501574246291,-0.00855094585020994,0.4613893343175358,-0.005373475762782912,0.009996282870316245,0.013460903614175346,0.0491624468441086,-0.007752421907025792,-0.011721452868603082,0.0157025141345214,0.0
2018-04-01,120,0.5838985854694452,0.0007727943108603527,-0.11849544719386043,0.019876668399177566,-0.003945402064496771,-0.008698652199057584,0.47046369830737544,-0.006730740246225744,0.009115142006554972,0.06629303783257845,0.05168386506175911,-0.008983740727671129,-0.01148062061473525,0.015340931804736009,0.0
2018-05-01,120,0.588755607246277,0.0008762028596848246,-0.12050301165656065,0.030393850861657565,-0.0026139737774286734,-0.009709467386177067,0.42740593570853114,-0.006285907746540229,0.0069531119388786585,0.0683099235676986,0.04916165045388653,-0.00898608133671095,-0.012573780511879233,0.016484966380994844,0.0
2018-06-01,120,0.5956496392021405,0.0010288178671805127,-0.11666344221226661,0.05914973576422805,-0.0012093496756220043,-0.008531757196974786,0.3885579681714101,-0.002636266137393717,0.004617155675713186,0.08571136862025452,0.047580014143995084,-0.009994025407491803,-0.012458628127962793,0.01736091144022472,0.0
2018-07-01,120,0.6118097134479261,0.0006795273914498466,-0.11883838578102665,0.0653879343786629,-0.0007957254532075303,-0.006878323810719592,0.36950775417652937,-0.0016935158571195208,-0.0006636984719351757,0.058081289412818315,0.04617904225477169,-0.01120221854729423,-0.014361647587337614,0.01942591685334732,0.0
2018-08-01,120,0.6056305440697904,0.0012411907159617466,-0.11664785481830739,0.05597821764432338,-0.0004526093166472868,-0.006556127753635013,0.3308896985776282,-0.0007392208356726019,-0.00014455738746891808,-0.0030970568293537948,0.04572792697448211,-0.010256608786781344,-0.015123482605093674,0.019883769533834753,0.0
2018-09-01,120,0.6006254289247052,0.0009789864843280445,-0.1190665038865926,0.11075226554084265,-0.0018006918300466075,-0.008113068494165996,0.3461604879234648,-0.00633088130342087,0.0019559388917555105,-0.03766390596864361,0.05032733388250465,-0.009045343719247216,-0.013124966018342017,0.018102602861015834,0.0
2018-10-01,120,0.569181910125876,0.0018592587853341436,-0.10146116743399074,0.0916846954297375,-0.0031216692032170583,-0.007911893293961282,0.42660834704688283,-0.0034066487903711227,0.014800313946343317,-0.05740984400919072,0.04997868936599888,-0.006792081573378874,-0.011632158116247755,0.01608728668864952,0.0
2018-11-01,120,0.5752243092200756,0.0024164763930090384,-0.1084553587312967,0.07603008282872703,-0.0015254572276673776,-0.007737636527339822,0.43950770532884414,-0.002527521755984986,0.014155461578995518,-0.11037033676137847,0.0491485726250888,-0.007489438942581954,-0.010342991299041268,0.015617515120111995,0.0
2018-12-01,120,0.569746409666886,0.0027476600748528378,-0.10811025644576142,0.06175306323749383,-0.0011495792249099043,-0.0076562271372150525,0.4252561478519512,-0.001963729000480614,0.01403989516939097,-0.12986189634184725,0.050254856753026364,-0.006398648291171941,-0.009636369586418413,0.015939893614245117,0.0
2019-01-01,120,0.5709535759321612,0.002771103134487773,-0.10879943286641175,0.06459760790355365,-0.0011455369118062338,-0.00785572608269419,0.42403756613070887,-0.0025615255810818643,0.014314067288099102,-0.1265914267586835,0.05038887373569131,-0.006325686955763554,-0.00965117149104582,0.015864605178646338,0.0
2019-02-01,120,0.5617768548927028,0.0020686406075477197,-0.10317544956284115,0.111297455621509,0.0007405904732996561,-0.005077705049555946,0.3491511013933305,-0.004788971833123559,0.023707245096330834,-0.01815004195629205,0.04372494395344101,-0.005192860830850078,-0.005649739308582959,0.014301774109008875,0.0
2019-03-01,120,0.5593099753740824,0.0021889790784907393,-0.10071169031596505,0.10569739609354878,0.0005126892865944732,-0.005186776745583269,0.3518331797843723,-0.0043687111033482925,0.02452185679212833,-0.042970096467739416,0.04254002796129629,-0.0054258593269591445,-0.00565865051386551,0.01404001607314758,0.0
2019-04-01,120,0.5528797523116149,0.002256136051355469,-0.09635232594447769,0.10086476485090196,0.0016884024428729417,-0.005167995153239962,0.3443807627344451,-0.004644472888365275,0.02588472531946277,-0.03941390880892742,0.04075927746133639,-0.006504215210719307,-0.0052631611586840595,0.014059272504523948,0.0
2019-05-01,120,0.5374859601269473,0.002336599574477273,-0.09663602243479028,0.10535387631237755,0.0012974617815183554,-0.005506946843141638,0.33160183416557465,-0.002777436336324806,0.024187672995893302,-0.02899983893004135,0.03793498395020488,-0.008320499423122215,-0.005515614825852203,0.014476833383066604,0.0
2019-06-01,120,0.5423294162894596,0.003003940410113257,-0.09123255490587998,0.052445094339928486,-0.004790334476241777,-0.004470817614244714,0.2811949380612693,-0.001193435678963484,0.0211828578815593,-0.09324302511645258,0.046880378920892106,-0.005597253555661816,-0.007479381605777825,0.015760391073908423,0.0
2019-07-01,120,0.5512298908299318,0.003179602125572261,-0.10451269790344397,0.017925323242782884,-0.01133878587416209,-0.003709167593218671,0.26659203120369135,-0.0023484317150411684,0.02116571696045426,-0.09228858793662043,0.047752739700480065,-0.0054716985523386545,-0.007082862371827989,0.016045077266301777,0.0
2019-08-01,120,0.5693515712232745,0.003128925479772587,-0.1097394634318871,0.08187342391931934,-0.009623505918985597,-0.004653295157889087,0.24000698967170403,-0.0024306544108298068,0.020662837930955733,-0.1306642109337731,0.049512818254277106,-0.005773182435834286,-0.00820401507379753,0.01697225720967397,0.0
2019-09-01,120,0.5691996504661172,0.0028281592459084627,-0.10609504571603474,0.06276379970598325,-0.010123776324769362,-0.004908971423303857,0.24738226315115397,-0.002579788042222782,0.020649522488719874,-0.058301352522845906,0.05063050247875173,-0.005903235230193251,-0.007117242014447291,0.01704282618442768,0.0
2019-10-01,120,0.5595548494521609,0.003157593224561067,-0.10618497747178593,0.04602172536345972,-0.009814042115017404,-0.005012486372300358,0.22198605463897605,-0.002318201688531472,0.020852200225749018,-0.07219294069871984,0.047914584075365654,-0.0072300356532988205,-0.007221523336855582,0.017097331850027854,0.0
2019-11-01,120,0.5776297107791639,0.001455055019877816,-0.10225435419672263,0.16373582578632928,-0.006153652636383379,-0.006539091673787145,0.2596415202560961,-0.0017101989160167134,0.01755948803707652,0.02750946908758306,0.041792059264999244,-0.00946115390173077,-0.0062281113427670965,0.017485669757683574,0.0
2019-12-01,120,0.5783557649283434,0.0014604432119372933,-0.09977266348707128,0.15288729971550014,-0.005832959338223466,-0.006247895246512972,0.2518485676817992,-0.0008910943902317829,0.017934271188858635,0.02636590754362425,0.04188988649922594,-0.009366299873647252,-0.004902834440019629,0.01750321284580594,0.0
2020-01-01,120,0.5794027191202991,0.0016091970297972494,-0.09464287943254258,0.13579339535342974,-0.006768318266710982,-0.005956248430529908,0.2619986658878807,-0.0006062569020511641,0.018546610406080036,0.017647712133465776,0.04228030249956322,-0.009539891120587795,-0.004778137680616227,0.017289516226179424,0.0
2020-02-01,120,0.5954588302218936,0.0027149635318532276,-0.08580444164306207,0.038923056417486016,-0.007416920178752857,-0.007112877247441489,0.2810482743181486,-0.0007573157509405126,0.023519192381762997,-0.04079489405829831,0.0420679367220311,-0.007909280338696511,-0.0016687339252974302,0.01708255806534075,0.0
2020-03-01,120,0.6444282878614356,0.0025428208152567006,-0.08688784478465844,0.057995604130613276,-0.007187812873113565,-0.006925856684599231,0.28013400457473037,-0.0008915798139266014,0.02389003055696178,-0.03396669179379269,0.04188995780136799,-0.007947680039216231,-0.0022515818732990875,0.017066054098082616,-0.013432964246706883
2020-04-01,120,0.6533523461344595,0.002157759978859991,-0.09177148704888707,0.08164249478024801,-0.006911121662633685,-0.00677146718841137,0.2714935141908273,-0.0012840960915308976,0.024640676107015532,-0.028250487147307157,0.039031454485304914,-0.009138354198953364,-0.002210459133288255,0.017163167695136435,-0.016068518042458898
2020-05-01,120,0.6581972217925266,0.0023218439119767936,-0.08592575785891121,0.05469243520791095,-0.008250581984166816,-0.004681655103133712,0.39209267567741235,0.0030926913930912295,0.020141772221104033,-0.01863678545341385,0.038858577825200934,-0.007072348533985936,-0.005798590199017257,0.016204740269499803,-0.001986451290547345
2020-06-01,120,0.6693538554902098,0.0027983532202857687,-0.0765909472863665,-0.002407235412776154,-0.012263839093236507,-0.004662025494642265,0.435465267198206,0.004110669555278891,0.01965306138984723,-0.004610840075258027,0.03604338479295488,-0.008076536294331024,-0.005199773942092089,0.015767507047609222,-0.0006157745462952932
2020-07-01,120,0.6637938230621707,0.00281292100810686,-0.08113262667136449,0.014042862949424584,-0.010351673651276903,-0.0057216811037220285,0.46327816017179474,0.003457150034982476,0.021196585514340317,-0.03885080619935888,0.04182552182540512,-0.0036959159802231484,-0.004470127710809716,0.015463085375249128,-0.0029633498757210344
2020-08-01,120,0.6492005114783506,0.0033434724153738457,-0.08877018594647904,0.0026247697107428802,-0.011353779686655678,-0.005718676487919572,0.3222045570512019,0.002730714307602038,0.016227399184901927,-0.06535467693220168,0.04191597531258507,-0.004344509592646249,-0.005030958656054876,0.01832612974087005,-0.0021106047285629065
2020-09-01,120,0.6491542337852466,0.0032769273275048937,-0.09019084568353901,0.013022689844709473,-0.011034815069711424,-0.00588475411144762,0.31341016920983733,0.0020884379400996616,0.01613940108004272,-0.06424967126401537,0.04182626812470448,-0.004411833269254026,-0.005424498062807112,0.018492987374815938,-0.002025647150240898
2020-10-01,120,0.6599823691351827,0.0033457680459718585,-0.09006801441606058,0.013292372268387451,-0.012296083136563272,-0.004267762167966713,0.4179998064489805,0.004276649006009148,0.015286454242561467,-0.12838474625476176,0.04433500403637409,-0.004115879451552235,-0.005547843828158491,0.017332344211041253,-0.0018971494452235897
2020-11-01,120,0.6657127678777526,0.003132688506650352,-0.09049655791050883,0.012867709928516186,-0.011251672734657561,-0.0027948189599536445,0.4252107692148942,0.005200459346036079,0.016442451649135312,-0.14512573494182446,0.042677134280296944,-0.0039547357008314805,-0.005386930977732571,0.017181207986677435,-0.002939796353509088
2020-12-01,120,0.6798801889717325,0.002476442159415685,-0.09703182152255724,0.013172477831327398,-0.011656711714422908,-0.0033706499740119903,0.40231105834360836,0.006802892074680541,0.011685437640859464,-0.12241916300361513,0.04374360270879063,-0.0038890781421790713,-0.005028116292562482,0.018693409645840747,-0.001996616111051317
2021-01-01,120,0.6752963357691215,0.0023644064404487655,-0.09398642873399238,0.02070219499387932,-0.011212378962824437,-0.002363480738531854,0.39895824284842607,0.007314863165839751,0.012566628906069341,-0.081852271254091,0.04478161121348899,-0.002748655272773473,-0.004123953771656636,0.018780132748486833,-0.0030281919319381286
2021-02-01,120,0.6820763834768463,0.0022840818320881517,-0.10264582494800932,0.04207296412612768,-0.011016870386870424,-0.0013383752229209297,0.40231593351802836,0.007058108475363511,0.011424889323891458,-0.13872585358306294,0.047030142288651954,-0.0015945603810867811,-0.005786327137154579,0.01911800949690797,-0.0032431055636717616
2021-03-01,120,0.6826441591157772,0.0022814209395976316,-0.10034400405987004,0.045561882690368455,-0.010869571183804648,-0.0013808179986534428,0.39373017451006453,0.007410611328792128,0.011522872437415226,-0.1322539924084568,0.0479346391391672,-0.001634938273110214,-0.00575140229315135,0.01914543380879614,-0.0031483442497092333
2021-04-01,120,0.6752266370546102,0.0024677310397082926,-0.10771778563774859,0.05760609062088362,-0.010524813043474497,-0.0013978450630544375,0.3769642716636361,0.005501365310044987,0.012581661948811171,-0.14401895266579584,0.04893188836080954,-0.001587689662992939,-0.0064553602376461044,0.01890150208292332,-0.003487691279476379
2021-05-01,120,0.6720096660852481,0.0022995611186343527,-0.10966521971500147,0.14440624560546267,-0.009105899695832215,-0.0015558913253802984,0.3312450972281965,0.0050718842283432024,0.013033177911276013,-0.1475382282057025,0.04951988915763273,-0.0009885257694068322,-0.008506149999455415,0.019307982237812146,-0.0031893826969249077
2021-06-01,120,0.6689169691921772,0.002522633730595259,-0.11317688179319806,0.09212510296110976,-0.008933732174043054,-0.0013042528752067993,0.3369386144871978,0.006833478020641076,0.012642292649351083,-0.14980077803462474,0.04982700465744509,-0.001376527275466874,-0.007902481177027746,0.018854425837520533,-0.0035901520747844244
2021-07-01,120,0.6698900309629593,0.0025937676399001835,-0.11206419476851862,0.10055103417590194,-0.009502190787289921,-0.0011519028733163249,0.35420786905907026,0.006696748288016688,0.013126983472128956,-0.16794982548816595,0.05084075207231058,-0.0010099105407110325,-0.007945454033444151,0.018693893787111816,-0.003718721006334056
2021-08-01,120,0.6711470451891743,0.002334747523121559,-0.10134351860199685,0.07216594777368282,-0.008575152835440964,-0.0008824114666267535,0.42300763039069394,0.011878210529819777,0.013783417904423417,-0.06499249987777214,0.05263630828454556,-0.001478946039170555,-0.0060687866923214324,0.0171400661978003,-0.004044947570887714
2021-09-01,120,0.6742614991503635,0.002361090765123618,-0.09000903758909813,0.06703852886070699,-0.00774835128953804,-0.0003454884132162811,0.4726167348222319,0.011970143294950424,0.016111416564428827,-0.03441208915190752,0.05042625810842516,-0.0020752355592302332,-0.005717863270831404,0.01667770806839455,-0.005109595446246781
2021-10-01,120,0.6670327813413734,0.001583602910105487,-0.09704107264579481,0.10811377108939665,-0.006799989106895896,0.0007094864918593269,0.48523778127704276,0.013629747092281732,0.01529647722120177,0.005569424728094741,0.04433229009436986,-0.0031863786693669518,-0.007123349171905781,0.01614251234794989,-0.00397366036545569
2021-11-01,120,0.6663048896676753,0.001980145808829034,-0.09417989610655352,0.1039350630912545,-0.005128503038506127,0.0026292489851885577,0.4837510990352297,0.013050488724547117,0.020118786575871565,-0.03737648451786457,0.04515021208380975,-0.0026664263275482823,-0.0075727164275353025,0.015305938112632422,-0.006290249564452011
2021-12-01,120,0.6657076582910546,0.002098012148941615,-0.10073316932694984,0.07064046274551475,-0.00761528476111995,0.002861545051534387,0.5012299985798534,0.011731373270339948,0.01867488810552668,-0.04727282646776304,0.045176754851163126,-0.0026118061210578837,-0.006380925604252236,0.015411305941410523,-0.005919986608660516
2022-01-01,120,0.6403587383053411,0.0032459221061643517,-0.06955027613669931,0.04587659382406595,-0.004900366947711312,0.004621096093298234,0.6050363093684512,0.014602092482853345,0.0281537580120652,-0.08459068630600797,0.03666476921374194,-0.003011057960670165,-0.004252644481642247,0.011341601730922267,-0.008063018880910409
2022-02-01,120,0.6354973028949491,0.0032451148346078055,-0.07111835543681341,0.04722892581576146,-0.004969825651809965,0.004810565834627481,0.5950406358305378,0.014435502601616055,0.02790126872626204,-0.08512803609612354,0.036495730569689376,-0.002981067934610059,-0.004405468802570677,0.01148865080367491,-0.008006315802840922
2022-03-01,120,0.6380361346532955,0.0030537436634320136,-0.08237896071705056,0.057761384877857314,-0.0071997149121459415,0.0043307192526963805,0.5542767710350842,0.012485282868105426,0.02602726984277157,-0.07973680294944296,0.038037849381744114,-0.0031824995527789165,-0.0056284327387736395,0.01250109353043228,-0.00689187846015573
2022-04-01,120,0.6392444993445772,0.003074156540190246,-0.08444126644297426,0.06159869791336027,-0.006395012230460435,0.004202830281606157,0.5423789769067955,0.012513987604019883,0.02587011276149052,-0.0718049702602335,0.03825093365463743,-0.003181899417117687,-0.006314591868137771,0.012681356125491887,-0.007122864700574178
2022-05-01,120,0.6577699912538248,0.0032041921897098054,-0.0977032511020848,0.07546393361162027,-0.005042580559009,0.0026809333432806577,0.5644132370914491,0.011240666172275905,0.025469317193421936,-0.03440542563120047,0.04036164862329805,-0.0025702225459451446,-0.008305501471753754,0.0131012535143777,-0.008671008871739105
2022-06-01,120,0.6674082732173805,0.003423448656392515,-0.10110982789141039,0.06362008704079009,-0.005191463719171434,0.0025985760417439954,0.599027794546839,0.011793457909540114,0.023511176173364408,-0.013346584518760335,0.0397100328883004,-0.0030083341844523324,-0.007048273174314261,0.013141490007679012,-0.009050793862222187
2022-07-01,120,0.6872974383797594,0.004105410478785871,-0.09784532786074729,0.04812148891081533,-0.007105650755239067,0.003000719755162231,0.5457383344365514,0.007549361455886364,0.02812037366368621,-0.14420318969831436,0.040777127328150406,-0.0018691841714973817,-0.008485768000084324,0.014783784647103263,-0.011573080966730641
2022-08-01,120,0.6917055061337231,0.004040307000970689,-0.10152359993102064,0.05434462489527605,-0.006086975298452797,0.0032433527061235027,0.5540646749451181,0.008209841546294484,0.02715212269996,-0.16210757291718225,0.04134180861798248,-0.0013823897222216327,-0.007535697023952999,0.014754016551864734,-0.012071474066422753
2022-09-01,120,0.6945216719768557,0.0038327534436990935,-0.10778004376934008,0.07016574044310564,-0.006098330547730155,0.0033908681050848315,0.5792163458438013,0.008365577950582598,0.02566424412095677,-0.1794442538626393,0.04026805771315511,-0.001091196762096392,-0.007506692674750545,0.014805729416074912,-0.011965513514251283
2022-10-01,120,0.6946565603467977,0.0045910656156982164,-0.10287308725203735,0.013932117954901489,-0.008178612723220518,0.003920003821338139,0.5877471514485875,0.007691410480946605,0.029668316244039372,-0.25403079582601784,0.04046294447414891,-0.00025865947668655357,-0.0039686817214625225,0.014327530752457112,-0.014271111033429488
2022-11-01,120,0.6426034954060703,0.004995307504702149,-0.12210406251158065,0.11287597628022589,-0.004179547844610084,0.002921949986559717,0.43816648782962575,0.008118627610626173,0.019068010383528598,-0.2639170570231808,0.05168340507798251,0.001723094387358199,-0.001930231819795963,0.01629358356299537,-0.012454840814472795
2022-12-01,120,0.6447062539477589,0.004982469243256554,-0.12232659541750236,0.11479172682305243,-0.004152160711414517,0.0029840520549999877,0.4376233694448232,0.008098855188951964,0.019041178581694473,-0.2670327529841825,0.05176321077517873,0.0017759955712967372,-0.0019791385121540953,0.016308723470567766,-0.012453388350918113
2023-01-01,120,0.6438621508989619,0.005204766727387587,-0.12370907922186102,0.10778163516735995,-0.003613349305833383,0.00281556513033496,0.40208668490518323,0.00790756839956596,0.019525187363623586,-0.27806853633927686,0.05093499653085366,0.0015602437799739025,-0.0021623765037649904,0.016469947300956547,-0.012693050924624295
2023-02-01,120,0.6411848923878305,0.005191198291562049,-0.12034963391145809,0.11098769507126435,-0.003071920812555861,0.0025344107146789414,0.42054952704623094,0.007415816208059395,0.02099821069115606,-0.24121459838933476,0.051728527342892475,0.0013746765961268992,-0.0019949410993719717,0.015907782461756524,-0.012984673017644553
2023-03-01,120,0.6340774061786708,0.004881854677401654,-0.11623989779115732,0.08893234104375143,-0.005028382841660895,0.0021649750251050573,0.44861643712048094,0.008472848718178758,0.01802558704068635,-0.18754368077627814,0.05125716986094485,0.0019226698320067535,2.103930598598789e-05,0.01661715456561669,-0.012336312667242708
2023-04-01,120,0.6347975245103523,0.004692923041683185,-0.11450475613495235,0.07287782394978254,-0.005092805441511135,0.002525377228521337,0.4717258750378046,0.011088165315549722,0.016114829234048052,-0.19578061094185986,0.05050409930310944,0.001166449170131483,0.000973634557442698,0.016683040157299,-0.012026005801423852
2023-05-01,120,0.6349243209984818,0.004831686809316733,-0.11377376896536495,0.06555151537962574,-0.0049563934728413285,0.0022605215110755575,0.471900428883021,0.010870997329063473,0.016725036208017602,-0.21446372355395144,0.05143097728961434,0.0013439314856793678,0.0005704402714861983,0.016484656771803365,-0.012083519690948475
2023-06-01,120,0.6326988781888638,0.00434327813405507,-0.09085023425725249,0.03850167106758785,-0.0030360284938943365,0.002426928444769096,0.34311135184697533,0.011730996130897071,0.02410105135723198,-0.09332811531727442,0.055900635466974734,0.0021091855861739596,0.002755250326053861,0.01850236340773482,-0.01632801342570159
2023-07-01,120,0.635300676792094,0.003987106224195992,-0.09056563967745915,0.050900957471727154,-0.003456566626590777,0.0030573286815964067,0.3747311934151015,0.010953733164197184,0.02442103958696039,-0.04351980045656123,0.05516429742532416,0.0017638386607262135,0.004109155093665516,0.01827105553625232,-0.016531338001782876
2023-08-01,120,0.6340344560923368,0.003765349200023669,-0.09526562244083654,0.07067037558455391,-0.0033050051957968377,0.0036703934148694193,0.36147822148145325,0.009408198871802727,0.026304445086350065,-0.028419654846379067,0.05442997878915094,0.0017227216006122825,0.004079653608787503,0.01791856329159256,-0.016855511711590925
2023-09-01,120,0.6246908045235282,0.0036053405847760937,-0.09624481391196096,0.05515289525179404,-0.0017738896903097927,0.004196879078850668,0.299131329108165,0.00987702287290468,0.027298149835991277,-0.03616138783496681,0.0546033797528657,0.0021159245374086193,0.004384374625101684,0.018241739896138434,-0.01751650507810778
2023-10-01,120,0.6282750299690075,0.003716020926681619,-0.0961992042931115,0.05401223218488642,-0.0017770078411797731,0.004348181435702029,0.292546000178226,0.010493257279909081,0.026720163914868825,-0.05538196172287885,0.054581668690837755,0.0023215770348346916,0.004673522483418008,0.018545404137164875,-0.01776247261514592
2023-11-01,120,0.6302786533528411,0.0031703456378078332,-0.08398755527368582,0.07700696645386114,-0.0011062680993510644,0.0036609145507068078,0.31444481495908555,0.012213529202709017,0.026755088183746282,-0.026182181931092785,0.05267716342229946,0.0022741578470278825,0.00360533566830308,0.01888837193062587,-0.017193183716804547
2023-12-01,120,0.6333184333975718,0.0032284670935297894,-0.0824892848764141,0.07676802814790817,-0.001302988471221807,0.0035831766548107317,0.3174334081034032,0.01314095633093811,0.025977992239708578,-0.019840451053632163,0.05451562120467319,0.002068238350799446,0.0038487111200984237,0.018865636121554827,-0.01690716470385168
2024-01-01,120,0.6322812095072203,0.00329903351859263,-0.08196362079227046,0.0690593888347861,-0.0012627303423625499,0.003825333296552827,0.30380248319478426,0.013662035497032194,0.025642763566830037,-0.09214687075091421,0.057663935147976936,0.00290950352525275,0.0036813795966064086,0.018863614516486386,-0.01665155649805513
2024-02-01,120,0.6269960062121924,0.0029760844738439757,-0.0841213329918943,0.06085255862802749,-0.001234987149951303,0.0041179230142864304,0.33268705005708693,0.012768523926636645,0.026827832913945346,-0.09740945095415146,0.054638976710710545,0.0036603940504930464,0.0043856810610493156,0.01816108318991547,-0.01678584120705619
2024-03-01,120,0.6267605110452333,0.003108060877283074,-0.08363879758542905,0.06265328889291691,-0.0016984747744131883,0.004219693390956732,0.34550333834409647,0.013138446237603563,0.02661645772719448,-0.10359979446625522,0.055348451754653034,0.003662537234473391,0.004276662087105303,0.017840286987584955,-0.01644939068307268
2024-04-01,120,0.6240930097159021,0.0032601446724341123,-0.08766829955992243,0.058570415779741744,-0.0015252887140788703,0.004416523887748587,0.3349684000082389,0.012430276987392878,0.0270093303378595,-0.10215564029925689,0.053220997963917285,0.0032891844104790367,0.004164709379792198,0.017716681341824022,-0.016643650719205292
2024-05-01,120,0.6234276068404302,0.003530335429278467,-0.0863549576615374,0.022947083283742883,-0.000617424631615628,0.0034000929494833335,0.3101879235823316,0.012401573979075237,0.026994126681586555,-0.09801426463451024,0.053402896268575493,0.0035368553716817602,0.004151607221263953,0.01824371350566969,-0.017384387555559377
2024-06-01,120,0.6249456091053079,0.003666409441760581,-0.0830897586290614,0.018758074708477318,-0.0010788062815945566,0.0033924124128594255,0.322191570285617,0.01167950617059354,0.027507862016040135,-0.08356154927425397,0.05365021152977882,0.004089406885976728,0.00421309587561672,0.01844500622508107,-0.01788570729984021
2024-07-01,120,0.6289136498427492,0.004432500333595948,-0.09379464268940715,-0.052312754859119265,0.0001770337461825082,0.003595772503358639,0.27908228363703214,0.009779142019929172,0.02961131738672843,-0.084960572901574,0.05178727581421643,0.0043531815258393055,0.004533159179022013,0.0187859867130481,-0.020756545632288192
2024-08-01,120,0.6282799941031971,0.00433210929000963,-0.0944715552607094,-0.03896218266127653,-0.00017090231736755467,0.0036683184122764645,0.2812540561640223,0.010149640651206448,0.029417769379164307,-0.08316449159874942,0.05150762372826835,0.004395355652576486,0.004458233555823253,0.01870733991624191,-0.02042780212007555
2024-09-01,120,0.6239862677610883,0.004253251623797298,-0.09766382056802075,-0.025302391608461747,-0.0010903501987256127,0.0038261120781346745,0.27188661257855573,0.0092417415439354,0.02976279512373936,-0.0436907728893437,0.05000331637561214,0.003817774263881373,0.004629031961206783,0.018736836375575865,-0.02022597548930969
2024-10-01,120,0.6214165391260531,0.004172864969201589,-0.0969495071358758,-0.018215900619018136,-0.001098763258614105,0.0037608263449937845,0.2901592244364024,0.009777337696013353,0.02908961717252831,-0.0240833942270047,0.05062417978615447,0.0037331329254302057,0.004639602948510227,0.018620140660894423,-0.019982314977990683
2024-11-01,120,0.6250844603361123,0.003945490263797033,-0.09193890781720773,0.012412000261882217,-0.0011605676156765145,0.004195905776161168,0.26423867575591053,0.012177360704201608,0.02879714808918319,-0.08760027497600287,0.05227537707604839,0.003993441811113989,0.0037395229702864366,0.018527197314421408,-0.018690457829794952
2024-12-01,120,0.6162431171753403,0.00306049179324337,-0.07737605987642143,0.07831741263396311,-0.000569663625744822,0.004450309584374234,0.21870218732214147,0.012107360969550316,0.02980546080022036,-0.12285151531956251,0.05222196248593107,0.004294444526949658,0.0027526983645222002,0.018185798565860646,-0.01579684944618931
2025-01-01,120,0.6152422795225615,0.0030693617192355787,-0.08350076220350336,0.068009461717918,-0.0008916852439152956,0.004455775472765312,0.23148352786124338,0.011283724010554724,0.03048385035691513,-0.10350223114563095,0.05363952646208759,0.004747521523437062,0.0028339831511269096,0.018021767572382698,-0.01659005966408761
2025-02-01,120,0.6167765693395892,0.0029008689808227724,-0.08165020950034102,0.06660602228904543,-0.0003367728521178996,0.004200959549458859,0.21310108440831194,0.011355817508287756,0.028196173915507456,-0.10460171339436078,0.05371409314260005,0.004114722785895539,0.00259271756735004,0.019118482438660087,-0.01620448416594941
2025-03-01,120,0.6190721450327132,0.0025974689535681788,-0.09451094704705432,0.058131995015502425,-0.0003373920288622014,0.004617044359561808,0.1727986681417248,0.012949643227028766,0.026692373455329314,-0.06690312010948529,0.049643446802935844,0.0029114179977218603,0.004314378253989082,0.01910881735783137,-0.015952748301558066
2025-04-01,120,0.6220882127440746,0.002756765218880278,-0.09204533352963065,0.07866166474728696,0.00010955944282643217,0.004799425188783068,0.1196167302782356,0.012978224277938462,0.0274485094894196,-0.09610986298164548,0.0488499258042281,0.002813527714268501,0.004151757415608085,0.01941644912039228,-0.01583565533188927
2025-05-01,120,0.6236200610482009,0.0030181517234905727,-0.09323094386489862,0.09296719795671732,0.0008213159275473059,0.004473766624019325,0.07539378899610125,0.010905004173361267,0.02815951990898835,-0.10299432313730572,0.04828812106622053,0.003373891109593354,0.0031626255473176414,0.019936629454481346,-0.016145687624933854
2025-06-01,120,0.6246820546694773,0.002681088128040913,-0.09423218615900263,0.10670924002238674,0.000659387804782495,0.004840673521597852,0.08490657889850686,0.010836490590316909,0.028042506772927776,-0.09285975895712906,0.046743803719888094,0.0036074181640829506,0.003372070888230541,0.0196451250885673,-0.015600984393850107
2025-07-01,120,0.6221045366633204,0.0026848951091535565,-0.08465449927875665,0.06912402387525315,0.001114554154904867,0.004742281616500594,0.03801060032239245,0.01170745087896495,0.029133800968699088,-0.08854912980789631,0.04551839548038396,0.0025233373965451366,0.0038138905481705848,0.019647108314449817,-0.01505117219411755
2025-08-01,120,0.6095030837054396,0.0026788768020408037,-0.06647978612481155,0.026335815457109592,0.00031121205831639766,0.004330519795447714,0.06591969259369668,0.01051327532676154,0.03103630374957427,-0.08817651965242773,0.049730976988501645,0.002247494133066558,0.003844174031330039,0.0180552055982324,-0.012818052542523235
2025-09-01,120,0.6136741166338933,0.0025428460854223195,-0.0652125708979196,0.05049710644474862,3.662677228909346e-05,0.0043996256418040985,0.06736592633836777,0.01175661303770181,0.029983857761067503,-0.08974044845324847,0.0505537719870363,0.002398527715163839,0.004557365908252131,0.018233132613991516,-0.012517086870238931
2025-10-01,120,0.623337056564653,0.00272326465982679,-0.07447798497877704,0.07635851779301732,0.0005219140129610828,0.005078727795021018,0.009215868657912754,0.007137618518031755,0.03074626036288689,-0.08247134384513166,0.04687762103543486,0.0025278425440290577,0.006383419172705156,0.01919902304873319,-0.013961804303413218
2025-11-01,120,0.6242812196785772,0.0025756503265716626,-0.07088588968355897,0.07946851099348573,0.0004084286104058133,0.004989416866606448,-0.013900549324368287,0.00700117645327087,0.03146498241519895,-0.09461511619598989,0.048592063686369064,0.0024947268780672865,0.005779626981658174,0.01920582738022339,-0.013353157043866887
2025-12-01,120,0.6183547724119198,0.00186071064761435,-0.06347640406323024,0.09496296706617434,-0.0022050715057142156,0.004408625724750906,0.03737303012444528,0.009577796449309525,0.02799358297111363,-0.09700589173675339,0.04557070233423595,0.002320004114639714,0.005767334630961104,0.018743882912702375,-0.00970691719313832
2026-01-01,120,0.6350883934547211,0.002357533614911903,-0.09199799244567793,0.10135052485205694,-0.00011673217950623933,0.005180567533257529,0.051745296655778684,0.006628455687417635,0.030818875875350094,-0.10291509781426922,0.035730708846382186,0.0031519508632940696,0.0046646952110559374,0.0196150651788023,-0.015110162284141495
2026-02-01,120,0.6347958138804235,0.002251451099488719,-0.10103673437362344,0.0969359238568348,-0.0004784396086547514,0.004970513896917978,0.0834155811297887,0.007798298846512836,0.028748624741029183,-0.0669258788195819,0.03373641329629316,0.0027497397128388263,0.00520931446925254,0.0194486852506573,-0.015015750276688687
2026-03-01,120,0.6110524729928175,0.0020524083738635117,-0.11655970673381404,0.11148093073962283,-0.0029356102491221014,0.00471079694226716,0.10964546245729834,0.005251648789796794,0.029551948516233786,-0.09452498820093763,0.02842310408123966,0.0027168570185451754,0.004436953574714619,0.018545480059518185,-0.013958544653079209
